-4.108970260620117188e+01,-3.654024505615234375e+01,-3.100335502624511719e+01,-3.598514556884765625e+01,-1.381979942321777344e+01,-1.000949668884277344e+01,-1.843530654907226562e+01,-1.814816665649414062e+01,-3.684939575195312500e+01,-3.754412078857421875e+01,-5.510801315307617188e+01,-4.912332916259765625e+01,-6.443656921386718750e+01,-5.524728393554687500e+01,-6.684096527099609375e+01,-5.839063262939453125e+01,-6.595813751220703125e+01,-6.012495422363281250e+01,-6.365374755859375000e+01,-6.075795364379882812e+01,-6.000249481201171875e+01,-6.051474380493164062e+01,-5.656697082519531250e+01,-5.947929382324218750e+01,-5.565313339233398438e+01,-5.968902587890625000e+01,-5.505735778808593750e+01,-5.978343963623046875e+01,-5.563385009765625000e+01,-5.998231506347656250e+01,-5.569849395751953125e+01,-5.986755752563476562e+01,-5.697215270996093750e+01,-6.046853256225585938e+01,-5.724721527099609375e+01,-5.941197967529296875e+01,-5.749958419799804688e+01,-5.852171325683593750e+01,-5.623350143432617188e+01,-5.612490844726562500e+01,-5.432594680786132812e+01,-5.368980789184570312e+01,-5.141143035888671875e+01,-5.065603256225585938e+01,-4.759856414794921875e+01,-4.852475738525390625e+01,-4.552082061767578125e+01,-4.573614883422851562e+01,-4.416670608520507812e+01,-4.548971939086914062e+01,-4.347679138183593750e+01,-4.265494537353515625e+01,-4.023465347290039062e+01,-3.940354156494140625e+01,-3.650495910644531250e+01,-3.709836578369140625e+01,-3.458185577392578125e+01,-3.621892547607421875e+01,-3.487881469726562500e+01,-3.751960372924804688e+01,-3.863337707519531250e+01,-4.140645980834960938e+01,-4.602153396606445312e+01,-4.906816101074218750e+01,-5.430915069580078125e+01,-5.862949752807617188e+01,-6.387893676757812500e+01,-6.659786987304687500e+01,-6.736152648925781250e+01,-6.781810760498046875e+01,-6.540191650390625000e+01,-6.347087097167968750e+01,-5.504429626464843750e+01,-5.017243957519531250e+01,-4.503712463378906250e+01,-4.335040283203125000e+01,-3.673587799072265625e+01,-3.605522537231445312e+01,-3.474063491821289062e+01,-3.444271850585937500e+01,-3.419214630126953125e+01,-3.371637344360351562e+01,-3.576414108276367188e+01,-3.875214767456054688e+01,-3.985956573486328125e+01,-4.521128082275390625e+01,-4.635906982421875000e+01,-5.245527267456054688e+01,-4.608978271484375000e+01,-5.686540985107421875e+01,-5.452659225463867188e+01,-5.838228225708007812e+01,-4.727325057983398438e+01,-5.985118103027343750e+01,-6.109510421752929688e+01,-6.351989746093750000e+01,-5.570278167724609375e+01,-6.627341461181640625e+01,-6.528038024902343750e+01,-6.096614074707031250e+01,-5.198746871948242188e+01,-6.320420074462890625e+01,-6.004338455200195312e+01,-5.201386260986328125e+01,-4.523414993286132812e+01,-6.144248962402343750e+01,-6.271827316284179688e+01,-5.774231338500976562e+01,-5.722969055175781250e+01,-6.446246337890625000e+01,-7.125962829589843750e+01,-6.361221694946289062e+01
-2.124552726745605469e+01,-4.109474182128906250e+01,-4.034950637817382812e+01,-5.739359283447265625e+01,-4.062766647338867188e+01,-4.393590164184570312e+01,-5.530735397338867188e+01,-5.765119934082031250e+01,-6.616363525390625000e+01,-6.439427947998046875e+01,-7.045132446289062500e+01,-6.789282989501953125e+01,-7.143562316894531250e+01,-6.756946563720703125e+01,-7.056954956054687500e+01,-6.738265991210937500e+01,-6.908080291748046875e+01,-6.721226501464843750e+01,-6.780097961425781250e+01,-6.755035400390625000e+01,-6.587680053710937500e+01,-6.747964477539062500e+01,-6.363681030273437500e+01,-6.727993774414062500e+01,-6.193948745727539062e+01,-6.664367675781250000e+01,-6.090975952148437500e+01,-6.590731811523437500e+01,-6.018096923828125000e+01,-6.452374267578125000e+01,-5.821153259277343750e+01,-6.178134155273437500e+01,-5.569988632202148438e+01,-5.901987457275390625e+01,-5.102095413208007812e+01,-5.371257781982421875e+01,-4.616662216186523438e+01,-4.875181579589843750e+01,-3.988791275024414062e+01,-4.175020980834960938e+01,-3.389262390136718750e+01,-3.555930328369140625e+01,-2.832276153564453125e+01,-3.001625061035156250e+01,-2.455695533752441406e+01,-2.793174552917480469e+01,-2.351475906372070312e+01,-2.681583023071289062e+01,-2.383285903930664062e+01,-2.870194053649902344e+01,-2.554603576660156250e+01,-2.795543289184570312e+01,-2.651804542541503906e+01,-2.793169784545898438e+01,-2.779653549194335938e+01,-2.732735443115234375e+01,-2.831523132324218750e+01,-2.644516372680664062e+01,-2.824362754821777344e+01,-2.760827445983886719e+01,-3.072260665893554688e+01,-3.462506103515625000e+01,-4.157791137695312500e+01,-5.058013153076171875e+01,-5.618140411376953125e+01,-6.554647064208984375e+01,-6.926146697998046875e+01,-7.418498229980468750e+01,-7.253781127929687500e+01,-7.269964599609375000e+01,-6.885864257812500000e+01,-6.885824584960937500e+01,-5.522990417480468750e+01,-5.161408615112304688e+01,-4.257771682739257812e+01,-4.066687011718750000e+01,-3.001841735839843750e+01,-3.177191352844238281e+01,-2.731485366821289062e+01,-2.958877182006835938e+01,-2.422021102905273438e+01,-2.673509025573730469e+01,-2.652771949768066406e+01,-3.291658020019531250e+01,-2.916795730590820312e+01,-3.747828674316406250e+01,-4.269201660156250000e+01,-5.001950836181640625e+01,-4.666807556152343750e+01,-5.652379226684570312e+01,-6.387599563598632812e+01,-6.646919250488281250e+01,-6.459339141845703125e+01,-7.049154663085937500e+01,-7.650672912597656250e+01,-7.687884521484375000e+01,-7.652852630615234375e+01,-7.785157012939453125e+01,-7.909978485107421875e+01,-7.881453704833984375e+01,-7.776928710937500000e+01,-7.794287109375000000e+01,-7.885612487792968750e+01,-7.808988952636718750e+01,-7.626718139648437500e+01,-7.499995422363281250e+01,-7.764860534667968750e+01,-7.727220153808593750e+01,-7.521374511718750000e+01,-7.487327575683593750e+01,-7.829255676269531250e+01,-7.932177734375000000e+01
-5.791991424560546875e+01,-5.483078765869140625e+01,-1.328188323974609375e+01,-3.668383789062500000e+01,-2.424065399169921875e+01,-2.481040191650390625e+01,-4.502706909179687500e+01,-3.861205291748046875e+01,-5.817101669311523438e+01,-5.146226501464843750e+01,-6.736322021484375000e+01,-6.041210556030273438e+01,-7.204122924804687500e+01,-6.190985870361328125e+01,-7.254023742675781250e+01,-6.218156814575195312e+01,-7.088409423828125000e+01,-6.021752166748046875e+01,-6.751657867431640625e+01,-5.708715820312500000e+01,-6.183042907714843750e+01,-5.160894012451171875e+01,-5.517634582519531250e+01,-4.664360427856445312e+01,-4.747134780883789062e+01,-4.114463806152343750e+01,-4.083838653564453125e+01,-3.746097564697265625e+01,-3.562037658691406250e+01,-3.350546264648437500e+01,-3.122572135925292969e+01,-2.924985885620117188e+01,-2.714893531799316406e+01,-2.619053268432617188e+01,-2.376761245727539062e+01,-2.268331527709960938e+01,-2.120473861694335938e+01,-2.122497177124023438e+01,-1.923545646667480469e+01,-1.920409774780273438e+01,-1.729002380371093750e+01,-1.803820037841796875e+01,-1.585473060607910156e+01,-1.681406021118164062e+01,-1.498690605163574219e+01,-1.773553466796875000e+01,-1.633636856079101562e+01,-1.944855880737304688e+01,-1.898131179809570312e+01,-2.309037208557128906e+01,-2.311703109741210938e+01,-2.563034820556640625e+01,-2.633630371093750000e+01,-2.897452545166015625e+01,-2.931015777587890625e+01,-3.033536720275878906e+01,-3.211226654052734375e+01,-3.078651237487792969e+01,-3.325334930419921875e+01,-3.195490074157714844e+01,-3.864464569091796875e+01,-3.819659042358398438e+01,-4.712356567382812500e+01,-5.047605133056640625e+01,-5.910256958007812500e+01,-6.323308563232421875e+01,-6.850910186767578125e+01,-7.103163146972656250e+01,-7.106215667724609375e+01,-6.836917114257812500e+01,-6.724139404296875000e+01,-6.373974609375000000e+01,-5.587981414794921875e+01,-4.900954818725585938e+01,-4.095341873168945312e+01,-4.234769058227539062e+01,-3.425202941894531250e+01,-3.480526351928710938e+01,-3.260583114624023438e+01,-3.654406738281250000e+01,-3.277456283569335938e+01,-3.644193649291992188e+01,-3.497037124633789062e+01,-4.488924026489257812e+01,-3.980045700073242188e+01,-4.884169006347656250e+01,-4.555522537231445312e+01,-5.770516204833984375e+01,-4.789549255371093750e+01,-6.033676528930664062e+01,-5.754335403442382812e+01,-6.687278747558593750e+01,-5.946630096435546875e+01,-7.121287536621093750e+01,-7.359230041503906250e+01,-7.614317321777343750e+01,-7.466383361816406250e+01,-7.720698547363281250e+01,-7.729046630859375000e+01,-7.773813629150390625e+01,-7.664123535156250000e+01,-7.751959991455078125e+01,-7.662641906738281250e+01,-7.667544555664062500e+01,-7.521063232421875000e+01,-7.651138305664062500e+01,-7.687339782714843750e+01,-7.773694610595703125e+01,-7.729387664794921875e+01,-7.634552001953125000e+01,-7.805100250244140625e+01,-7.837840270996093750e+01
-1.840233230590820312e+01,-2.082786178588867188e+01,-2.348896026611328125e+00,-7.997116088867187500e+00,-3.691604614257812500e+00,-5.466209411621093750e+00,-1.424136734008789062e+01,-1.808142089843750000e+01,-3.394392776489257812e+01,-3.818426132202148438e+01,-5.283139801025390625e+01,-5.075380706787109375e+01,-6.312435531616210938e+01,-5.581276702880859375e+01,-6.718806457519531250e+01,-5.818881988525390625e+01,-6.597052001953125000e+01,-5.755500030517578125e+01,-6.286072158813476562e+01,-5.501427078247070312e+01,-5.433730316162109375e+01,-4.712045288085937500e+01,-4.230231475830078125e+01,-3.799374771118164062e+01,-2.844818878173828125e+01,-2.929793167114257812e+01,-2.053824615478515625e+01,-2.340184974670410156e+01,-1.566028594970703125e+01,-1.871290397644042969e+01,-1.275977134704589844e+01,-1.576121330261230469e+01,-1.107689857482910156e+01,-1.420518684387207031e+01,-1.059623908996582031e+01,-1.393324851989746094e+01,-1.120281600952148438e+01,-1.443976974487304688e+01,-1.223708724975585938e+01,-1.552799987792968750e+01,-1.397447967529296875e+01,-1.619111633300781250e+01,-1.532732391357421875e+01,-1.657944107055664062e+01,-1.650106048583984375e+01,-1.776122283935546875e+01,-1.788624954223632812e+01,-1.957500839233398438e+01,-2.113138580322265625e+01,-2.332103347778320312e+01,-2.432935523986816406e+01,-2.571356964111328125e+01,-2.719869422912597656e+01,-2.617607116699218750e+01,-2.665279388427734375e+01,-2.365935325622558594e+01,-2.449746894836425781e+01,-2.071815299987792969e+01,-2.119619941711425781e+01,-2.052517700195312500e+01,-2.588478088378906250e+01,-2.552899169921875000e+01,-3.319615936279296875e+01,-3.883213424682617188e+01,-5.088413238525390625e+01,-5.597046661376953125e+01,-6.419443511962890625e+01,-6.916442871093750000e+01,-7.259805297851562500e+01,-6.975925445556640625e+01,-7.163245391845703125e+01,-6.866702270507812500e+01,-6.849308776855468750e+01,-6.101242065429687500e+01,-5.771076965332031250e+01,-5.474134063720703125e+01,-5.479774475097656250e+01,-4.850465774536132812e+01,-4.846034622192382812e+01,-4.763504791259765625e+01,-4.859078979492187500e+01,-4.788847351074218750e+01,-5.071099853515625000e+01,-5.492428970336914062e+01,-5.522503662109375000e+01,-5.964258575439453125e+01,-5.829096984863281250e+01,-6.504944610595703125e+01,-6.070259857177734375e+01,-6.555956268310546875e+01,-6.169182586669921875e+01,-6.776473999023437500e+01,-6.398457336425781250e+01,-6.865804290771484375e+01,-7.033683776855468750e+01,-7.382339477539062500e+01,-7.217169189453125000e+01,-7.432238769531250000e+01,-7.427780151367187500e+01,-7.567079162597656250e+01,-7.428575897216796875e+01,-7.489125823974609375e+01,-7.431729125976562500e+01,-7.452543640136718750e+01,-7.370785522460937500e+01,-7.440905761718750000e+01,-7.639038085937500000e+01,-7.539090728759765625e+01,-7.762193298339843750e+01,-7.369183349609375000e+01,-7.440300750732421875e+01,-7.420021820068359375e+01
-1.001083374023437500e+00,-1.488189697265625000e+00,-3.241958618164062500e-01,-1.850925445556640625e+00,-1.003448486328125000e+00,-1.322505950927734375e+00,-4.580356597900390625e+00,-4.426010131835937500e+00,-1.016778945922851562e+01,-9.850124359130859375e+00,-1.818273735046386719e+01,-1.483194541931152344e+01,-2.525266838073730469e+01,-1.942834663391113281e+01,-3.062613677978515625e+01,-2.566844367980957031e+01,-3.416525268554687500e+01,-2.968331527709960938e+01,-3.492262649536132812e+01,-3.004459381103515625e+01,-2.868618392944335938e+01,-2.388593482971191406e+01,-1.887610626220703125e+01,-1.615698814392089844e+01,-1.047516822814941406e+01,-1.087530326843261719e+01,-6.316314697265625000e+00,-7.676692962646484375e+00,-4.473785400390625000e+00,-5.750862121582031250e+00,-3.631195068359375000e+00,-5.228099822998046875e+00,-3.768424987792968750e+00,-5.882804870605468750e+00,-4.905555725097656250e+00,-8.165519714355468750e+00,-7.585987091064453125e+00,-1.259239387512207031e+01,-1.237763595581054688e+01,-1.987423896789550781e+01,-2.014431571960449219e+01,-2.808923339843750000e+01,-2.733186340332031250e+01,-3.334975814819335938e+01,-3.142037963867187500e+01,-3.579159545898437500e+01,-3.322801971435546875e+01,-3.694556045532226562e+01,-3.526464462280273438e+01,-3.841110992431640625e+01,-3.558334350585937500e+01,-3.797704696655273438e+01,-3.439693069458007812e+01,-3.470344161987304688e+01,-2.908204650878906250e+01,-2.864080429077148438e+01,-2.313556289672851562e+01,-2.133115577697753906e+01,-1.698636054992675781e+01,-1.679055404663085938e+01,-1.752866363525390625e+01,-1.950075912475585938e+01,-2.477391242980957031e+01,-3.075318145751953125e+01,-4.300678253173828125e+01,-5.316173553466796875e+01,-6.435687255859375000e+01,-6.904142761230468750e+01,-7.299080657958984375e+01,-7.188977813720703125e+01,-7.166796875000000000e+01,-6.884859466552734375e+01,-6.770240783691406250e+01,-6.077266693115234375e+01,-5.635266876220703125e+01,-5.376416397094726562e+01,-5.142710876464843750e+01,-4.870217895507812500e+01,-4.558721923828125000e+01,-4.733551025390625000e+01,-4.968249511718750000e+01,-4.749338912963867188e+01,-5.266459274291992188e+01,-5.476523590087890625e+01,-5.980984115600585938e+01,-5.930445098876953125e+01,-6.463542938232421875e+01,-6.744754028320312500e+01,-6.945746612548828125e+01,-6.848602294921875000e+01,-7.229660034179687500e+01,-7.398568725585937500e+01,-7.472480010986328125e+01,-7.416459655761718750e+01,-7.801919555664062500e+01,-7.811572265625000000e+01,-7.851687622070312500e+01,-7.697431945800781250e+01,-7.910369873046875000e+01,-7.860879516601562500e+01,-7.906901550292968750e+01,-7.728083038330078125e+01,-7.926066589355468750e+01,-7.894398498535156250e+01,-7.939924621582031250e+01,-7.838427734375000000e+01,-7.957328796386718750e+01,-7.921569061279296875e+01,-7.939062500000000000e+01,-7.709819030761718750e+01,-7.807334136962890625e+01,-7.786193847656250000e+01
-1.893024444580078125e+00,-1.758354187011718750e+00,-4.403839111328125000e-01,-1.385913848876953125e+00,-1.022155761718750000e+00,-1.362281799316406250e+00,-4.020755767822265625e+00,-5.148300170898437500e+00,-1.158701133728027344e+01,-1.339616775512695312e+01,-2.376950836181640625e+01,-2.294004249572753906e+01,-3.550012969970703125e+01,-2.912814331054687500e+01,-4.134901428222656250e+01,-3.153502273559570312e+01,-4.291345214843750000e+01,-3.261123657226562500e+01,-4.005874252319335938e+01,-2.976149940490722656e+01,-3.048274993896484375e+01,-2.271359634399414062e+01,-1.827157974243164062e+01,-1.492318344116210938e+01,-1.063015937805175781e+01,-1.003175354003906250e+01,-6.626323699951171875e+00,-6.899017333984375000e+00,-5.101848602294921875e+00,-5.919143676757812500e+00,-4.616409301757812500e+00,-5.794879913330078125e+00,-5.104022979736328125e+00,-6.950416564941406250e+00,-6.741813659667968750e+00,-9.326303482055664062e+00,-1.006576919555664062e+01,-1.380950546264648438e+01,-1.532547760009765625e+01,-2.018277168273925781e+01,-2.275913619995117188e+01,-2.719799804687500000e+01,-2.929942321777343750e+01,-3.219441223144531250e+01,-3.314551544189453125e+01,-3.494421005249023438e+01,-3.370242309570312500e+01,-3.611680984497070312e+01,-3.423709869384765625e+01,-3.731083679199218750e+01,-3.420271301269531250e+01,-3.686320877075195312e+01,-3.489545059204101562e+01,-3.488435363769531250e+01,-3.277712249755859375e+01,-3.094813537597656250e+01,-3.138966369628906250e+01,-2.531141281127929688e+01,-2.543977546691894531e+01,-2.135104560852050781e+01,-2.498457336425781250e+01,-2.257477951049804688e+01,-3.084537315368652344e+01,-3.388220596313476562e+01,-4.626252746582031250e+01,-5.096160888671875000e+01,-6.216262054443359375e+01,-6.594662475585937500e+01,-6.873988342285156250e+01,-6.512517547607421875e+01,-6.485755920410156250e+01,-6.113971710205078125e+01,-5.718318939208984375e+01,-5.005818939208984375e+01,-4.682381057739257812e+01,-4.810233306884765625e+01,-4.638780212402343750e+01,-4.646659088134765625e+01,-4.441925430297851562e+01,-4.852415084838867188e+01,-4.989388275146484375e+01,-4.997018051147460938e+01,-5.420072174072265625e+01,-5.837035369873046875e+01,-6.213360214233398438e+01,-6.285993957519531250e+01,-6.615647888183593750e+01,-7.038240051269531250e+01,-6.903926849365234375e+01,-6.988362884521484375e+01,-7.050068664550781250e+01,-7.452279663085937500e+01,-7.192863464355468750e+01,-7.432296752929687500e+01,-7.665625762939453125e+01,-7.835391235351562500e+01,-7.737271881103515625e+01,-7.819992065429687500e+01,-7.863389587402343750e+01,-7.913157653808593750e+01,-7.877455139160156250e+01,-7.906605529785156250e+01,-7.926681518554687500e+01,-7.962338256835937500e+01,-7.948728942871093750e+01,-7.966072082519531250e+01,-7.977999877929687500e+01,-7.981529235839843750e+01,-7.966227722167968750e+01,-7.934806823730468750e+01,-7.922862243652343750e+01,-7.898991394042968750e+01
-3.958698272705078125e+00,-1.258100509643554688e+01,-1.180015182495117188e+01,-3.224494934082031250e+01,-2.622506141662597656e+01,-3.156694412231445312e+01,-3.721776199340820312e+01,-4.299263763427734375e+01,-4.527299118041992188e+01,-5.132215881347656250e+01,-5.451885986328125000e+01,-5.710878753662109375e+01,-5.947271347045898438e+01,-5.594105911254882812e+01,-5.895065307617187500e+01,-5.295863723754882812e+01,-5.597785949707031250e+01,-4.786515426635742188e+01,-5.086392211914062500e+01,-4.222253036499023438e+01,-4.235512161254882812e+01,-3.313754653930664062e+01,-3.056523132324218750e+01,-2.511513137817382812e+01,-2.041834068298339844e+01,-1.891930770874023438e+01,-1.467704772949218750e+01,-1.580509567260742188e+01,-1.245017051696777344e+01,-1.387766647338867188e+01,-1.177159881591796875e+01,-1.351789474487304688e+01,-1.193840026855468750e+01,-1.391907119750976562e+01,-1.307543945312500000e+01,-1.498041534423828125e+01,-1.481627464294433594e+01,-1.645239639282226562e+01,-1.693067741394042969e+01,-1.856960678100585938e+01,-1.988855743408203125e+01,-2.075254631042480469e+01,-2.285062026977539062e+01,-2.319959259033203125e+01,-2.662452697753906250e+01,-2.580359840393066406e+01,-3.025243759155273438e+01,-2.935004806518554688e+01,-3.397683334350585938e+01,-3.357433700561523438e+01,-3.822152709960937500e+01,-3.665818786621093750e+01,-4.322010040283203125e+01,-3.992572402954101562e+01,-4.724015808105468750e+01,-4.250609588623046875e+01,-5.239674377441406250e+01,-4.569398498535156250e+01,-5.317795562744140625e+01,-4.681072616577148438e+01,-5.596007537841796875e+01,-5.146662902832031250e+01,-5.985863876342773438e+01,-5.884108734130859375e+01,-6.612467956542968750e+01,-6.712959289550781250e+01,-7.104844665527343750e+01,-7.143284606933593750e+01,-7.085690307617187500e+01,-6.769187927246093750e+01,-6.568264770507812500e+01,-6.265263366699218750e+01,-5.306463623046875000e+01,-4.766392517089843750e+01,-4.346566009521484375e+01,-4.557997894287109375e+01,-4.333226394653320312e+01,-4.370476531982421875e+01,-4.306623458862304688e+01,-4.651250457763671875e+01,-4.677070617675781250e+01,-4.998252105712890625e+01,-5.303071975708007812e+01,-5.892498016357421875e+01,-6.118606185913085938e+01,-6.503773498535156250e+01,-6.487882995605468750e+01,-6.980862426757812500e+01,-6.745360565185546875e+01,-7.019093322753906250e+01,-6.691092681884765625e+01,-7.231604003906250000e+01,-6.887692260742187500e+01,-7.324913024902343750e+01,-7.278146362304687500e+01,-7.635169219970703125e+01,-7.426457214355468750e+01,-7.586363983154296875e+01,-7.425384521484375000e+01,-7.716157531738281250e+01,-7.519027709960937500e+01,-7.672749328613281250e+01,-7.400016784667968750e+01,-7.738005065917968750e+01,-7.722740173339843750e+01,-7.880732727050781250e+01,-7.833862304687500000e+01,-7.924366760253906250e+01,-7.870295715332031250e+01,-7.890671539306640625e+01,-7.804664611816406250e+01,-7.880150604248046875e+01
-1.482889938354492188e+01,-3.548917388916015625e+01,-2.501879692077636719e+01,-4.369333267211914062e+01,-4.296389770507812500e+01,-4.099714660644531250e+01,-5.755472564697265625e+01,-5.155178070068359375e+01,-6.476353454589843750e+01,-5.779369354248046875e+01,-6.819168090820312500e+01,-6.078317260742187500e+01,-6.847682189941406250e+01,-5.834565353393554688e+01,-6.547732543945312500e+01,-5.464600753784179688e+01,-6.117190551757812500e+01,-4.838063812255859375e+01,-5.430374908447265625e+01,-4.032344436645507812e+01,-4.577944946289062500e+01,-3.212588882446289062e+01,-3.632715988159179688e+01,-2.848656463623046875e+01,-2.934394454956054688e+01,-2.562959289550781250e+01,-2.575000762939453125e+01,-2.487677192687988281e+01,-2.429597282409667969e+01,-2.362152862548828125e+01,-2.291186714172363281e+01,-2.295211029052734375e+01,-2.227710914611816406e+01,-2.245154571533203125e+01,-2.088514709472656250e+01,-2.130973815917968750e+01,-2.031584548950195312e+01,-2.080966949462890625e+01,-1.938945007324218750e+01,-2.007741165161132812e+01,-1.921490478515625000e+01,-1.991267013549804688e+01,-1.895614814758300781e+01,-2.006233215332031250e+01,-2.014787101745605469e+01,-2.206968116760253906e+01,-2.261985015869140625e+01,-2.597575187683105469e+01,-2.668169403076171875e+01,-3.146112060546875000e+01,-3.162496185302734375e+01,-3.475321197509765625e+01,-3.541666030883789062e+01,-3.698467254638671875e+01,-3.708790206909179688e+01,-3.563705444335937500e+01,-3.622412872314453125e+01,-3.117882919311523438e+01,-3.221397781372070312e+01,-2.821602630615234375e+01,-3.120611572265625000e+01,-3.119529724121093750e+01,-3.797458267211914062e+01,-4.267430496215820312e+01,-5.258042907714843750e+01,-5.973145294189453125e+01,-6.700159454345703125e+01,-6.930420684814453125e+01,-7.122251892089843750e+01,-7.059938049316406250e+01,-7.085043334960937500e+01,-6.491091918945312500e+01,-6.080200195312500000e+01,-5.198472976684570312e+01,-4.812063598632812500e+01,-4.256549835205078125e+01,-4.101368331909179688e+01,-3.932946014404296875e+01,-3.882883834838867188e+01,-3.880394363403320312e+01,-3.969708251953125000e+01,-4.198090744018554688e+01,-4.435459899902343750e+01,-4.825143814086914062e+01,-5.355940628051757812e+01,-5.751753997802734375e+01,-5.981135177612304688e+01,-6.329200363159179688e+01,-6.574429321289062500e+01,-6.680345153808593750e+01,-6.550298309326171875e+01,-6.765092468261718750e+01,-6.869295501708984375e+01,-6.957878875732421875e+01,-6.893112182617187500e+01,-6.921941375732421875e+01,-7.103880310058593750e+01,-6.780816650390625000e+01,-6.520774841308593750e+01,-6.539983367919921875e+01,-6.998487091064453125e+01,-6.616465759277343750e+01,-6.479779052734375000e+01,-6.673469543457031250e+01,-7.407762145996093750e+01,-7.410420989990234375e+01,-7.315323638916015625e+01,-7.208935546875000000e+01,-7.624099731445312500e+01,-7.454846191406250000e+01,-7.053527832031250000e+01,-6.939376831054687500e+01
-4.133259963989257812e+01,-6.669392395019531250e+01,-5.091222000122070312e+01,-6.877976226806640625e+01,-6.332668685913085938e+01,-6.371741867065429688e+01,-6.301002883911132812e+01,-6.625750732421875000e+01,-6.546565246582031250e+01,-6.515757751464843750e+01,-6.442938232421875000e+01,-6.146606445312500000e+01,-6.110122680664062500e+01,-5.671778869628906250e+01,-5.823112487792968750e+01,-5.352083969116210938e+01,-5.267145538330078125e+01,-4.904086303710937500e+01,-4.638473892211914062e+01,-4.524650955200195312e+01,-4.246831893920898438e+01,-4.176504898071289062e+01,-3.964272689819335938e+01,-4.154627609252929688e+01,-3.782529067993164062e+01,-4.141223144531250000e+01,-3.792647171020507812e+01,-4.281836700439453125e+01,-3.865792083740234375e+01,-4.200674819946289062e+01,-3.872629928588867188e+01,-4.105996704101562500e+01,-3.785425567626953125e+01,-3.856177902221679688e+01,-3.416677474975585938e+01,-3.551551055908203125e+01,-3.121376609802246094e+01,-3.230099868774414062e+01,-2.738955307006835938e+01,-2.984246063232421875e+01,-2.522657203674316406e+01,-2.779116058349609375e+01,-2.313945007324218750e+01,-2.610974502563476562e+01,-2.174693870544433594e+01,-2.490898323059082031e+01,-2.180514144897460938e+01,-2.461549758911132812e+01,-2.104667282104492188e+01,-2.454456901550292969e+01,-2.058315467834472656e+01,-2.291452789306640625e+01,-1.885529327392578125e+01,-2.138393020629882812e+01,-1.766572761535644531e+01,-1.781536102294921875e+01,-1.450469589233398438e+01,-1.516366195678710938e+01,-1.180138015747070312e+01,-1.379458999633789062e+01,-1.351658821105957031e+01,-2.048608398437500000e+01,-2.591981506347656250e+01,-4.369364547729492188e+01,-5.533528137207031250e+01,-6.828701782226562500e+01,-7.368693542480468750e+01,-7.539994812011718750e+01,-7.636296844482421875e+01,-7.354950714111328125e+01,-7.342352294921875000e+01,-6.668512725830078125e+01,-6.535258483886718750e+01,-4.833889770507812500e+01,-4.964123153686523438e+01,-3.829355621337890625e+01,-3.915134811401367188e+01,-2.906189918518066406e+01,-3.186222076416015625e+01,-2.984291839599609375e+01,-3.023328781127929688e+01,-3.046234512329101562e+01,-3.555776214599609375e+01,-3.903996276855468750e+01,-4.477479934692382812e+01,-4.702114486694335938e+01,-5.546411132812500000e+01,-5.671554565429687500e+01,-5.963117980957031250e+01,-5.776183700561523438e+01,-6.177345275878906250e+01,-6.183155059814453125e+01,-6.290916061401367188e+01,-6.181163024902343750e+01,-6.949008178710937500e+01,-6.662766265869140625e+01,-6.813990783691406250e+01,-6.371549606323242188e+01,-7.114485931396484375e+01,-6.809999084472656250e+01,-7.219937133789062500e+01,-6.881265258789062500e+01,-7.604893493652343750e+01,-7.658654785156250000e+01,-7.854042053222656250e+01,-7.834035491943359375e+01,-7.936853027343750000e+01,-7.938997650146484375e+01,-7.947595214843750000e+01,-7.891438293457031250e+01,-7.909131622314453125e+01,-7.960470581054687500e+01
-1.167749023437500000e+01,-2.076942253112792969e+01,-1.141800308227539062e+01,-3.249950027465820312e+01,-2.599190711975097656e+01,-2.817950057983398438e+01,-3.633196258544921875e+01,-4.190867614746093750e+01,-4.880150604248046875e+01,-5.035157775878906250e+01,-5.227853393554687500e+01,-4.992609405517578125e+01,-5.288851165771484375e+01,-4.808660125732421875e+01,-5.022979736328125000e+01,-4.544285583496093750e+01,-4.668760681152343750e+01,-4.246631622314453125e+01,-4.256589126586914062e+01,-3.903493118286132812e+01,-3.951991271972656250e+01,-3.663849639892578125e+01,-3.448693084716796875e+01,-3.355079650878906250e+01,-3.012727928161621094e+01,-3.130898857116699219e+01,-2.786032104492187500e+01,-2.854820060729980469e+01,-2.710222244262695312e+01,-2.702523422241210938e+01,-2.676848983764648438e+01,-2.578940582275390625e+01,-2.620581436157226562e+01,-2.522642898559570312e+01,-2.533172798156738281e+01,-2.490355873107910156e+01,-2.573310470581054688e+01,-2.609278106689453125e+01,-2.688364028930664062e+01,-2.746094512939453125e+01,-2.892173957824707031e+01,-2.985308456420898438e+01,-3.039792060852050781e+01,-3.077112007141113281e+01,-3.102426528930664062e+01,-3.116632080078125000e+01,-3.150475502014160156e+01,-3.122121238708496094e+01,-3.047050476074218750e+01,-3.099549102783203125e+01,-2.925625610351562500e+01,-2.911068344116210938e+01,-2.767045211791992188e+01,-2.797140884399414062e+01,-2.638774299621582031e+01,-2.606167221069335938e+01,-2.389971923828125000e+01,-2.362272644042968750e+01,-2.023295021057128906e+01,-2.282011795043945312e+01,-2.051759719848632812e+01,-2.729983139038085938e+01,-3.110695838928222656e+01,-4.791288757324218750e+01,-5.588843536376953125e+01,-6.712161254882812500e+01,-7.107379150390625000e+01,-7.501702880859375000e+01,-7.366004180908203125e+01,-7.088008117675781250e+01,-6.747009277343750000e+01,-6.241098022460937500e+01,-5.605578994750976562e+01,-4.691522979736328125e+01,-4.314896774291992188e+01,-4.087556838989257812e+01,-3.901449966430664062e+01,-3.421061325073242188e+01,-3.468175506591796875e+01,-3.462767791748046875e+01,-3.699068832397460938e+01,-3.682361984252929688e+01,-4.134920501708984375e+01,-4.232244110107421875e+01,-5.003446578979492188e+01,-4.876746749877929688e+01,-5.713533782958984375e+01,-5.867340469360351562e+01,-6.285574340820312500e+01,-6.241510772705078125e+01,-6.462707519531250000e+01,-6.838868713378906250e+01,-6.777632904052734375e+01,-6.849217987060546875e+01,-7.080557250976562500e+01,-7.327478790283203125e+01,-7.166960906982421875e+01,-7.145440673828125000e+01,-7.215854644775390625e+01,-7.631089782714843750e+01,-7.634883117675781250e+01,-7.724562072753906250e+01,-7.739491271972656250e+01,-7.933552551269531250e+01,-7.943527221679687500e+01,-7.971090698242187500e+01,-7.970800781250000000e+01,-7.989907836914062500e+01,-7.976301574707031250e+01,-7.969135284423828125e+01,-7.961003112792968750e+01,-7.973999023437500000e+01
-8.257938385009765625e+00,-1.763169288635253906e+01,-1.107421493530273438e+01,-1.743122291564941406e+01,-1.629767608642578125e+01,-2.020262908935546875e+01,-2.098451805114746094e+01,-3.141965484619140625e+01,-2.825643920898437500e+01,-3.731578063964843750e+01,-3.207377243041992188e+01,-3.756667709350585938e+01,-3.361736679077148438e+01,-3.535845947265625000e+01,-3.262516021728515625e+01,-3.335961532592773438e+01,-3.270887756347656250e+01,-3.060425949096679688e+01,-3.030911254882812500e+01,-2.888504791259765625e+01,-2.724917984008789062e+01,-2.556898498535156250e+01,-2.307997512817382812e+01,-2.125990867614746094e+01,-1.780908775329589844e+01,-1.676700592041015625e+01,-1.432072830200195312e+01,-1.323889160156250000e+01,-1.149931335449218750e+01,-1.199797821044921875e+01,-1.063504219055175781e+01,-1.154016304016113281e+01,-1.043018341064453125e+01,-1.211068153381347656e+01,-1.199107360839843750e+01,-1.354108810424804688e+01,-1.435013771057128906e+01,-1.599140548706054688e+01,-1.855641937255859375e+01,-1.961005783081054688e+01,-2.333053588867187500e+01,-2.365813064575195312e+01,-2.862544441223144531e+01,-2.747864532470703125e+01,-3.298611831665039062e+01,-3.085615158081054688e+01,-3.605661010742187500e+01,-3.525168609619140625e+01,-3.888267898559570312e+01,-4.016838836669921875e+01,-4.180581665039062500e+01,-4.365243911743164062e+01,-4.601353454589843750e+01,-4.708162307739257812e+01,-4.870243072509765625e+01,-4.968461990356445312e+01,-5.211120223999023438e+01,-5.043098068237304688e+01,-5.310470199584960938e+01,-5.215532302856445312e+01,-5.621186447143554688e+01,-5.452430343627929688e+01,-6.247532653808593750e+01,-6.476505279541015625e+01,-7.097869110107421875e+01,-7.197856903076171875e+01,-7.596282196044921875e+01,-7.529456329345703125e+01,-7.527117919921875000e+01,-7.045836639404296875e+01,-7.122150421142578125e+01,-6.275610351562500000e+01,-6.170357513427734375e+01,-5.222757720947265625e+01,-5.088901138305664062e+01,-4.446312713623046875e+01,-4.668774032592773438e+01,-4.283569335937500000e+01,-4.386283111572265625e+01,-4.389591979980468750e+01,-4.707706832885742188e+01,-4.757714080810546875e+01,-5.106616210937500000e+01,-5.371918106079101562e+01,-5.856489944458007812e+01,-5.869301605224609375e+01,-6.269746398925781250e+01,-6.572003936767578125e+01,-6.605548858642578125e+01,-6.687690734863281250e+01,-6.714510345458984375e+01,-7.237237548828125000e+01,-7.000020599365234375e+01,-7.384373474121093750e+01,-7.585555267333984375e+01,-7.735336303710937500e+01,-7.451438903808593750e+01,-7.683677673339843750e+01,-7.715546417236328125e+01,-7.847735595703125000e+01,-7.741860198974609375e+01,-7.901449584960937500e+01,-7.902932739257812500e+01,-7.971894836425781250e+01,-7.965153503417968750e+01,-7.989238739013671875e+01,-7.990478515625000000e+01,-7.994046020507812500e+01,-7.975140380859375000e+01,-7.982890319824218750e+01,-7.974932098388671875e+01,-7.974597930908203125e+01
-1.491739273071289062e+01,-1.416141128540039062e+01,-1.741125106811523438e+01,-2.745923995971679688e+01,-5.583141326904296875e+01,-5.604723358154296875e+01,-6.100318527221679688e+01,-6.016638946533203125e+01,-6.028449249267578125e+01,-5.989901351928710938e+01,-5.904000091552734375e+01,-5.784145736694335938e+01,-5.700885009765625000e+01,-5.206089401245117188e+01,-5.299312973022460938e+01,-4.717932891845703125e+01,-4.923934555053710938e+01,-3.980873489379882812e+01,-4.485752487182617188e+01,-3.693100357055664062e+01,-3.901636886596679688e+01,-3.085192108154296875e+01,-3.180098152160644531e+01,-2.746397018432617188e+01,-2.425526046752929688e+01,-2.114692115783691406e+01,-1.868261528015136719e+01,-1.717804336547851562e+01,-1.473958587646484375e+01,-1.355575180053710938e+01,-1.264930725097656250e+01,-1.263185119628906250e+01,-1.185484695434570312e+01,-1.198520469665527344e+01,-1.223872756958007812e+01,-1.273261642456054688e+01,-1.306820106506347656e+01,-1.336348533630371094e+01,-1.460784912109375000e+01,-1.534471511840820312e+01,-1.661527824401855469e+01,-1.745532608032226562e+01,-1.872335052490234375e+01,-2.041956710815429688e+01,-2.237318420410156250e+01,-2.393918037414550781e+01,-2.697143936157226562e+01,-2.936382675170898438e+01,-3.164280128479003906e+01,-3.371172714233398438e+01,-3.500488662719726562e+01,-3.672713088989257812e+01,-3.889365005493164062e+01,-3.969651794433593750e+01,-4.170095062255859375e+01,-4.088503646850585938e+01,-4.461116790771484375e+01,-4.128561782836914062e+01,-4.494841384887695312e+01,-4.210102844238281250e+01,-4.872570419311523438e+01,-4.562850952148437500e+01,-5.781615066528320312e+01,-6.174868392944335938e+01,-7.012811279296875000e+01,-7.164659881591796875e+01,-7.622785186767578125e+01,-7.676235961914062500e+01,-7.588066864013671875e+01,-7.210346984863281250e+01,-7.049516296386718750e+01,-6.657772064208984375e+01,-6.201672363281250000e+01,-5.159695434570312500e+01,-4.828916931152343750e+01,-4.670790100097656250e+01,-4.115345001220703125e+01,-3.583035659790039062e+01,-3.513330078125000000e+01,-3.715362548828125000e+01,-3.800914764404296875e+01,-3.779431915283203125e+01,-4.103178024291992188e+01,-4.413789367675781250e+01,-5.221569824218750000e+01,-5.044731903076171875e+01,-5.955871963500976562e+01,-6.275009155273437500e+01,-6.674964904785156250e+01,-6.527785491943359375e+01,-7.071015167236328125e+01,-7.428651428222656250e+01,-7.450758361816406250e+01,-7.496052551269531250e+01,-7.800844573974609375e+01,-7.857116699218750000e+01,-7.767945861816406250e+01,-7.726292419433593750e+01,-7.844382476806640625e+01,-7.904190063476562500e+01,-7.888531494140625000e+01,-7.904570007324218750e+01,-7.947592926025390625e+01,-7.977679443359375000e+01,-7.983290863037109375e+01,-7.988482666015625000e+01,-7.994841766357421875e+01,-7.997286987304687500e+01,-7.994763183593750000e+01,-7.993217468261718750e+01,-7.993807983398437500e+01,-7.996465301513671875e+01
-4.049570465087890625e+01,-2.873710632324218750e+01,-6.056157684326171875e+01,-7.213131713867187500e+01,-7.760768127441406250e+01,-7.758567810058593750e+01,-7.798355102539062500e+01,-7.774247741699218750e+01,-7.774993896484375000e+01,-7.730564880371093750e+01,-7.592654418945312500e+01,-7.542926788330078125e+01,-7.298075103759765625e+01,-7.108885192871093750e+01,-6.762712097167968750e+01,-6.422762298583984375e+01,-6.212396240234375000e+01,-5.646485519409179688e+01,-5.397426605224609375e+01,-4.883882904052734375e+01,-4.894710540771484375e+01,-4.367177581787109375e+01,-4.215587997436523438e+01,-3.886894989013671875e+01,-3.483283996582031250e+01,-3.237805175781250000e+01,-2.757699203491210938e+01,-2.700941848754882812e+01,-2.224478912353515625e+01,-2.212031555175781250e+01,-1.899129104614257812e+01,-1.975124359130859375e+01,-1.766890525817871094e+01,-1.884892654418945312e+01,-1.764838218688964844e+01,-1.857513809204101562e+01,-1.814160346984863281e+01,-1.943074989318847656e+01,-1.931331253051757812e+01,-2.053142356872558594e+01,-2.129697036743164062e+01,-2.280494880676269531e+01,-2.331140708923339844e+01,-2.475351715087890625e+01,-2.648311996459960938e+01,-2.777964591979980469e+01,-3.010537719726562500e+01,-3.012613105773925781e+01,-3.273830795288085938e+01,-3.329001998901367188e+01,-3.267531204223632812e+01,-3.415087127685546875e+01,-3.135344123840332031e+01,-3.659674072265625000e+01,-2.957588195800781250e+01,-3.634706878662109375e+01,-2.901012611389160156e+01,-3.417726898193359375e+01,-2.756710624694824219e+01,-3.213353729248046875e+01,-3.070744132995605469e+01,-3.503907775878906250e+01,-4.324048614501953125e+01,-5.288972091674804688e+01,-6.220287322998046875e+01,-6.917350769042968750e+01,-7.432968139648437500e+01,-7.649076843261718750e+01,-7.623695373535156250e+01,-7.457044982910156250e+01,-7.441210937500000000e+01,-7.030843353271484375e+01,-6.631021881103515625e+01,-5.669649505615234375e+01,-5.349618911743164062e+01,-4.907700729370117188e+01,-4.415567398071289062e+01,-3.945511245727539062e+01,-3.884177017211914062e+01,-3.836746597290039062e+01,-3.882087326049804688e+01,-4.019556808471679688e+01,-4.491383361816406250e+01,-4.592454147338867188e+01,-5.393545532226562500e+01,-5.364101409912109375e+01,-6.302455520629882812e+01,-6.281646728515625000e+01,-6.780561828613281250e+01,-6.350870132446289062e+01,-7.094345092773437500e+01,-7.161073303222656250e+01,-7.304701232910156250e+01,-7.191924285888671875e+01,-7.674941253662109375e+01,-7.589241027832031250e+01,-7.564520263671875000e+01,-7.338364410400390625e+01,-7.630863952636718750e+01,-7.575767517089843750e+01,-7.797888183593750000e+01,-7.730580902099609375e+01,-7.817878723144531250e+01,-7.814587402343750000e+01,-7.944544982910156250e+01,-7.948910522460937500e+01,-7.958703613281250000e+01,-7.947354125976562500e+01,-7.955119323730468750e+01,-7.942862701416015625e+01,-7.955117797851562500e+01,-7.923075866699218750e+01
-7.652502441406250000e+01,-7.956950378417968750e+01,-7.899809265136718750e+01,-7.938309478759765625e+01,-7.939139556884765625e+01,-7.884032440185546875e+01,-7.864190673828125000e+01,-7.829829406738281250e+01,-7.788113403320312500e+01,-7.702505493164062500e+01,-7.611133575439453125e+01,-7.388449859619140625e+01,-7.278723907470703125e+01,-6.841679382324218750e+01,-6.657866668701171875e+01,-6.174199676513671875e+01,-6.044214630126953125e+01,-5.460735321044921875e+01,-5.302032470703125000e+01,-4.993572998046875000e+01,-4.826929855346679688e+01,-4.658680343627929688e+01,-4.393851852416992188e+01,-4.460247039794921875e+01,-4.208313369750976562e+01,-4.201844787597656250e+01,-3.900560379028320312e+01,-3.958026123046875000e+01,-3.685971832275390625e+01,-3.692447662353515625e+01,-3.514501953125000000e+01,-3.410238265991210938e+01,-3.327342987060546875e+01,-3.158763122558593750e+01,-2.977064514160156250e+01,-2.759992218017578125e+01,-2.715811920166015625e+01,-2.549350738525390625e+01,-2.415979576110839844e+01,-2.363635826110839844e+01,-2.303207206726074219e+01,-2.305992317199707031e+01,-2.183615493774414062e+01,-2.223906326293945312e+01,-2.247943687438964844e+01,-2.373248672485351562e+01,-2.422745513916015625e+01,-2.646484565734863281e+01,-2.718336868286132812e+01,-3.076814270019531250e+01,-3.009790611267089844e+01,-3.269414520263671875e+01,-3.255266189575195312e+01,-3.554538726806640625e+01,-3.447957229614257812e+01,-3.679273605346679688e+01,-3.678717422485351562e+01,-3.915224075317382812e+01,-3.844488906860351562e+01,-4.174592971801757812e+01,-4.282012939453125000e+01,-4.857376861572265625e+01,-5.456369018554687500e+01,-6.541989898681640625e+01,-6.789379119873046875e+01,-7.416876220703125000e+01,-7.505053710937500000e+01,-7.690255737304687500e+01,-7.455160522460937500e+01,-7.261375427246093750e+01,-6.765068054199218750e+01,-6.395281600952148438e+01,-5.691909027099609375e+01,-5.139812469482421875e+01,-4.950379562377929688e+01,-4.782392883300781250e+01,-4.598402786254882812e+01,-4.106295013427734375e+01,-4.210339355468750000e+01,-4.090565109252929688e+01,-4.327142715454101562e+01,-4.029148101806640625e+01,-4.564807891845703125e+01,-4.462196350097656250e+01,-5.394789123535156250e+01,-5.387918090820312500e+01,-6.243160247802734375e+01,-6.249860000610351562e+01,-6.788288879394531250e+01,-6.625100708007812500e+01,-7.107585144042968750e+01,-7.110597229003906250e+01,-7.446490478515625000e+01,-7.402291870117187500e+01,-7.710678100585937500e+01,-7.640877532958984375e+01,-7.767041015625000000e+01,-7.603048706054687500e+01,-7.743249511718750000e+01,-7.702456665039062500e+01,-7.852069091796875000e+01,-7.796574401855468750e+01,-7.871911621093750000e+01,-7.901657104492187500e+01,-7.963125610351562500e+01,-7.961291503906250000e+01,-7.974001312255859375e+01,-7.964297485351562500e+01,-7.972460937500000000e+01,-7.983663940429687500e+01,-7.984492492675781250e+01,-7.991122436523437500e+01
-5.314818191528320312e+01,-7.486615753173828125e+01,-7.154760742187500000e+01,-7.659549713134765625e+01,-7.576350402832031250e+01,-7.578463745117187500e+01,-7.605562591552734375e+01,-7.597229003906250000e+01,-7.610104370117187500e+01,-7.440444946289062500e+01,-7.413404083251953125e+01,-7.045117950439453125e+01,-7.016928863525390625e+01,-6.344542694091796875e+01,-6.335041046142578125e+01,-5.459465026855468750e+01,-5.597236633300781250e+01,-4.693454360961914062e+01,-4.699983978271484375e+01,-4.183589935302734375e+01,-4.099213409423828125e+01,-3.991719436645507812e+01,-3.923787307739257812e+01,-3.962508392333984375e+01,-3.955141830444335938e+01,-3.921009826660156250e+01,-3.858891677856445312e+01,-3.796642303466796875e+01,-3.720040512084960938e+01,-3.763080215454101562e+01,-3.633689498901367188e+01,-3.595087051391601562e+01,-3.441949462890625000e+01,-3.417712020874023438e+01,-3.182540893554687500e+01,-3.097987556457519531e+01,-2.876560592651367188e+01,-2.876564025878906250e+01,-2.579840850830078125e+01,-2.609457397460937500e+01,-2.319371986389160156e+01,-2.382190322875976562e+01,-2.028606414794921875e+01,-2.248625946044921875e+01,-2.034021568298339844e+01,-2.299288558959960938e+01,-2.163322067260742188e+01,-2.544330596923828125e+01,-2.560104370117187500e+01,-2.965464019775390625e+01,-3.082765579223632812e+01,-3.461189651489257812e+01,-3.694823837280273438e+01,-3.972091674804687500e+01,-4.245804595947265625e+01,-4.289823532104492188e+01,-4.546122360229492188e+01,-4.424645233154296875e+01,-4.761795425415039062e+01,-4.395769500732421875e+01,-4.863823318481445312e+01,-4.707297515869140625e+01,-5.580556106567382812e+01,-5.877695465087890625e+01,-6.506347656250000000e+01,-6.694015502929687500e+01,-7.140200805664062500e+01,-7.241350555419921875e+01,-7.174762725830078125e+01,-6.560868072509765625e+01,-6.554612731933593750e+01,-6.084878158569335938e+01,-5.883499526977539062e+01,-5.281747817993164062e+01,-5.340827178955078125e+01,-5.131222534179687500e+01,-4.912139129638671875e+01,-4.563241577148437500e+01,-4.723246765136718750e+01,-4.647619247436523438e+01,-4.518986129760742188e+01,-4.590552520751953125e+01,-5.102195739746093750e+01,-5.207132339477539062e+01,-5.532410049438476562e+01,-5.702795410156250000e+01,-6.373833465576171875e+01,-6.688095092773437500e+01,-6.805490112304687500e+01,-7.018185424804687500e+01,-7.274720764160156250e+01,-7.497047424316406250e+01,-7.494760894775390625e+01,-7.686355590820312500e+01,-7.834725952148437500e+01,-7.885711669921875000e+01,-7.847084045410156250e+01,-7.867983245849609375e+01,-7.890981292724609375e+01,-7.923228454589843750e+01,-7.903585052490234375e+01,-7.920288848876953125e+01,-7.937095642089843750e+01,-7.973130798339843750e+01,-7.976773071289062500e+01,-7.982374572753906250e+01,-7.984645080566406250e+01,-7.986917114257812500e+01,-7.973668670654296875e+01,-7.978304290771484375e+01,-7.975711059570312500e+01,-7.992993927001953125e+01
-1.724607849121093750e+01,-4.261252212524414062e+01,-6.403579711914062500e+01,-7.138234710693359375e+01,-7.809304809570312500e+01,-7.858347320556640625e+01,-7.833744812011718750e+01,-7.841464996337890625e+01,-7.779650878906250000e+01,-7.765222167968750000e+01,-7.677615356445312500e+01,-7.617774200439453125e+01,-7.372729492187500000e+01,-7.261067199707031250e+01,-6.801190185546875000e+01,-6.662915039062500000e+01,-6.009279251098632812e+01,-5.793241882324218750e+01,-5.151531600952148438e+01,-5.097562026977539062e+01,-4.362604141235351562e+01,-4.232231903076171875e+01,-3.633218002319335938e+01,-3.663834381103515625e+01,-3.104498672485351562e+01,-3.213095855712890625e+01,-2.832467651367187500e+01,-3.091993904113769531e+01,-2.766038322448730469e+01,-2.913402938842773438e+01,-2.651731872558593750e+01,-2.804564285278320312e+01,-2.491796493530273438e+01,-2.584046173095703125e+01,-2.312868690490722656e+01,-2.417245483398437500e+01,-2.133251762390136719e+01,-2.271209335327148438e+01,-2.068227005004882812e+01,-2.259077262878417969e+01,-2.050619506835937500e+01,-2.263385391235351562e+01,-2.116879272460937500e+01,-2.392435073852539062e+01,-2.380231666564941406e+01,-2.699477386474609375e+01,-2.786062240600585938e+01,-3.143629837036132812e+01,-3.330434417724609375e+01,-3.547820281982421875e+01,-3.778950119018554688e+01,-3.915655899047851562e+01,-4.167876815795898438e+01,-4.351518249511718750e+01,-4.564894866943359375e+01,-4.775348663330078125e+01,-5.126259613037109375e+01,-5.194377899169921875e+01,-5.676629638671875000e+01,-5.703649139404296875e+01,-6.404852294921875000e+01,-6.401425170898437500e+01,-7.138897705078125000e+01,-7.289443969726562500e+01,-7.621821594238281250e+01,-7.666287994384765625e+01,-7.861402893066406250e+01,-7.851104736328125000e+01,-7.870870208740234375e+01,-7.684893798828125000e+01,-7.746492767333984375e+01,-7.489848327636718750e+01,-7.261982727050781250e+01,-6.523307800292968750e+01,-6.499472045898437500e+01,-5.955677413940429688e+01,-5.720606994628906250e+01,-5.065232467651367188e+01,-5.484320831298828125e+01,-5.359762573242187500e+01,-5.515040588378906250e+01,-5.301768493652343750e+01,-5.982681274414062500e+01,-5.845085525512695312e+01,-6.324071502685546875e+01,-6.355799102783203125e+01,-7.082401275634765625e+01,-7.096189117431640625e+01,-7.271687316894531250e+01,-7.293542480468750000e+01,-7.760458374023437500e+01,-7.740132141113281250e+01,-7.778495788574218750e+01,-7.798743438720703125e+01,-7.962384796142578125e+01,-7.952233886718750000e+01,-7.907577514648437500e+01,-7.900407409667968750e+01,-7.979148864746093750e+01,-7.969487762451171875e+01,-7.945623016357421875e+01,-7.926705932617187500e+01,-7.982119750976562500e+01,-7.971805572509765625e+01,-7.968092346191406250e+01,-7.932055664062500000e+01,-7.988238525390625000e+01,-7.965753936767578125e+01,-7.942419433593750000e+01,-7.925302886962890625e+01,-7.972056579589843750e+01,-7.967785644531250000e+01
-2.116088867187500000e+00,-2.642554092407226562e+01,-4.252772140502929688e+01,-6.239127731323242188e+01,-7.425971984863281250e+01,-7.471118164062500000e+01,-7.566912841796875000e+01,-7.550056457519531250e+01,-7.525340270996093750e+01,-7.407601165771484375e+01,-7.413182067871093750e+01,-7.253923034667968750e+01,-7.145141601562500000e+01,-6.834847259521484375e+01,-6.669078063964843750e+01,-6.261969757080078125e+01,-6.118585205078125000e+01,-5.357114791870117188e+01,-5.420104217529296875e+01,-4.811411285400390625e+01,-4.771951293945312500e+01,-4.217714691162109375e+01,-4.163483047485351562e+01,-3.657105636596679688e+01,-3.514125823974609375e+01,-3.229517745971679688e+01,-3.061192512512207031e+01,-3.081950950622558594e+01,-2.719181251525878906e+01,-2.838282203674316406e+01,-2.521632003784179688e+01,-2.688957214355468750e+01,-2.404576110839843750e+01,-2.598885917663574219e+01,-2.430419540405273438e+01,-2.636246299743652344e+01,-2.417908287048339844e+01,-2.682504653930664062e+01,-2.498772811889648438e+01,-2.793547058105468750e+01,-2.526413726806640625e+01,-2.828140830993652344e+01,-2.647835922241210938e+01,-2.915101814270019531e+01,-2.853450012207031250e+01,-3.103206634521484375e+01,-3.194746589660644531e+01,-3.432880401611328125e+01,-3.510624313354492188e+01,-3.738530731201171875e+01,-3.824166870117187500e+01,-3.848367691040039062e+01,-3.875990676879882812e+01,-4.032638549804687500e+01,-3.953110504150390625e+01,-4.023368072509765625e+01,-4.092962265014648438e+01,-4.090723800659179688e+01,-4.179298782348632812e+01,-4.109762191772460938e+01,-4.490963363647460938e+01,-4.471896743774414062e+01,-5.247692871093750000e+01,-5.719140625000000000e+01,-6.525082397460937500e+01,-7.013545227050781250e+01,-7.430352783203125000e+01,-7.595669555664062500e+01,-7.567622375488281250e+01,-7.488528442382812500e+01,-7.438227844238281250e+01,-7.256247711181640625e+01,-6.659684753417968750e+01,-6.020635986328125000e+01,-5.747402191162109375e+01,-5.253492355346679688e+01,-4.901950836181640625e+01,-4.617164993286132812e+01,-5.088699722290039062e+01,-4.965584564208984375e+01,-5.148104476928710938e+01,-5.215270996093750000e+01,-5.916254425048828125e+01,-5.932281494140625000e+01,-6.188857650756835938e+01,-6.334972763061523438e+01,-6.743666076660156250e+01,-6.804855346679687500e+01,-6.622129058837890625e+01,-6.781156921386718750e+01,-7.217593383789062500e+01,-7.253067016601562500e+01,-7.096347045898437500e+01,-7.061234283447265625e+01,-7.638851928710937500e+01,-7.539881896972656250e+01,-7.221022033691406250e+01,-7.302626800537109375e+01,-7.729158782958984375e+01,-7.747159576416015625e+01,-7.481272888183593750e+01,-7.414531707763671875e+01,-7.679738616943359375e+01,-7.749861145019531250e+01,-7.455021667480468750e+01,-7.272041320800781250e+01,-7.736456298828125000e+01,-7.587417602539062500e+01,-7.190373229980468750e+01,-7.114814758300781250e+01,-7.633531188964843750e+01,-7.658206176757812500e+01
-6.016033172607421875e+01,-6.847555541992187500e+01,-7.235771179199218750e+01,-7.811476898193359375e+01,-7.887756347656250000e+01,-7.893507385253906250e+01,-7.865637969970703125e+01,-7.876605224609375000e+01,-7.820491027832031250e+01,-7.790130615234375000e+01,-7.710010528564453125e+01,-7.577494812011718750e+01,-7.448161315917968750e+01,-7.073036956787109375e+01,-6.812060546875000000e+01,-6.385937118530273438e+01,-6.106072235107421875e+01,-5.536972808837890625e+01,-5.306527709960937500e+01,-4.887601470947265625e+01,-4.663145446777343750e+01,-4.403696823120117188e+01,-4.129905700683593750e+01,-4.148711395263671875e+01,-3.714647293090820312e+01,-3.823520278930664062e+01,-3.552222442626953125e+01,-3.773670196533203125e+01,-3.510163879394531250e+01,-3.567377853393554688e+01,-3.568183135986328125e+01,-3.609126281738281250e+01,-3.602431869506835938e+01,-3.503881454467773438e+01,-3.598656463623046875e+01,-3.463935089111328125e+01,-3.512833023071289062e+01,-3.345975875854492188e+01,-3.443744277954101562e+01,-3.311314773559570312e+01,-3.353489303588867188e+01,-3.244029998779296875e+01,-3.212632751464843750e+01,-3.233470153808593750e+01,-3.138953590393066406e+01,-3.287465286254882812e+01,-3.094658088684082031e+01,-3.391373443603515625e+01,-3.192601585388183594e+01,-3.610573959350585938e+01,-3.258192825317382812e+01,-3.706435775756835938e+01,-3.339294052124023438e+01,-3.767337036132812500e+01,-3.349979400634765625e+01,-3.727519226074218750e+01,-3.440377426147460938e+01,-3.612670516967773438e+01,-3.440073013305664062e+01,-3.671179962158203125e+01,-4.026463317871093750e+01,-4.163883209228515625e+01,-5.125903320312500000e+01,-5.736941528320312500e+01,-6.522965240478515625e+01,-6.889437866210937500e+01,-7.312869262695312500e+01,-7.455580139160156250e+01,-7.389483642578125000e+01,-7.016571807861328125e+01,-6.975431060791015625e+01,-6.482943725585937500e+01,-6.239986038208007812e+01,-5.419857025146484375e+01,-5.468605041503906250e+01,-5.213416671752929688e+01,-4.934735107421875000e+01,-4.763544082641601562e+01,-4.995015716552734375e+01,-5.294559478759765625e+01,-5.177788925170898438e+01,-5.289798736572265625e+01,-5.637190246582031250e+01,-6.034370803833007812e+01,-6.229688644409179688e+01,-6.248223114013671875e+01,-6.704660797119140625e+01,-6.866494750976562500e+01,-6.965370178222656250e+01,-6.878556060791015625e+01,-7.092973327636718750e+01,-7.347891998291015625e+01,-7.258561706542968750e+01,-7.361675262451171875e+01,-7.544343566894531250e+01,-7.686961364746093750e+01,-7.502107238769531250e+01,-7.481276702880859375e+01,-7.479445648193359375e+01,-7.760420227050781250e+01,-7.719740295410156250e+01,-7.704332733154296875e+01,-7.572657775878906250e+01,-7.809677124023437500e+01,-7.834654235839843750e+01,-7.798855590820312500e+01,-7.777952575683593750e+01,-7.847714233398437500e+01,-7.859207153320312500e+01,-7.741867065429687500e+01,-7.871901702880859375e+01,-7.799515533447265625e+01
-5.685819244384765625e+01,-7.518455505371093750e+01,-7.160757446289062500e+01,-7.559378051757812500e+01,-7.141024780273437500e+01,-7.266484832763671875e+01,-6.698869323730468750e+01,-7.104734039306640625e+01,-6.599461364746093750e+01,-6.723892211914062500e+01,-6.265125274658203125e+01,-6.410497283935546875e+01,-5.916503906250000000e+01,-5.865428161621093750e+01,-5.426979827880859375e+01,-5.294516754150390625e+01,-5.001867675781250000e+01,-4.616839981079101562e+01,-4.434133911132812500e+01,-4.015177154541015625e+01,-3.892622756958007812e+01,-3.655703353881835938e+01,-3.499863433837890625e+01,-3.499596023559570312e+01,-3.443843078613281250e+01,-3.323736953735351562e+01,-3.301013183593750000e+01,-3.241690444946289062e+01,-3.353768157958984375e+01,-3.183930587768554688e+01,-3.222567749023437500e+01,-3.019015884399414062e+01,-3.133832550048828125e+01,-2.869493865966796875e+01,-2.915997123718261719e+01,-2.655375862121582031e+01,-2.740503501892089844e+01,-2.528600883483886719e+01,-2.579848480224609375e+01,-2.475450325012207031e+01,-2.525005722045898438e+01,-2.448198318481445312e+01,-2.433275032043457031e+01,-2.507100486755371094e+01,-2.548135757446289062e+01,-2.672329711914062500e+01,-2.705437088012695312e+01,-3.026934432983398438e+01,-3.042932701110839844e+01,-3.569869232177734375e+01,-3.491036224365234375e+01,-4.020454788208007812e+01,-3.979737854003906250e+01,-4.477762985229492188e+01,-4.552426147460937500e+01,-5.020108795166015625e+01,-5.184527206420898438e+01,-5.391265106201171875e+01,-5.523481750488281250e+01,-5.572817993164062500e+01,-5.707049179077148438e+01,-5.620749664306640625e+01,-5.862226867675781250e+01,-6.246499252319335938e+01,-6.497553253173828125e+01,-6.909197998046875000e+01,-7.123319244384765625e+01,-7.221180725097656250e+01,-7.008591461181640625e+01,-6.487973022460937500e+01,-6.391347503662109375e+01,-5.828310394287109375e+01,-5.691693115234375000e+01,-5.354550170898437500e+01,-5.501719665527343750e+01,-5.419150924682617188e+01,-5.049714660644531250e+01,-5.161451721191406250e+01,-5.307921981811523438e+01,-5.643387603759765625e+01,-5.314850616455078125e+01,-5.599037933349609375e+01,-5.868345642089843750e+01,-6.280641174316406250e+01,-6.132976531982421875e+01,-6.647427368164062500e+01,-6.680794525146484375e+01,-7.163826751708984375e+01,-6.905400848388671875e+01,-7.374149322509765625e+01,-7.289715576171875000e+01,-7.587648010253906250e+01,-7.484163665771484375e+01,-7.775251770019531250e+01,-7.823400115966796875e+01,-7.895124816894531250e+01,-7.792066192626953125e+01,-7.914776611328125000e+01,-7.903330230712890625e+01,-7.947715759277343750e+01,-7.906013488769531250e+01,-7.954432678222656250e+01,-7.945491027832031250e+01,-7.974442291259765625e+01,-7.958060455322265625e+01,-7.981854248046875000e+01,-7.979650878906250000e+01,-7.986376953125000000e+01,-7.960353088378906250e+01,-7.983386230468750000e+01,-7.983831024169921875e+01,-7.988778686523437500e+01
-7.602469635009765625e+01,-7.814958190917968750e+01,-7.787528228759765625e+01,-7.659822845458984375e+01,-7.677532958984375000e+01,-7.286207580566406250e+01,-7.434796142578125000e+01,-6.934642791748046875e+01,-7.293745422363281250e+01,-6.436058044433593750e+01,-6.953895568847656250e+01,-5.928079223632812500e+01,-6.388644027709960938e+01,-5.168758010864257812e+01,-5.610938262939453125e+01,-4.490186691284179688e+01,-4.863767242431640625e+01,-3.817531967163085938e+01,-4.071995162963867188e+01,-3.253365707397460938e+01,-3.733662414550781250e+01,-2.983419036865234375e+01,-3.587391662597656250e+01,-2.915111541748046875e+01,-3.643904113769531250e+01,-2.769905090332031250e+01,-3.600481796264648438e+01,-2.825385665893554688e+01,-3.503145599365234375e+01,-2.761045265197753906e+01,-3.351165008544921875e+01,-2.707020950317382812e+01,-3.200774383544921875e+01,-2.566133499145507812e+01,-2.948599433898925781e+01,-2.428701400756835938e+01,-2.738264083862304688e+01,-2.352753829956054688e+01,-2.549148559570312500e+01,-2.388644409179687500e+01,-2.510827827453613281e+01,-2.443285179138183594e+01,-2.503754806518554688e+01,-2.613358306884765625e+01,-2.785673522949218750e+01,-2.945096969604492188e+01,-3.195326232910156250e+01,-3.556686782836914062e+01,-3.734822463989257812e+01,-4.218278503417968750e+01,-4.449321365356445312e+01,-4.965472030639648438e+01,-5.218962860107421875e+01,-5.579390716552734375e+01,-5.986511230468750000e+01,-6.253208541870117188e+01,-6.691142272949218750e+01,-6.744158172607421875e+01,-7.066832733154296875e+01,-7.142604827880859375e+01,-7.378242492675781250e+01,-7.341228485107421875e+01,-7.534871673583984375e+01,-7.634013366699218750e+01,-7.715040588378906250e+01,-7.751232147216796875e+01,-7.755099487304687500e+01,-7.778638458251953125e+01,-7.603620910644531250e+01,-7.300583648681640625e+01,-6.958801269531250000e+01,-6.910301208496093750e+01,-6.238253021240234375e+01,-5.840417480468750000e+01,-5.493133544921875000e+01,-5.536310577392578125e+01,-5.289076995849609375e+01,-4.924073028564453125e+01,-5.121387481689453125e+01,-5.408710479736328125e+01,-5.305942916870117188e+01,-5.052038955688476562e+01,-5.318164825439453125e+01,-5.777323913574218750e+01,-5.847955703735351562e+01,-6.149219512939453125e+01,-6.154388427734375000e+01,-7.001435089111328125e+01,-7.026451110839843750e+01,-7.306878662109375000e+01,-7.421012878417968750e+01,-7.670707702636718750e+01,-7.709731292724609375e+01,-7.858036804199218750e+01,-7.901358032226562500e+01,-7.942658996582031250e+01,-7.922468566894531250e+01,-7.950770568847656250e+01,-7.957553100585937500e+01,-7.972286987304687500e+01,-7.969100952148437500e+01,-7.975311279296875000e+01,-7.982565307617187500e+01,-7.989145660400390625e+01,-7.989411163330078125e+01,-7.990405273437500000e+01,-7.993484497070312500e+01,-7.995013427734375000e+01,-7.991816711425781250e+01,-7.991220855712890625e+01,-7.990945434570312500e+01,-7.995210266113281250e+01
-5.466056823730468750e+01,-7.127600097656250000e+01,-7.212668609619140625e+01,-7.390426635742187500e+01,-7.744949340820312500e+01,-7.698733520507812500e+01,-7.716019439697265625e+01,-7.596366119384765625e+01,-7.637174224853515625e+01,-7.399526977539062500e+01,-7.489901733398437500e+01,-7.188796234130859375e+01,-7.172307586669921875e+01,-6.596034240722656250e+01,-6.657815551757812500e+01,-5.863052368164062500e+01,-5.958493423461914062e+01,-4.991339111328125000e+01,-5.287376785278320312e+01,-4.654988479614257812e+01,-4.977141571044921875e+01,-4.505340194702148438e+01,-4.853253936767578125e+01,-4.578716278076171875e+01,-4.662807083129882812e+01,-4.455543518066406250e+01,-4.422502136230468750e+01,-4.387265396118164062e+01,-4.161863327026367188e+01,-3.997765350341796875e+01,-3.825765228271484375e+01,-3.734836196899414062e+01,-3.512480163574218750e+01,-3.410425567626953125e+01,-3.268476104736328125e+01,-3.266145706176757812e+01,-3.119526100158691406e+01,-3.084563636779785156e+01,-2.919223976135253906e+01,-2.961414718627929688e+01,-2.847158241271972656e+01,-2.863344192504882812e+01,-2.913775634765625000e+01,-3.050979804992675781e+01,-3.240704345703125000e+01,-3.509172058105468750e+01,-3.638561630249023438e+01,-4.098916625976562500e+01,-4.047343826293945312e+01,-4.649314498901367188e+01,-4.350341033935546875e+01,-4.987396240234375000e+01,-4.700201034545898438e+01,-5.421117782592773438e+01,-5.192359924316406250e+01,-5.893675231933593750e+01,-5.903820037841796875e+01,-6.297637557983398438e+01,-6.451844787597656250e+01,-6.647929382324218750e+01,-6.853422546386718750e+01,-6.868682861328125000e+01,-7.042765808105468750e+01,-7.299856567382812500e+01,-7.418165588378906250e+01,-7.640425109863281250e+01,-7.687208557128906250e+01,-7.790592956542968750e+01,-7.615538787841796875e+01,-7.507962036132812500e+01,-7.130577087402343750e+01,-7.222146606445312500e+01,-6.283661651611328125e+01,-6.220481491088867188e+01,-5.338055038452148438e+01,-5.525639343261718750e+01,-4.857359313964843750e+01,-4.915238952636718750e+01,-4.975801849365234375e+01,-5.444191741943359375e+01,-5.410763549804687500e+01,-5.556754302978515625e+01,-6.056724548339843750e+01,-6.392559051513671875e+01,-6.826129150390625000e+01,-6.949351501464843750e+01,-7.297634124755859375e+01,-7.415515136718750000e+01,-7.503083801269531250e+01,-7.562619018554687500e+01,-7.662759399414062500e+01,-7.707550048828125000e+01,-7.763368225097656250e+01,-7.793210601806640625e+01,-7.905858612060546875e+01,-7.893682098388671875e+01,-7.886984252929687500e+01,-7.888542175292968750e+01,-7.938417053222656250e+01,-7.927266693115234375e+01,-7.939346313476562500e+01,-7.931024932861328125e+01,-7.958999633789062500e+01,-7.945343017578125000e+01,-7.956581115722656250e+01,-7.941017150878906250e+01,-7.960969543457031250e+01,-7.941042327880859375e+01,-7.932582855224609375e+01,-7.897528839111328125e+01,-7.939796447753906250e+01,-7.981095886230468750e+01
-7.725588989257812500e+01,-7.840182495117187500e+01,-7.713157653808593750e+01,-7.717860412597656250e+01,-7.865592956542968750e+01,-7.842379760742187500e+01,-7.810227966308593750e+01,-7.766571044921875000e+01,-7.666709136962890625e+01,-7.550842285156250000e+01,-7.331450653076171875e+01,-7.026855468750000000e+01,-6.598202514648437500e+01,-6.023682785034179688e+01,-5.545433425903320312e+01,-5.075833892822265625e+01,-4.633204269409179688e+01,-4.244513320922851562e+01,-4.106503677368164062e+01,-3.793421554565429688e+01,-3.912013626098632812e+01,-3.494437026977539062e+01,-3.702549743652343750e+01,-3.364748382568359375e+01,-3.568230438232421875e+01,-3.241222381591796875e+01,-3.352985763549804688e+01,-3.112783050537109375e+01,-3.165642547607421875e+01,-2.896573066711425781e+01,-3.022036743164062500e+01,-2.813496398925781250e+01,-2.933533859252929688e+01,-2.710626602172851562e+01,-2.939614105224609375e+01,-2.806632804870605469e+01,-3.009062576293945312e+01,-2.854424476623535156e+01,-2.996134185791015625e+01,-2.922580718994140625e+01,-3.026182365417480469e+01,-2.949080467224121094e+01,-2.997808074951171875e+01,-3.034111785888671875e+01,-3.221654510498046875e+01,-3.406105422973632812e+01,-3.579407119750976562e+01,-3.893127441406250000e+01,-4.217650985717773438e+01,-4.557553863525390625e+01,-4.691589355468750000e+01,-5.129067230224609375e+01,-5.201074981689453125e+01,-5.875408935546875000e+01,-5.735182952880859375e+01,-6.385805511474609375e+01,-6.377880859375000000e+01,-6.877545166015625000e+01,-6.767488861083984375e+01,-7.185542297363281250e+01,-7.274345397949218750e+01,-7.498809814453125000e+01,-7.565001678466796875e+01,-7.746895599365234375e+01,-7.766549682617187500e+01,-7.842080688476562500e+01,-7.841979980468750000e+01,-7.865001678466796875e+01,-7.765536499023437500e+01,-7.528540039062500000e+01,-7.158927154541015625e+01,-6.869511413574218750e+01,-6.165810394287109375e+01,-5.685036849975585938e+01,-5.477360534667968750e+01,-5.201215744018554688e+01,-5.018417358398437500e+01,-4.924264526367187500e+01,-5.222937774658203125e+01,-5.467098236083984375e+01,-5.490592956542968750e+01,-5.581851959228515625e+01,-6.055317306518554688e+01,-6.286141204833984375e+01,-6.558207702636718750e+01,-6.882514953613281250e+01,-7.162578582763671875e+01,-7.329793548583984375e+01,-7.472578430175781250e+01,-7.524089050292968750e+01,-7.704241180419921875e+01,-7.735720062255859375e+01,-7.758253479003906250e+01,-7.775285339355468750e+01,-7.914285278320312500e+01,-7.898970794677734375e+01,-7.863877868652343750e+01,-7.830181121826171875e+01,-7.938475036621093750e+01,-7.936535644531250000e+01,-7.929995727539062500e+01,-7.908761596679687500e+01,-7.970817565917968750e+01,-7.975228881835937500e+01,-7.976295471191406250e+01,-7.961666870117187500e+01,-7.986878967285156250e+01,-7.982484436035156250e+01,-7.977912902832031250e+01,-7.941477966308593750e+01,-7.959152221679687500e+01,-7.985235595703125000e+01
-7.969270324707031250e+01,-7.927385711669921875e+01,-7.930358886718750000e+01,-7.879798889160156250e+01,-7.887463378906250000e+01,-7.841378784179687500e+01,-7.787091064453125000e+01,-7.727922058105468750e+01,-7.608825683593750000e+01,-7.524929809570312500e+01,-7.268242645263671875e+01,-7.209803771972656250e+01,-6.516872406005859375e+01,-6.541717529296875000e+01,-5.736557388305664062e+01,-5.802410125732421875e+01,-4.864884948730468750e+01,-4.748740386962890625e+01,-4.018626022338867188e+01,-3.880493545532226562e+01,-3.447584152221679688e+01,-3.297674560546875000e+01,-3.243788146972656250e+01,-3.082373809814453125e+01,-3.069770812988281250e+01,-2.847529411315917969e+01,-2.943861961364746094e+01,-2.888644409179687500e+01,-2.909449768066406250e+01,-2.786159133911132812e+01,-2.898317718505859375e+01,-2.910707855224609375e+01,-2.975304794311523438e+01,-2.901907730102539062e+01,-2.993736839294433594e+01,-3.078531837463378906e+01,-3.087134170532226562e+01,-3.107120895385742188e+01,-3.154416275024414062e+01,-3.254515838623046875e+01,-3.311132049560546875e+01,-3.284557342529296875e+01,-3.456723403930664062e+01,-3.513620758056640625e+01,-3.849668502807617188e+01,-3.931893539428710938e+01,-4.301462936401367188e+01,-4.428337860107421875e+01,-4.748716735839843750e+01,-5.024124908447265625e+01,-5.196154785156250000e+01,-5.557636260986328125e+01,-5.660688018798828125e+01,-6.181816482543945312e+01,-6.173907852172851562e+01,-6.678474426269531250e+01,-6.718503570556640625e+01,-7.064162445068359375e+01,-7.252313995361328125e+01,-7.480812835693359375e+01,-7.665153503417968750e+01,-7.749412536621093750e+01,-7.847235870361328125e+01,-7.897943878173828125e+01,-7.909906768798828125e+01,-7.935078430175781250e+01,-7.928268432617187500e+01,-7.930895996093750000e+01,-7.811317443847656250e+01,-7.687348175048828125e+01,-7.356728363037109375e+01,-7.184663391113281250e+01,-6.055340957641601562e+01,-5.671821594238281250e+01,-5.218857955932617188e+01,-5.181407928466796875e+01,-4.432501602172851562e+01,-4.663836669921875000e+01,-4.824126052856445312e+01,-5.208136749267578125e+01,-4.856257247924804688e+01,-5.226733016967773438e+01,-5.521712493896484375e+01,-6.102639007568359375e+01,-5.985575103759765625e+01,-6.452108764648437500e+01,-6.700107574462890625e+01,-7.071353912353515625e+01,-7.041889190673828125e+01,-7.078382873535156250e+01,-7.340966796875000000e+01,-7.566380310058593750e+01,-7.466025543212890625e+01,-7.657295227050781250e+01,-7.812561035156250000e+01,-7.827629852294921875e+01,-7.630908203125000000e+01,-7.667138671875000000e+01,-7.772576904296875000e+01,-7.807269287109375000e+01,-7.635205078125000000e+01,-7.695269775390625000e+01,-7.785159301757812500e+01,-7.839953613281250000e+01,-7.723391723632812500e+01,-7.723002624511718750e+01,-7.819718933105468750e+01,-7.858073425292968750e+01,-7.700380706787109375e+01,-7.798516082763671875e+01,-7.853350830078125000e+01,-7.951287078857421875e+01
-7.868523406982421875e+01,-7.909699249267578125e+01,-7.889315032958984375e+01,-7.881726074218750000e+01,-7.908051300048828125e+01,-7.873876953125000000e+01,-7.847323608398437500e+01,-7.777540588378906250e+01,-7.646586608886718750e+01,-7.536561584472656250e+01,-7.332835388183593750e+01,-7.160147857666015625e+01,-6.612333679199218750e+01,-6.441105651855468750e+01,-5.768049240112304688e+01,-5.713678741455078125e+01,-4.695155334472656250e+01,-4.784448623657226562e+01,-3.889799118041992188e+01,-4.160346603393554688e+01,-3.366495132446289062e+01,-3.614951324462890625e+01,-3.314682388305664062e+01,-3.547966003417968750e+01,-3.334281921386718750e+01,-3.448071289062500000e+01,-3.368598937988281250e+01,-3.633272552490234375e+01,-3.361120986938476562e+01,-3.610806274414062500e+01,-3.505268859863281250e+01,-3.701199340820312500e+01,-3.520677947998046875e+01,-3.709542846679687500e+01,-3.617277908325195312e+01,-3.765079879760742188e+01,-3.580525207519531250e+01,-3.705445098876953125e+01,-3.591635131835937500e+01,-3.747095489501953125e+01,-3.584668731689453125e+01,-3.725222778320312500e+01,-3.571069717407226562e+01,-3.723880767822265625e+01,-3.680929946899414062e+01,-3.804338455200195312e+01,-3.930836868286132812e+01,-4.121622848510742188e+01,-4.346255874633789062e+01,-4.680163574218750000e+01,-4.823859786987304688e+01,-5.267119598388671875e+01,-5.416755676269531250e+01,-5.934765243530273438e+01,-6.043224334716796875e+01,-6.557855224609375000e+01,-6.703672790527343750e+01,-7.048094177246093750e+01,-7.237213134765625000e+01,-7.465977478027343750e+01,-7.629190063476562500e+01,-7.711873626708984375e+01,-7.817050933837890625e+01,-7.861273193359375000e+01,-7.882672119140625000e+01,-7.891630554199218750e+01,-7.895022583007812500e+01,-7.853915405273437500e+01,-7.748112487792968750e+01,-7.523536682128906250e+01,-7.284616088867187500e+01,-6.894238281250000000e+01,-6.242145538330078125e+01,-5.826023483276367188e+01,-5.412314605712890625e+01,-5.053190231323242188e+01,-4.856275177001953125e+01,-4.591556167602539062e+01,-4.919097518920898438e+01,-5.031983947753906250e+01,-5.233495712280273438e+01,-5.183670425415039062e+01,-5.724343490600585938e+01,-5.793981933593750000e+01,-6.205746078491210938e+01,-6.268431091308593750e+01,-6.758797454833984375e+01,-7.027593994140625000e+01,-7.007112121582031250e+01,-7.294010925292968750e+01,-7.517735290527343750e+01,-7.666883087158203125e+01,-7.609170532226562500e+01,-7.740547180175781250e+01,-7.892582702636718750e+01,-7.871688842773437500e+01,-7.754158782958984375e+01,-7.680111694335937500e+01,-7.813133239746093750e+01,-7.772653198242187500e+01,-7.666220092773437500e+01,-7.458549499511718750e+01,-7.726910400390625000e+01,-7.721047973632812500e+01,-7.632893371582031250e+01,-7.338728332519531250e+01,-7.786225891113281250e+01,-7.858783721923828125e+01,-7.671685791015625000e+01,-7.817282104492187500e+01,-7.844299316406250000e+01,-7.890920257568359375e+01
-7.753999328613281250e+01,-7.909565734863281250e+01,-7.926198577880859375e+01,-7.906779479980468750e+01,-7.901412200927734375e+01,-7.799478149414062500e+01,-7.808919525146484375e+01,-7.652971649169921875e+01,-7.597212219238281250e+01,-7.378125000000000000e+01,-7.222908020019531250e+01,-6.918733978271484375e+01,-6.514562988281250000e+01,-6.156169891357421875e+01,-5.532257080078125000e+01,-5.377265930175781250e+01,-4.502879333496093750e+01,-4.615323638916015625e+01,-3.809901428222656250e+01,-4.186307525634765625e+01,-3.596949768066406250e+01,-3.933296585083007812e+01,-3.733900451660156250e+01,-3.882998657226562500e+01,-4.038192749023437500e+01,-3.794067382812500000e+01,-4.018775939941406250e+01,-3.988688278198242188e+01,-3.989778900146484375e+01,-3.998134231567382812e+01,-3.982903289794921875e+01,-3.990008544921875000e+01,-3.973400115966796875e+01,-3.916928100585937500e+01,-3.907428741455078125e+01,-3.838144302368164062e+01,-3.803350067138671875e+01,-3.808390045166015625e+01,-3.727782821655273438e+01,-3.816895675659179688e+01,-3.641989898681640625e+01,-3.856285858154296875e+01,-3.615733718872070312e+01,-3.935935974121093750e+01,-3.766039276123046875e+01,-4.140109252929687500e+01,-4.125456237792968750e+01,-4.434383773803710938e+01,-4.596704864501953125e+01,-4.988204193115234375e+01,-5.052934265136718750e+01,-5.386407089233398438e+01,-5.588739776611328125e+01,-5.863905334472656250e+01,-6.137119293212890625e+01,-6.319528198242187500e+01,-6.794290924072265625e+01,-6.933815002441406250e+01,-7.311262512207031250e+01,-7.476815795898437500e+01,-7.707592773437500000e+01,-7.774842071533203125e+01,-7.855247497558593750e+01,-7.882659912109375000e+01,-7.891728210449218750e+01,-7.905397033691406250e+01,-7.902856445312500000e+01,-7.878979492187500000e+01,-7.787687683105468750e+01,-7.618910217285156250e+01,-7.468520355224609375e+01,-7.083503723144531250e+01,-6.417882537841796875e+01,-5.843821334838867188e+01,-5.530140304565429688e+01,-5.005391693115234375e+01,-4.781587219238281250e+01,-4.559693527221679688e+01,-5.019893646240234375e+01,-5.167963027954101562e+01,-5.143931579589843750e+01,-5.290967178344726562e+01,-5.813032913208007812e+01,-6.158506393432617188e+01,-6.206980895996093750e+01,-6.609782409667968750e+01,-6.901504516601562500e+01,-7.147732543945312500e+01,-7.032473754882812500e+01,-7.358312988281250000e+01,-7.487121582031250000e+01,-7.644514465332031250e+01,-7.477261352539062500e+01,-7.756215667724609375e+01,-7.882344055175781250e+01,-7.878773498535156250e+01,-7.707289886474609375e+01,-7.799999237060546875e+01,-7.869427490234375000e+01,-7.865408325195312500e+01,-7.710469055175781250e+01,-7.809294891357421875e+01,-7.872044372558593750e+01,-7.890532684326171875e+01,-7.759411621093750000e+01,-7.778379821777343750e+01,-7.879182434082031250e+01,-7.895979309082031250e+01,-7.562142181396484375e+01,-7.792937469482421875e+01,-7.861213684082031250e+01,-7.962008666992187500e+01
-7.956134033203125000e+01,-7.955487823486328125e+01,-7.951541900634765625e+01,-7.931925964355468750e+01,-7.863488006591796875e+01,-7.678364562988281250e+01,-7.693710327148437500e+01,-7.508015441894531250e+01,-7.514875030517578125e+01,-7.223912048339843750e+01,-7.151254272460937500e+01,-6.842659759521484375e+01,-6.513415527343750000e+01,-6.322046661376953125e+01,-5.614413070678710938e+01,-5.671434402465820312e+01,-4.894551467895507812e+01,-5.066881561279296875e+01,-4.377272033691406250e+01,-4.813105773925781250e+01,-4.196795272827148438e+01,-4.855888366699218750e+01,-4.356165313720703125e+01,-5.099568939208984375e+01,-4.764464950561523438e+01,-5.267983245849609375e+01,-5.025812530517578125e+01,-5.380802536010742188e+01,-5.030865478515625000e+01,-5.338240432739257812e+01,-5.037570190429687500e+01,-5.151520538330078125e+01,-4.945389556884765625e+01,-4.972097778320312500e+01,-4.781148910522460938e+01,-4.683874511718750000e+01,-4.575924682617187500e+01,-4.417054748535156250e+01,-4.301224136352539062e+01,-4.152056121826171875e+01,-4.221488952636718750e+01,-4.020040893554687500e+01,-4.137544250488281250e+01,-4.027486801147460938e+01,-4.272651290893554688e+01,-4.259145355224609375e+01,-4.398408508300781250e+01,-4.540290451049804688e+01,-4.653009796142578125e+01,-4.991946029663085938e+01,-4.716519927978515625e+01,-5.340514755249023438e+01,-5.092145156860351562e+01,-5.770423889160156250e+01,-5.582424926757812500e+01,-6.423622894287109375e+01,-6.343205642700195312e+01,-6.960067749023437500e+01,-7.006081390380859375e+01,-7.529888916015625000e+01,-7.637839508056640625e+01,-7.793479919433593750e+01,-7.838470458984375000e+01,-7.918176269531250000e+01,-7.904475402832031250e+01,-7.928923797607421875e+01,-7.894769287109375000e+01,-7.904618072509765625e+01,-7.761701202392578125e+01,-7.590299987792968750e+01,-7.180935668945312500e+01,-6.927806854248046875e+01,-6.008018493652343750e+01,-5.578738403320312500e+01,-5.222665786743164062e+01,-4.938565063476562500e+01,-4.968963623046875000e+01,-4.631444549560546875e+01,-4.882110595703125000e+01,-5.004816055297851562e+01,-5.129770660400390625e+01,-5.347576141357421875e+01,-5.670141983032226562e+01,-6.335207366943359375e+01,-6.568824768066406250e+01,-6.992195892333984375e+01,-7.111497497558593750e+01,-7.487518310546875000e+01,-7.377113342285156250e+01,-7.610067749023437500e+01,-7.555735778808593750e+01,-7.752680969238281250e+01,-7.709819030761718750e+01,-7.861299133300781250e+01,-7.867604064941406250e+01,-7.906465911865234375e+01,-7.849461364746093750e+01,-7.873477172851562500e+01,-7.890534973144531250e+01,-7.903611755371093750e+01,-7.909111022949218750e+01,-7.905412292480468750e+01,-7.933505249023437500e+01,-7.946294403076171875e+01,-7.949706268310546875e+01,-7.927991485595703125e+01,-7.937548828125000000e+01,-7.926867675781250000e+01,-7.809372711181640625e+01,-7.820820617675781250e+01,-7.811076354980468750e+01,-7.775662231445312500e+01
-7.524598693847656250e+01,-7.728826904296875000e+01,-7.969960021972656250e+01,-7.967382812500000000e+01,-7.956066894531250000e+01,-7.842359924316406250e+01,-7.827180480957031250e+01,-7.496777343750000000e+01,-7.460523986816406250e+01,-6.885848236083984375e+01,-6.676469421386718750e+01,-6.046705627441406250e+01,-5.424575805664062500e+01,-5.118618392944335938e+01,-4.387052536010742188e+01,-4.716076660156250000e+01,-3.802449417114257812e+01,-4.206578445434570312e+01,-3.599305725097656250e+01,-3.976659011840820312e+01,-3.452120208740234375e+01,-3.831578063964843750e+01,-3.437667083740234375e+01,-3.731692504882812500e+01,-3.425851821899414062e+01,-3.516775512695312500e+01,-3.376764297485351562e+01,-3.417049789428710938e+01,-3.175450897216796875e+01,-3.293126678466796875e+01,-3.154146957397460938e+01,-3.331240081787109375e+01,-3.117938804626464844e+01,-3.340868377685546875e+01,-3.216001129150390625e+01,-3.505589675903320312e+01,-3.277045440673828125e+01,-3.530329895019531250e+01,-3.346498107910156250e+01,-3.625417709350585938e+01,-3.510123062133789062e+01,-3.689944458007812500e+01,-3.581128311157226562e+01,-3.781116867065429688e+01,-3.759018325805664062e+01,-3.961892700195312500e+01,-3.938100051879882812e+01,-4.241091918945312500e+01,-4.371599197387695312e+01,-4.724989700317382812e+01,-4.869559478759765625e+01,-5.178510665893554688e+01,-5.563386917114257812e+01,-5.872730255126953125e+01,-6.251268386840820312e+01,-6.513057708740234375e+01,-6.813673400878906250e+01,-6.984561920166015625e+01,-7.315602111816406250e+01,-7.466058349609375000e+01,-7.695133972167968750e+01,-7.721916198730468750e+01,-7.848877716064453125e+01,-7.866404724121093750e+01,-7.904811096191406250e+01,-7.912390136718750000e+01,-7.912181854248046875e+01,-7.921337890625000000e+01,-7.857109069824218750e+01,-7.743933868408203125e+01,-7.453878784179687500e+01,-7.259852600097656250e+01,-6.462413024902343750e+01,-6.179235458374023438e+01,-5.820386505126953125e+01,-5.705866241455078125e+01,-5.707047653198242188e+01,-5.574411010742187500e+01,-5.606167602539062500e+01,-5.661138916015625000e+01,-5.868323516845703125e+01,-5.849678802490234375e+01,-6.314167022705078125e+01,-6.590248107910156250e+01,-6.963034057617187500e+01,-7.111663818359375000e+01,-7.413259887695312500e+01,-7.634213256835937500e+01,-7.669171142578125000e+01,-7.699105072021484375e+01,-7.760116577148437500e+01,-7.836803436279296875e+01,-7.783902740478515625e+01,-7.829547119140625000e+01,-7.887519073486328125e+01,-7.871826171875000000e+01,-7.808589935302734375e+01,-7.790936279296875000e+01,-7.856160736083984375e+01,-7.859046936035156250e+01,-7.821801757812500000e+01,-7.796102142333984375e+01,-7.882701110839843750e+01,-7.907655334472656250e+01,-7.912914276123046875e+01,-7.891133117675781250e+01,-7.921076965332031250e+01,-7.892922973632812500e+01,-7.810189056396484375e+01,-7.842646789550781250e+01,-7.740629577636718750e+01,-7.980413055419921875e+01
-7.989335632324218750e+01,-7.963861083984375000e+01,-7.983369445800781250e+01,-7.986399078369140625e+01,-7.983340454101562500e+01,-7.930349731445312500e+01,-7.941218566894531250e+01,-7.848699188232421875e+01,-7.818840026855468750e+01,-7.561598205566406250e+01,-7.445528411865234375e+01,-6.945856475830078125e+01,-6.764265441894531250e+01,-5.988755798339843750e+01,-5.860427093505859375e+01,-5.424860000610351562e+01,-5.038154602050781250e+01,-4.824484634399414062e+01,-4.390150070190429688e+01,-4.504478836059570312e+01,-4.084506225585937500e+01,-4.066600418090820312e+01,-3.887192916870117188e+01,-3.849849700927734375e+01,-3.615100097656250000e+01,-3.332497406005859375e+01,-3.371636962890625000e+01,-3.185750579833984375e+01,-3.147834396362304688e+01,-2.886573791503906250e+01,-3.029436874389648438e+01,-2.923392105102539062e+01,-2.983996582031250000e+01,-2.842137718200683594e+01,-3.056096649169921875e+01,-3.009386634826660156e+01,-3.158637619018554688e+01,-3.043590545654296875e+01,-3.368261337280273438e+01,-3.231323242187500000e+01,-3.545551300048828125e+01,-3.332424926757812500e+01,-3.797750091552734375e+01,-3.625174331665039062e+01,-4.150859832763671875e+01,-4.051593017578125000e+01,-4.564666366577148438e+01,-4.622709655761718750e+01,-5.103182601928710938e+01,-5.296192932128906250e+01,-5.654975891113281250e+01,-5.989291381835937500e+01,-6.208358001708984375e+01,-6.668731689453125000e+01,-6.842562103271484375e+01,-7.206334686279296875e+01,-7.358750915527343750e+01,-7.613542175292968750e+01,-7.727107238769531250e+01,-7.869531250000000000e+01,-7.900154113769531250e+01,-7.947031402587890625e+01,-7.956697845458984375e+01,-7.970677185058593750e+01,-7.962369537353515625e+01,-7.962772369384765625e+01,-7.933876037597656250e+01,-7.919256591796875000e+01,-7.693542480468750000e+01,-7.501212310791015625e+01,-6.938393402099609375e+01,-6.660823822021484375e+01,-5.562332916259765625e+01,-5.238115692138671875e+01,-4.866775894165039062e+01,-4.995808792114257812e+01,-4.705428695678710938e+01,-4.802817535400390625e+01,-4.744405364990234375e+01,-5.092895889282226562e+01,-4.942896270751953125e+01,-5.402997589111328125e+01,-5.636671447753906250e+01,-6.251580810546875000e+01,-6.205495452880859375e+01,-6.775370788574218750e+01,-6.907336425781250000e+01,-7.359738159179687500e+01,-7.168849182128906250e+01,-7.541905212402343750e+01,-7.522638702392578125e+01,-7.785900878906250000e+01,-7.626289367675781250e+01,-7.836532592773437500e+01,-7.862728881835937500e+01,-7.922190856933593750e+01,-7.801058959960937500e+01,-7.893637084960937500e+01,-7.915091705322265625e+01,-7.952888488769531250e+01,-7.913302612304687500e+01,-7.933680725097656250e+01,-7.946373748779296875e+01,-7.971395111083984375e+01,-7.957244110107421875e+01,-7.948330688476562500e+01,-7.959132385253906250e+01,-7.957504272460937500e+01,-7.857477569580078125e+01,-7.817441558837890625e+01,-7.832150268554687500e+01,-7.917819213867187500e+01
-7.981390380859375000e+01,-7.973523712158203125e+01,-7.992068481445312500e+01,-7.994897460937500000e+01,-7.991242980957031250e+01,-7.957301330566406250e+01,-7.947061157226562500e+01,-7.815600585937500000e+01,-7.754293060302734375e+01,-7.263815307617187500e+01,-7.110144805908203125e+01,-6.358706665039062500e+01,-6.000225448608398438e+01,-5.339418792724609375e+01,-5.061622619628906250e+01,-4.896369552612304688e+01,-4.396774291992187500e+01,-4.582600021362304688e+01,-4.070516586303710938e+01,-4.395352554321289062e+01,-3.864200210571289062e+01,-4.232439422607421875e+01,-3.832665634155273438e+01,-4.157456207275390625e+01,-3.749108123779296875e+01,-3.801372528076171875e+01,-3.475727462768554688e+01,-3.561726379394531250e+01,-3.088426208496093750e+01,-3.152666282653808594e+01,-2.787980270385742188e+01,-2.896063041687011719e+01,-2.579879760742187500e+01,-2.790420532226562500e+01,-2.609822082519531250e+01,-2.814670181274414062e+01,-2.692411804199218750e+01,-2.900979614257812500e+01,-2.896068763732910156e+01,-3.083353996276855469e+01,-3.116945648193359375e+01,-3.299642181396484375e+01,-3.396641540527343750e+01,-3.634782028198242188e+01,-3.826075363159179688e+01,-4.055151748657226562e+01,-4.315171813964843750e+01,-4.455282974243164062e+01,-4.897981262207031250e+01,-5.068921279907226562e+01,-5.365683364868164062e+01,-5.706554412841796875e+01,-6.004989624023437500e+01,-6.407730865478515625e+01,-6.645381927490234375e+01,-7.081163024902343750e+01,-7.299252319335937500e+01,-7.574938964843750000e+01,-7.720841979980468750e+01,-7.868893432617187500e+01,-7.913585662841796875e+01,-7.948016357421875000e+01,-7.963124084472656250e+01,-7.976536560058593750e+01,-7.971248626708984375e+01,-7.970919799804687500e+01,-7.953469848632812500e+01,-7.948150634765625000e+01,-7.814598083496093750e+01,-7.694917297363281250e+01,-7.246520996093750000e+01,-7.039743041992187500e+01,-5.699230957031250000e+01,-5.417208480834960938e+01,-5.011532592773437500e+01,-5.107371520996093750e+01,-4.588702774047851562e+01,-4.816846847534179688e+01,-4.929196929931640625e+01,-5.371960449218750000e+01,-5.181844329833984375e+01,-5.541581726074218750e+01,-5.814320755004882812e+01,-6.386463165283203125e+01,-6.496457672119140625e+01,-6.858456420898437500e+01,-7.133859252929687500e+01,-7.476982879638671875e+01,-7.408261108398437500e+01,-7.656033325195312500e+01,-7.715821838378906250e+01,-7.846122741699218750e+01,-7.819025421142578125e+01,-7.906933593750000000e+01,-7.951087188720703125e+01,-7.962696838378906250e+01,-7.942436981201171875e+01,-7.959702301025390625e+01,-7.976625061035156250e+01,-7.982902526855468750e+01,-7.976526641845703125e+01,-7.967775726318359375e+01,-7.982526397705078125e+01,-7.984382629394531250e+01,-7.975921630859375000e+01,-7.945823669433593750e+01,-7.959784698486328125e+01,-7.961672973632812500e+01,-7.864667510986328125e+01,-7.849279022216796875e+01,-7.837562561035156250e+01,-7.960265350341796875e+01
-7.922097778320312500e+01,-7.968525695800781250e+01,-7.992160034179687500e+01,-7.996389007568359375e+01,-7.993476867675781250e+01,-7.975183105468750000e+01,-7.962275695800781250e+01,-7.895791625976562500e+01,-7.789639282226562500e+01,-7.503064727783203125e+01,-7.230343627929687500e+01,-6.645321655273437500e+01,-6.066212463378906250e+01,-5.439233779907226562e+01,-4.997914123535156250e+01,-4.920695877075195312e+01,-4.477894973754882812e+01,-4.523167037963867188e+01,-4.210251617431640625e+01,-4.378648757934570312e+01,-4.179973983764648438e+01,-4.162096405029296875e+01,-4.090266799926757812e+01,-3.874845886230468750e+01,-3.937909317016601562e+01,-3.452371215820312500e+01,-3.720531082153320312e+01,-3.243902587890625000e+01,-3.460703277587890625e+01,-3.030293273925781250e+01,-3.379044723510742188e+01,-2.937468910217285156e+01,-3.290399932861328125e+01,-3.000753402709960938e+01,-3.481386566162109375e+01,-3.142122650146484375e+01,-3.594186401367187500e+01,-3.316539001464843750e+01,-3.783990097045898438e+01,-3.463367462158203125e+01,-3.861479187011718750e+01,-3.588576507568359375e+01,-3.967651748657226562e+01,-3.820243453979492188e+01,-4.169515228271484375e+01,-4.159082031250000000e+01,-4.460690307617187500e+01,-4.512818908691406250e+01,-4.777423095703125000e+01,-5.045131301879882812e+01,-5.171803665161132812e+01,-5.606347656250000000e+01,-5.821508026123046875e+01,-6.290328216552734375e+01,-6.407940673828125000e+01,-6.940196228027343750e+01,-7.010076904296875000e+01,-7.404275512695312500e+01,-7.509277343750000000e+01,-7.787873840332031250e+01,-7.824342346191406250e+01,-7.916793060302734375e+01,-7.927117919921875000e+01,-7.970156860351562500e+01,-7.948394775390625000e+01,-7.970661926269531250e+01,-7.932630920410156250e+01,-7.947369384765625000e+01,-7.760160827636718750e+01,-7.706341552734375000e+01,-7.189183044433593750e+01,-7.060990905761718750e+01,-5.987730407714843750e+01,-6.028218841552734375e+01,-5.523172378540039062e+01,-5.657588958740234375e+01,-5.381616592407226562e+01,-5.412065124511718750e+01,-5.446035766601562500e+01,-5.643610382080078125e+01,-5.601814270019531250e+01,-5.811953735351562500e+01,-6.187342834472656250e+01,-6.604861450195312500e+01,-6.666807556152343750e+01,-7.015860748291015625e+01,-7.306968688964843750e+01,-7.591989898681640625e+01,-7.460800170898437500e+01,-7.736312866210937500e+01,-7.764591979980468750e+01,-7.884877777099609375e+01,-7.789115905761718750e+01,-7.915093994140625000e+01,-7.948942565917968750e+01,-7.960844421386718750e+01,-7.903480529785156250e+01,-7.952685546875000000e+01,-7.977355194091796875e+01,-7.987091064453125000e+01,-7.960710144042968750e+01,-7.971005249023437500e+01,-7.985420227050781250e+01,-7.992790222167968750e+01,-7.976103210449218750e+01,-7.976708221435546875e+01,-7.987283325195312500e+01,-7.989221191406250000e+01,-7.913638305664062500e+01,-7.926708984375000000e+01,-7.885658264160156250e+01,-7.984033203125000000e+01
-7.988247680664062500e+01,-7.997715759277343750e+01,-7.998062133789062500e+01,-7.998844909667968750e+01,-7.996858215332031250e+01,-7.989093017578125000e+01,-7.976576995849609375e+01,-7.945802307128906250e+01,-7.839785003662109375e+01,-7.731398010253906250e+01,-7.247888946533203125e+01,-7.112759399414062500e+01,-5.907883834838867188e+01,-6.012569427490234375e+01,-4.632412719726562500e+01,-5.040386199951171875e+01,-3.926556777954101562e+01,-4.245776367187500000e+01,-3.614875030517578125e+01,-3.787092208862304688e+01,-3.603857421875000000e+01,-3.526360702514648438e+01,-3.678223419189453125e+01,-3.476875305175781250e+01,-3.721383666992187500e+01,-3.310639572143554688e+01,-3.521398925781250000e+01,-3.192646789550781250e+01,-3.306721496582031250e+01,-2.973490333557128906e+01,-3.128269958496093750e+01,-2.868994140625000000e+01,-3.009906578063964844e+01,-2.835790634155273438e+01,-2.924024391174316406e+01,-2.895801544189453125e+01,-2.923527145385742188e+01,-3.020178413391113281e+01,-2.969155883789062500e+01,-3.151271247863769531e+01,-3.083270835876464844e+01,-3.339735031127929688e+01,-3.254199981689453125e+01,-3.565097808837890625e+01,-3.632572937011718750e+01,-3.982115173339843750e+01,-4.085131072998046875e+01,-4.452878570556640625e+01,-4.607877349853515625e+01,-5.113764190673828125e+01,-5.166489410400390625e+01,-5.703535461425781250e+01,-5.865206146240234375e+01,-6.399357223510742188e+01,-6.534932708740234375e+01,-6.982162475585937500e+01,-7.070397949218750000e+01,-7.386186981201171875e+01,-7.482750701904296875e+01,-7.739134216308593750e+01,-7.793505859375000000e+01,-7.899935913085937500e+01,-7.923136138916015625e+01,-7.965516662597656250e+01,-7.953637695312500000e+01,-7.973596954345703125e+01,-7.957331085205078125e+01,-7.965637207031250000e+01,-7.855687713623046875e+01,-7.806640625000000000e+01,-7.508909606933593750e+01,-7.393695068359375000e+01,-6.572108459472656250e+01,-6.349597167968750000e+01,-5.981562042236328125e+01,-5.873057556152343750e+01,-5.571715164184570312e+01,-5.451758575439453125e+01,-5.616712188720703125e+01,-5.767100524902343750e+01,-5.718844985961914062e+01,-5.956164550781250000e+01,-6.349816894531250000e+01,-6.794837951660156250e+01,-6.874870300292968750e+01,-7.225389099121093750e+01,-7.371486663818359375e+01,-7.660722351074218750e+01,-7.595248413085937500e+01,-7.794703674316406250e+01,-7.776330566406250000e+01,-7.897318267822265625e+01,-7.812164306640625000e+01,-7.924880981445312500e+01,-7.939172363281250000e+01,-7.948550415039062500e+01,-7.878962707519531250e+01,-7.926966857910156250e+01,-7.944885253906250000e+01,-7.958923339843750000e+01,-7.924346160888671875e+01,-7.940596008300781250e+01,-7.958877563476562500e+01,-7.969064331054687500e+01,-7.946430969238281250e+01,-7.936869812011718750e+01,-7.957768249511718750e+01,-7.954330444335937500e+01,-7.859985351562500000e+01,-7.900143432617187500e+01,-7.725863647460937500e+01,-7.897128295898437500e+01
-7.998300170898437500e+01,-7.999645233154296875e+01,-7.999589538574218750e+01,-7.998944091796875000e+01,-7.997657012939453125e+01,-7.992173004150390625e+01,-7.976301574707031250e+01,-7.941499328613281250e+01,-7.843611907958984375e+01,-7.723965454101562500e+01,-7.356555938720703125e+01,-7.139997100830078125e+01,-6.324297714233398438e+01,-6.085594940185546875e+01,-5.189995574951171875e+01,-5.278250885009765625e+01,-4.404377746582031250e+01,-4.470214462280273438e+01,-3.762002944946289062e+01,-3.826657867431640625e+01,-3.353153610229492188e+01,-3.224495315551757812e+01,-3.198618698120117188e+01,-3.011990737915039062e+01,-3.417235565185546875e+01,-2.948395538330078125e+01,-3.465766906738281250e+01,-2.985071563720703125e+01,-3.523415756225585938e+01,-2.991232109069824219e+01,-3.530875396728515625e+01,-3.059839057922363281e+01,-3.513666152954101562e+01,-3.125198364257812500e+01,-3.524428558349609375e+01,-3.246877670288085938e+01,-3.498535919189453125e+01,-3.320497131347656250e+01,-3.512252807617187500e+01,-3.469622039794921875e+01,-3.533499526977539062e+01,-3.511937332153320312e+01,-3.584831237792968750e+01,-3.689557266235351562e+01,-3.967684936523437500e+01,-4.039376449584960938e+01,-4.595479583740234375e+01,-4.702219772338867188e+01,-5.287295913696289062e+01,-5.533593368530273438e+01,-6.033335113525390625e+01,-6.327050018310546875e+01,-6.738182067871093750e+01,-7.051310729980468750e+01,-7.293347167968750000e+01,-7.547978973388671875e+01,-7.642218780517578125e+01,-7.799903106689453125e+01,-7.879162597656250000e+01,-7.931680297851562500e+01,-7.959828186035156250e+01,-7.973341369628906250e+01,-7.985807037353515625e+01,-7.988394165039062500e+01,-7.989340209960937500e+01,-7.985995483398437500e+01,-7.982308197021484375e+01,-7.966522216796875000e+01,-7.893206024169921875e+01,-7.713528442382812500e+01,-7.378172302246093750e+01,-6.932175445556640625e+01,-5.958171844482421875e+01,-5.660873031616210938e+01,-5.535755157470703125e+01,-5.374975967407226562e+01,-5.186624145507812500e+01,-5.097882843017578125e+01,-5.453389358520507812e+01,-5.620063018798828125e+01,-5.490802764892578125e+01,-5.739771270751953125e+01,-6.226428604125976562e+01,-6.604977416992187500e+01,-6.673167419433593750e+01,-6.887960052490234375e+01,-7.424955749511718750e+01,-7.537681579589843750e+01,-7.582231903076171875e+01,-7.655665588378906250e+01,-7.842372131347656250e+01,-7.877008056640625000e+01,-7.856494140625000000e+01,-7.915868377685546875e+01,-7.969011688232421875e+01,-7.959474182128906250e+01,-7.933691406250000000e+01,-7.944027709960937500e+01,-7.976541137695312500e+01,-7.978582763671875000e+01,-7.958875274658203125e+01,-7.961266326904296875e+01,-7.986470794677734375e+01,-7.989820098876953125e+01,-7.976026916503906250e+01,-7.979673767089843750e+01,-7.993006896972656250e+01,-7.995091247558593750e+01,-7.965354919433593750e+01,-7.966793823242187500e+01,-7.967700195312500000e+01,-7.981887817382812500e+01
-7.997622680664062500e+01,-7.999578857421875000e+01,-7.999819946289062500e+01,-7.999681854248046875e+01,-7.999076843261718750e+01,-7.996323394775390625e+01,-7.988674926757812500e+01,-7.975138854980468750e+01,-7.927010345458984375e+01,-7.859514617919921875e+01,-7.647595214843750000e+01,-7.466999053955078125e+01,-6.915265655517578125e+01,-6.611637878417968750e+01,-5.999617767333984375e+01,-5.871930694580078125e+01,-5.107190704345703125e+01,-5.153651428222656250e+01,-4.516844940185546875e+01,-4.629832839965820312e+01,-4.228689575195312500e+01,-4.079558181762695312e+01,-4.126439666748046875e+01,-4.011159896850585938e+01,-4.061622619628906250e+01,-3.801210021972656250e+01,-4.004396057128906250e+01,-3.571074676513671875e+01,-3.786103820800781250e+01,-3.296544647216796875e+01,-3.643202209472656250e+01,-3.147880935668945312e+01,-3.475904464721679688e+01,-3.097127532958984375e+01,-3.472959136962890625e+01,-3.129470443725585938e+01,-3.380842208862304688e+01,-3.203194427490234375e+01,-3.457497406005859375e+01,-3.292920303344726562e+01,-3.508527755737304688e+01,-3.412635803222656250e+01,-3.721544647216796875e+01,-3.616385650634765625e+01,-4.029538345336914062e+01,-4.016620254516601562e+01,-4.533940505981445312e+01,-4.510358047485351562e+01,-5.265748214721679688e+01,-5.285047531127929688e+01,-5.890206909179687500e+01,-6.083988189697265625e+01,-6.509432983398437500e+01,-6.883354187011718750e+01,-7.064070129394531250e+01,-7.438848114013671875e+01,-7.507665252685546875e+01,-7.743711853027343750e+01,-7.817503356933593750e+01,-7.916780853271484375e+01,-7.948768615722656250e+01,-7.977852630615234375e+01,-7.986435699462890625e+01,-7.994186401367187500e+01,-7.994252014160156250e+01,-7.996110534667968750e+01,-7.994271850585937500e+01,-7.992926025390625000e+01,-7.967395782470703125e+01,-7.933747863769531250e+01,-7.767250061035156250e+01,-7.617877960205078125e+01,-6.887933349609375000e+01,-6.729989624023437500e+01,-5.983480834960937500e+01,-5.837559890747070312e+01,-5.228448486328125000e+01,-5.423626708984375000e+01,-5.329508590698242188e+01,-5.673731994628906250e+01,-5.327629089355468750e+01,-5.828883743286132812e+01,-5.963817596435546875e+01,-6.620367431640625000e+01,-6.486476135253906250e+01,-7.054562377929687500e+01,-7.214566040039062500e+01,-7.601864624023437500e+01,-7.475181579589843750e+01,-7.748509979248046875e+01,-7.804219055175781250e+01,-7.913106536865234375e+01,-7.870355224609375000e+01,-7.952854919433593750e+01,-7.974356079101562500e+01,-7.980937194824218750e+01,-7.959468078613281250e+01,-7.976209259033203125e+01,-7.984719848632812500e+01,-7.990953063964843750e+01,-7.978585815429687500e+01,-7.985314178466796875e+01,-7.989305877685546875e+01,-7.995082092285156250e+01,-7.988948059082031250e+01,-7.991691589355468750e+01,-7.995458221435546875e+01,-7.996905517578125000e+01,-7.986869812011718750e+01,-7.992065429687500000e+01,-7.988446044921875000e+01,-7.993393707275390625e+01
-7.999689483642578125e+01,-7.999955749511718750e+01,-7.999901580810546875e+01,-7.999813842773437500e+01,-7.999283599853515625e+01,-7.998166656494140625e+01,-7.994169616699218750e+01,-7.990595245361328125e+01,-7.956443786621093750e+01,-7.939874267578125000e+01,-7.768667602539062500e+01,-7.705650329589843750e+01,-7.161180877685546875e+01,-7.003769683837890625e+01,-6.129172515869140625e+01,-6.253063964843750000e+01,-5.267326354980468750e+01,-5.382818222045898438e+01,-4.691481018066406250e+01,-4.950810623168945312e+01,-4.495869445800781250e+01,-4.624605941772460938e+01,-4.386547088623046875e+01,-4.454876708984375000e+01,-4.401701736450195312e+01,-4.290768432617187500e+01,-4.255995941162109375e+01,-4.197529983520507812e+01,-3.971740341186523438e+01,-3.932728576660156250e+01,-3.648304748535156250e+01,-3.726439666748046875e+01,-3.452598953247070312e+01,-3.610287094116210938e+01,-3.325464630126953125e+01,-3.491632461547851562e+01,-3.262031555175781250e+01,-3.405643081665039062e+01,-3.190850830078125000e+01,-3.391147994995117188e+01,-3.302106475830078125e+01,-3.468365859985351562e+01,-3.480617141723632812e+01,-3.680760574340820312e+01,-3.953256607055664062e+01,-4.159054183959960938e+01,-4.738449478149414062e+01,-4.939855194091796875e+01,-5.669090270996093750e+01,-5.971093368530273438e+01,-6.477863311767578125e+01,-6.707722473144531250e+01,-7.030885314941406250e+01,-7.302428436279296875e+01,-7.479164123535156250e+01,-7.690510559082031250e+01,-7.769606781005859375e+01,-7.882170104980468750e+01,-7.924803161621093750e+01,-7.972630310058593750e+01,-7.983139038085937500e+01,-7.994544219970703125e+01,-7.996487426757812500e+01,-7.998863220214843750e+01,-7.998550415039062500e+01,-7.999186706542968750e+01,-7.998255920410156250e+01,-7.998213958740234375e+01,-7.988439178466796875e+01,-7.968870544433593750e+01,-7.858645629882812500e+01,-7.788523864746093750e+01,-7.195555877685546875e+01,-6.929859924316406250e+01,-6.530914306640625000e+01,-6.359107971191406250e+01,-6.043489456176757812e+01,-5.909013366699218750e+01,-6.144118881225585938e+01,-6.113501739501953125e+01,-6.273332595825195312e+01,-6.334688186645507812e+01,-6.786032867431640625e+01,-6.912803649902343750e+01,-7.083184051513671875e+01,-7.109286499023437500e+01,-7.407505798339843750e+01,-7.543972778320312500e+01,-7.466265869140625000e+01,-7.536972045898437500e+01,-7.594189453125000000e+01,-7.740018463134765625e+01,-7.612664031982421875e+01,-7.774704742431640625e+01,-7.907368469238281250e+01,-7.932618713378906250e+01,-7.864413452148437500e+01,-7.868498229980468750e+01,-7.952454376220703125e+01,-7.970877838134765625e+01,-7.943283843994140625e+01,-7.937024688720703125e+01,-7.982469940185546875e+01,-7.992958068847656250e+01,-7.985801696777343750e+01,-7.978806304931640625e+01,-7.993883514404296875e+01,-7.996519470214843750e+01,-7.986813354492187500e+01,-7.980690002441406250e+01,-7.986126708984375000e+01,-7.997979736328125000e+01
-7.998496246337890625e+01,-7.999961090087890625e+01,-7.999952697753906250e+01,-7.999923706054687500e+01,-7.999633026123046875e+01,-7.998860931396484375e+01,-7.994161987304687500e+01,-7.988876342773437500e+01,-7.939677429199218750e+01,-7.907131958007812500e+01,-7.675628662109375000e+01,-7.561893463134765625e+01,-7.003704833984375000e+01,-6.826208496093750000e+01,-6.193194961547851562e+01,-6.158654785156250000e+01,-5.373056793212890625e+01,-5.504806518554687500e+01,-4.713852310180664062e+01,-4.900117874145507812e+01,-4.146853637695312500e+01,-4.478938674926757812e+01,-3.762667083740234375e+01,-4.219063186645507812e+01,-3.530995559692382812e+01,-3.939397048950195312e+01,-3.501158523559570312e+01,-3.753732681274414062e+01,-3.311139297485351562e+01,-3.523993301391601562e+01,-3.303166198730468750e+01,-3.346166229248046875e+01,-3.141769790649414062e+01,-3.156194305419921875e+01,-3.154801559448242188e+01,-3.047717475891113281e+01,-3.058917808532714844e+01,-2.978441429138183594e+01,-3.113943290710449219e+01,-2.955691909790039062e+01,-3.129470825195312500e+01,-3.008250045776367188e+01,-3.255579376220703125e+01,-3.196797561645507812e+01,-3.556162261962890625e+01,-3.606477355957031250e+01,-4.041396713256835938e+01,-4.180833435058593750e+01,-4.772709655761718750e+01,-5.031533050537109375e+01,-5.472104263305664062e+01,-5.848403930664062500e+01,-6.247721862792968750e+01,-6.650388336181640625e+01,-6.866571044921875000e+01,-7.288680267333984375e+01,-7.413899230957031250e+01,-7.698461914062500000e+01,-7.775107574462890625e+01,-7.917289733886718750e+01,-7.937065124511718750e+01,-7.977911376953125000e+01,-7.982057189941406250e+01,-7.993716430664062500e+01,-7.990792846679687500e+01,-7.994378662109375000e+01,-7.986312103271484375e+01,-7.987384796142578125e+01,-7.925946807861328125e+01,-7.859925842285156250e+01,-7.546263122558593750e+01,-7.329437255859375000e+01,-6.367074584960937500e+01,-5.979114532470703125e+01,-5.620179748535156250e+01,-5.561849975585937500e+01,-5.179658889770507812e+01,-5.146184539794921875e+01,-5.232889556884765625e+01,-5.400910568237304688e+01,-5.271519470214843750e+01,-5.388923263549804688e+01,-5.610666275024414062e+01,-6.017172241210937500e+01,-5.829499816894531250e+01,-6.252391815185546875e+01,-6.469244384765625000e+01,-7.037619018554687500e+01,-6.872431945800781250e+01,-7.289056396484375000e+01,-7.408125305175781250e+01,-7.768913269042968750e+01,-7.697760009765625000e+01,-7.830653381347656250e+01,-7.913603210449218750e+01,-7.944378662109375000e+01,-7.873904418945312500e+01,-7.875644683837890625e+01,-7.921766662597656250e+01,-7.949420166015625000e+01,-7.875889587402343750e+01,-7.819685363769531250e+01,-7.866796875000000000e+01,-7.898393249511718750e+01,-7.759039306640625000e+01,-7.661224365234375000e+01,-7.774688720703125000e+01,-7.804856109619140625e+01,-7.646850585937500000e+01,-7.852626037597656250e+01,-7.791680145263671875e+01,-7.927956390380859375e+01
-7.999359130859375000e+01,-7.999887847900390625e+01,-7.999868774414062500e+01,-7.999621582031250000e+01,-7.998822784423828125e+01,-7.995079040527343750e+01,-7.988420104980468750e+01,-7.967121887207031250e+01,-7.924734497070312500e+01,-7.833357238769531250e+01,-7.634562683105468750e+01,-7.371252441406250000e+01,-6.838857269287109375e+01,-6.453838348388671875e+01,-6.053319168090820312e+01,-5.784545898437500000e+01,-5.388970565795898438e+01,-5.269499206542968750e+01,-4.864082717895507812e+01,-4.955102157592773438e+01,-4.562314987182617188e+01,-4.698362731933593750e+01,-4.566910934448242188e+01,-4.724651336669921875e+01,-4.623141098022460938e+01,-4.644432449340820312e+01,-4.687095642089843750e+01,-4.661968231201171875e+01,-4.633674621582031250e+01,-4.500694274902343750e+01,-4.437161636352539062e+01,-4.311263275146484375e+01,-4.195546340942382812e+01,-4.041065979003906250e+01,-3.954438400268554688e+01,-3.871808242797851562e+01,-3.750434494018554688e+01,-3.674421310424804688e+01,-3.621501541137695312e+01,-3.575033187866210938e+01,-3.531719207763671875e+01,-3.380772018432617188e+01,-3.579574584960937500e+01,-3.398930740356445312e+01,-3.799190902709960938e+01,-3.672795486450195312e+01,-4.267701339721679688e+01,-4.161103057861328125e+01,-4.840003967285156250e+01,-4.844243621826171875e+01,-5.286833190917968750e+01,-5.537879943847656250e+01,-5.919145202636718750e+01,-6.319476318359375000e+01,-6.530509948730468750e+01,-7.048258209228515625e+01,-7.118284606933593750e+01,-7.489756774902343750e+01,-7.548748016357421875e+01,-7.822294616699218750e+01,-7.840348815917968750e+01,-7.941779327392578125e+01,-7.951301574707031250e+01,-7.980481719970703125e+01,-7.974420166015625000e+01,-7.983439636230468750e+01,-7.968988800048828125e+01,-7.973304748535156250e+01,-7.891720581054687500e+01,-7.808221435546875000e+01,-7.511167907714843750e+01,-7.414792633056640625e+01,-6.685942077636718750e+01,-6.400825500488281250e+01,-6.082060623168945312e+01,-6.006240463256835938e+01,-5.642549133300781250e+01,-5.554004669189453125e+01,-5.655602264404296875e+01,-5.955261230468750000e+01,-5.757041931152343750e+01,-5.849307632446289062e+01,-6.046004104614257812e+01,-6.449688720703125000e+01,-6.334376525878906250e+01,-6.532926940917968750e+01,-6.765895080566406250e+01,-7.126580810546875000e+01,-6.919348144531250000e+01,-7.186763000488281250e+01,-7.282296752929687500e+01,-7.507781982421875000e+01,-7.357676696777343750e+01,-7.616825866699218750e+01,-7.808905029296875000e+01,-7.843744659423828125e+01,-7.693774414062500000e+01,-7.741849517822265625e+01,-7.860949707031250000e+01,-7.902845764160156250e+01,-7.791567993164062500e+01,-7.801673889160156250e+01,-7.875311279296875000e+01,-7.883866882324218750e+01,-7.675437164306640625e+01,-7.593815612792968750e+01,-7.733242797851562500e+01,-7.712945556640625000e+01,-7.487056732177734375e+01,-7.230416107177734375e+01,-7.697371673583984375e+01,-7.891939544677734375e+01
-7.987455749511718750e+01,-7.999337005615234375e+01,-7.999448394775390625e+01,-7.999423217773437500e+01,-7.999314880371093750e+01,-7.997547912597656250e+01,-7.995693969726562500e+01,-7.985881042480468750e+01,-7.968511962890625000e+01,-7.922609710693359375e+01,-7.830886077880859375e+01,-7.712156677246093750e+01,-7.431367492675781250e+01,-7.190852355957031250e+01,-6.830962371826171875e+01,-6.559352111816406250e+01,-6.279608154296875000e+01,-5.964717864990234375e+01,-5.863786315917968750e+01,-5.495330429077148438e+01,-5.378799438476562500e+01,-4.958666610717773438e+01,-4.897230529785156250e+01,-4.541380310058593750e+01,-4.519124603271484375e+01,-4.194685363769531250e+01,-4.305699539184570312e+01,-3.885608291625976562e+01,-4.045147705078125000e+01,-3.589443206787109375e+01,-3.849854660034179688e+01,-3.373378372192382812e+01,-3.605550384521484375e+01,-3.266877746582031250e+01,-3.577574539184570312e+01,-3.204322052001953125e+01,-3.380180358886718750e+01,-3.178527259826660156e+01,-3.405840301513671875e+01,-3.153057098388671875e+01,-3.396855163574218750e+01,-3.156005096435546875e+01,-3.562647247314453125e+01,-3.252240753173828125e+01,-3.700438690185546875e+01,-3.444176483154296875e+01,-4.067485427856445312e+01,-3.864335250854492188e+01,-4.569765853881835938e+01,-4.524973297119140625e+01,-5.088055801391601562e+01,-5.323305130004882812e+01,-5.781739807128906250e+01,-6.197224426269531250e+01,-6.501313781738281250e+01,-6.958435821533203125e+01,-7.094735717773437500e+01,-7.440808105468750000e+01,-7.576875305175781250e+01,-7.765287780761718750e+01,-7.830884552001953125e+01,-7.914280700683593750e+01,-7.943238830566406250e+01,-7.968354034423828125e+01,-7.969051361083984375e+01,-7.977153015136718750e+01,-7.973217010498046875e+01,-7.967678833007812500e+01,-7.902714538574218750e+01,-7.822541046142578125e+01,-7.633015441894531250e+01,-7.403591918945312500e+01,-6.798283386230468750e+01,-6.580477905273437500e+01,-6.177537918090820312e+01,-6.188441467285156250e+01,-5.704149246215820312e+01,-5.780071258544921875e+01,-5.778729248046875000e+01,-5.952481842041015625e+01,-5.833837890625000000e+01,-5.786112976074218750e+01,-6.060024261474609375e+01,-6.131613922119140625e+01,-6.178785705566406250e+01,-6.249192047119140625e+01,-6.486038970947265625e+01,-6.787137603759765625e+01,-6.544865417480468750e+01,-6.842700958251953125e+01,-7.056409454345703125e+01,-7.312808227539062500e+01,-7.115238952636718750e+01,-7.496772766113281250e+01,-7.782399749755859375e+01,-7.797523498535156250e+01,-7.718344879150390625e+01,-7.796699523925781250e+01,-7.895100402832031250e+01,-7.873339080810546875e+01,-7.771440887451171875e+01,-7.828250122070312500e+01,-7.872924804687500000e+01,-7.865826416015625000e+01,-7.734988403320312500e+01,-7.719236755371093750e+01,-7.731880187988281250e+01,-7.683419036865234375e+01,-7.513732910156250000e+01,-7.496424865722656250e+01,-7.616679382324218750e+01,-7.915327453613281250e+01
-7.998535156250000000e+01,-7.999734497070312500e+01,-7.999610900878906250e+01,-7.999661254882812500e+01,-7.998921203613281250e+01,-7.997317504882812500e+01,-7.990449523925781250e+01,-7.979646301269531250e+01,-7.918920135498046875e+01,-7.830312347412109375e+01,-7.547134399414062500e+01,-7.232824707031250000e+01,-6.500408935546875000e+01,-6.254073333740234375e+01,-5.564086914062500000e+01,-5.593305969238281250e+01,-5.190959167480468750e+01,-5.147437667846679688e+01,-4.972548675537109375e+01,-4.903146362304687500e+01,-4.849295806884765625e+01,-4.737981414794921875e+01,-4.742248153686523438e+01,-4.726302337646484375e+01,-4.615229034423828125e+01,-4.646354293823242188e+01,-4.471973800659179688e+01,-4.259017562866210938e+01,-4.199993133544921875e+01,-4.008377075195312500e+01,-3.911182403564453125e+01,-3.661944198608398438e+01,-3.634773635864257812e+01,-3.511804962158203125e+01,-3.493522262573242188e+01,-3.354356002807617188e+01,-3.311209106445312500e+01,-3.309729003906250000e+01,-3.289472198486328125e+01,-3.323375701904296875e+01,-3.318030929565429688e+01,-3.375237274169921875e+01,-3.547595214843750000e+01,-3.445036315917968750e+01,-3.890167617797851562e+01,-3.639729690551757812e+01,-4.412973022460937500e+01,-4.076241302490234375e+01,-4.964958190917968750e+01,-4.805324172973632812e+01,-5.512149810791015625e+01,-5.566703796386718750e+01,-6.134133911132812500e+01,-6.372200012207031250e+01,-6.678671264648437500e+01,-7.001917266845703125e+01,-7.167015075683593750e+01,-7.426699829101562500e+01,-7.546031188964843750e+01,-7.741904449462890625e+01,-7.805120086669921875e+01,-7.890076446533203125e+01,-7.929585266113281250e+01,-7.949874114990234375e+01,-7.953060913085937500e+01,-7.956221008300781250e+01,-7.950568389892578125e+01,-7.920027923583984375e+01,-7.819313812255859375e+01,-7.581413269042968750e+01,-7.321327209472656250e+01,-6.937570190429687500e+01,-6.189293670654296875e+01,-5.734871292114257812e+01,-5.446941375732421875e+01,-5.091972732543945312e+01,-4.885967254638671875e+01,-4.751987457275390625e+01,-4.923978424072265625e+01,-4.918976593017578125e+01,-4.905912780761718750e+01,-4.793260192871093750e+01,-5.314949417114257812e+01,-5.295785903930664062e+01,-5.606086730957031250e+01,-5.659487533569335938e+01,-6.207391738891601562e+01,-6.366684722900390625e+01,-6.482208251953125000e+01,-6.889320373535156250e+01,-7.198934173583984375e+01,-7.341445922851562500e+01,-7.333732604980468750e+01,-7.716799163818359375e+01,-7.873948669433593750e+01,-7.848510742187500000e+01,-7.813948059082031250e+01,-7.891749572753906250e+01,-7.942918395996093750e+01,-7.929277038574218750e+01,-7.894020843505859375e+01,-7.912263488769531250e+01,-7.944857788085937500e+01,-7.932198333740234375e+01,-7.894048309326171875e+01,-7.890394592285156250e+01,-7.928193664550781250e+01,-7.905987548828125000e+01,-7.853231811523437500e+01,-7.777297973632812500e+01,-7.829721069335937500e+01,-7.911778259277343750e+01
-7.996987915039062500e+01,-7.999556732177734375e+01,-7.999804687500000000e+01,-7.999765777587890625e+01,-7.999462890625000000e+01,-7.998092651367187500e+01,-7.994784545898437500e+01,-7.984580230712890625e+01,-7.953324127197265625e+01,-7.881227874755859375e+01,-7.632789611816406250e+01,-7.366735839843750000e+01,-6.464900207519531250e+01,-6.211655426025390625e+01,-5.029373168945312500e+01,-5.018952560424804688e+01,-4.033250045776367188e+01,-4.342283630371093750e+01,-3.573787307739257812e+01,-4.057320785522460938e+01,-3.324862289428710938e+01,-4.005874633789062500e+01,-3.355085754394531250e+01,-4.052061080932617188e+01,-3.398630523681640625e+01,-4.212545394897460938e+01,-3.590408325195312500e+01,-3.984221649169921875e+01,-3.560383224487304688e+01,-3.994062423706054688e+01,-3.642649459838867188e+01,-3.892432022094726562e+01,-3.569813156127929688e+01,-3.915685272216796875e+01,-3.654818725585937500e+01,-3.735511779785156250e+01,-3.542444992065429688e+01,-3.645272064208984375e+01,-3.567978668212890625e+01,-3.475415039062500000e+01,-3.569860076904296875e+01,-3.467953491210937500e+01,-3.758582687377929688e+01,-3.541459655761718750e+01,-3.959283065795898438e+01,-3.770413589477539062e+01,-4.373851013183593750e+01,-4.185628128051757812e+01,-4.899610519409179688e+01,-4.797543716430664062e+01,-5.415246582031250000e+01,-5.559448242187500000e+01,-6.136655426025390625e+01,-6.385219573974609375e+01,-6.648942565917968750e+01,-7.004151916503906250e+01,-7.082975006103515625e+01,-7.379127502441406250e+01,-7.415868377685546875e+01,-7.710111999511718750e+01,-7.738445281982421875e+01,-7.872056579589843750e+01,-7.914207458496093750e+01,-7.949839782714843750e+01,-7.957708740234375000e+01,-7.959704589843750000e+01,-7.960059356689453125e+01,-7.948069763183593750e+01,-7.871589660644531250e+01,-7.724775695800781250e+01,-7.579893493652343750e+01,-7.240855407714843750e+01,-6.538999176025390625e+01,-5.809286880493164062e+01,-5.418479537963867188e+01,-5.299100112915039062e+01,-4.815265655517578125e+01,-4.911680221557617188e+01,-4.836378097534179688e+01,-5.170188140869140625e+01,-4.942029571533203125e+01,-5.031671905517578125e+01,-5.088113021850585938e+01,-5.198860168457031250e+01,-5.223896789550781250e+01,-5.516535949707031250e+01,-5.962893676757812500e+01,-6.562857818603515625e+01,-6.378702163696289062e+01,-6.915438079833984375e+01,-7.107180786132812500e+01,-7.457777404785156250e+01,-7.224657440185546875e+01,-7.675906372070312500e+01,-7.827733612060546875e+01,-7.880316162109375000e+01,-7.751541137695312500e+01,-7.849667358398437500e+01,-7.883221435546875000e+01,-7.892545318603515625e+01,-7.650817871093750000e+01,-7.796507263183593750e+01,-7.797650146484375000e+01,-7.845370483398437500e+01,-7.484850311279296875e+01,-7.685292053222656250e+01,-7.634724426269531250e+01,-7.745149230957031250e+01,-6.922364807128906250e+01,-7.300611877441406250e+01,-7.506840515136718750e+01,-7.624949645996093750e+01
-7.999081420898437500e+01,-7.999919891357421875e+01,-7.999974822998046875e+01,-7.999964904785156250e+01,-7.999809265136718750e+01,-7.999292755126953125e+01,-7.997143554687500000e+01,-7.993312072753906250e+01,-7.967697143554687500e+01,-7.950360870361328125e+01,-7.774478149414062500e+01,-7.718846130371093750e+01,-7.053344726562500000e+01,-7.096924591064453125e+01,-6.079850006103515625e+01,-6.292337417602539062e+01,-5.140163040161132812e+01,-5.575961685180664062e+01,-4.488283538818359375e+01,-4.780983352661132812e+01,-3.962159347534179688e+01,-4.145426940917968750e+01,-3.782112884521484375e+01,-3.957252120971679688e+01,-3.631689453125000000e+01,-3.983052444458007812e+01,-3.833141326904296875e+01,-4.022463989257812500e+01,-3.867215347290039062e+01,-4.060158538818359375e+01,-4.012792587280273438e+01,-4.135107803344726562e+01,-3.979609298706054688e+01,-4.242639923095703125e+01,-4.136405181884765625e+01,-4.308395767211914062e+01,-4.101991653442382812e+01,-4.339750289916992188e+01,-4.200287628173828125e+01,-4.306842422485351562e+01,-4.141181945800781250e+01,-4.226806259155273438e+01,-4.232529830932617188e+01,-4.163058090209960938e+01,-4.298837280273437500e+01,-4.237625885009765625e+01,-4.545693969726562500e+01,-4.401036834716796875e+01,-4.841216278076171875e+01,-4.824623870849609375e+01,-5.284770202636718750e+01,-5.447472381591796875e+01,-5.904396438598632812e+01,-6.158926391601562500e+01,-6.545184326171875000e+01,-6.842376708984375000e+01,-7.035520172119140625e+01,-7.351475524902343750e+01,-7.535430908203125000e+01,-7.756718444824218750e+01,-7.826910400390625000e+01,-7.917459869384765625e+01,-7.945864105224609375e+01,-7.966708374023437500e+01,-7.965940856933593750e+01,-7.965100097656250000e+01,-7.956013488769531250e+01,-7.933452606201171875e+01,-7.785271453857421875e+01,-7.586597442626953125e+01,-7.175418853759765625e+01,-6.577884674072265625e+01,-5.554131317138671875e+01,-4.919979858398437500e+01,-4.559738922119140625e+01,-4.241119384765625000e+01,-4.052102661132812500e+01,-3.855632781982421875e+01,-3.910656738281250000e+01,-3.910624694824218750e+01,-3.904134368896484375e+01,-3.870128631591796875e+01,-4.091718292236328125e+01,-4.131711959838867188e+01,-4.382789993286132812e+01,-4.480395507812500000e+01,-5.228626251220703125e+01,-5.720922470092773438e+01,-5.838777160644531250e+01,-6.530001068115234375e+01,-7.088323211669921875e+01,-7.443347167968750000e+01,-7.442156982421875000e+01,-7.743138122558593750e+01,-7.900939941406250000e+01,-7.894778442382812500e+01,-7.810009765625000000e+01,-7.855339050292968750e+01,-7.908652496337890625e+01,-7.899270629882812500e+01,-7.738221740722656250e+01,-7.760330200195312500e+01,-7.810185241699218750e+01,-7.794833374023437500e+01,-7.526994323730468750e+01,-7.597679138183593750e+01,-7.714671325683593750e+01,-7.720372009277343750e+01,-7.248391723632812500e+01,-7.505062866210937500e+01,-7.386260986328125000e+01,-7.631384277343750000e+01
-7.999290466308593750e+01,-7.999853515625000000e+01,-7.999951934814453125e+01,-7.999957275390625000e+01,-7.999851989746093750e+01,-7.999333953857421875e+01,-7.997367858886718750e+01,-7.990665435791015625e+01,-7.954870605468750000e+01,-7.874378967285156250e+01,-7.582577514648437500e+01,-7.227180480957031250e+01,-6.377246856689453125e+01,-5.867148590087890625e+01,-4.909941101074218750e+01,-5.012162780761718750e+01,-4.151165390014648438e+01,-4.491242218017578125e+01,-3.759358215332031250e+01,-4.159903717041015625e+01,-3.558453750610351562e+01,-4.134423446655273438e+01,-3.549110412597656250e+01,-4.370010757446289062e+01,-3.819827651977539062e+01,-4.565851974487304688e+01,-4.050533676147460938e+01,-4.666849517822265625e+01,-4.180380249023437500e+01,-4.675407028198242188e+01,-4.151304626464843750e+01,-4.655543136596679688e+01,-4.037577056884765625e+01,-4.463267517089843750e+01,-3.868278884887695312e+01,-4.268107986450195312e+01,-3.645651245117187500e+01,-3.947197341918945312e+01,-3.469248962402343750e+01,-3.744196319580078125e+01,-3.376646041870117188e+01,-3.595035934448242188e+01,-3.430433654785156250e+01,-3.673036575317382812e+01,-3.589022064208984375e+01,-3.830683898925781250e+01,-3.916940689086914062e+01,-4.070119857788085938e+01,-4.278559112548828125e+01,-4.433132553100585938e+01,-4.604084396362304688e+01,-4.992268371582031250e+01,-5.200948333740234375e+01,-5.801598739624023438e+01,-5.883695983886718750e+01,-6.532251739501953125e+01,-6.506589508056640625e+01,-7.101873016357421875e+01,-7.106198883056640625e+01,-7.611180114746093750e+01,-7.613045501708984375e+01,-7.834386444091796875e+01,-7.864788818359375000e+01,-7.937463378906250000e+01,-7.929676055908203125e+01,-7.950838470458984375e+01,-7.936836242675781250e+01,-7.933447265625000000e+01,-7.793540954589843750e+01,-7.678631591796875000e+01,-7.201413726806640625e+01,-6.819499969482421875e+01,-5.772763824462890625e+01,-5.089958190917968750e+01,-4.587853622436523438e+01,-4.659891891479492188e+01,-4.021775436401367188e+01,-3.995310211181640625e+01,-3.969925689697265625e+01,-4.207221221923828125e+01,-3.982306671142578125e+01,-3.942941284179687500e+01,-4.176047515869140625e+01,-4.281132507324218750e+01,-4.790538787841796875e+01,-4.838734436035156250e+01,-5.808641052246093750e+01,-6.269593811035156250e+01,-6.793911743164062500e+01,-6.938614654541015625e+01,-7.442814636230468750e+01,-7.628292846679687500e+01,-7.745371246337890625e+01,-7.825596618652343750e+01,-7.909640502929687500e+01,-7.920507812500000000e+01,-7.899418640136718750e+01,-7.903280639648437500e+01,-7.895240783691406250e+01,-7.910559844970703125e+01,-7.859532165527343750e+01,-7.841022491455078125e+01,-7.783911895751953125e+01,-7.847859191894531250e+01,-7.751129150390625000e+01,-7.814097595214843750e+01,-7.774436187744140625e+01,-7.848857116699218750e+01,-7.483113098144531250e+01,-7.641517639160156250e+01,-7.614525604248046875e+01,-7.401882171630859375e+01
-7.994450378417968750e+01,-7.997584533691406250e+01,-7.999512481689453125e+01,-7.999545288085937500e+01,-7.999400329589843750e+01,-7.997599792480468750e+01,-7.993515777587890625e+01,-7.980491638183593750e+01,-7.939921569824218750e+01,-7.858166503906250000e+01,-7.587371826171875000e+01,-7.293714904785156250e+01,-6.414460754394531250e+01,-6.160846710205078125e+01,-5.020707702636718750e+01,-5.138571929931640625e+01,-4.264537048339843750e+01,-4.573155212402343750e+01,-3.689095687866210938e+01,-4.090160751342773438e+01,-3.396403884887695312e+01,-3.886447525024414062e+01,-3.318494415283203125e+01,-4.006942749023437500e+01,-3.390401458740234375e+01,-4.084084701538085938e+01,-3.662578201293945312e+01,-4.100326919555664062e+01,-3.867905426025390625e+01,-4.141408920288085938e+01,-3.938882446289062500e+01,-4.104664611816406250e+01,-3.907214355468750000e+01,-3.916805648803710938e+01,-3.737647247314453125e+01,-3.677504348754882812e+01,-3.510227584838867188e+01,-3.396615982055664062e+01,-3.357054138183593750e+01,-3.227829360961914062e+01,-3.231181335449218750e+01,-3.107233428955078125e+01,-3.294984436035156250e+01,-3.209869766235351562e+01,-3.478634643554687500e+01,-3.507604598999023438e+01,-3.971213150024414062e+01,-4.075252532958984375e+01,-4.480028915405273438e+01,-4.743474960327148438e+01,-5.086623382568359375e+01,-5.496321105957031250e+01,-5.780734252929687500e+01,-6.305398559570312500e+01,-6.397344970703125000e+01,-7.024089813232421875e+01,-6.969538116455078125e+01,-7.469496917724609375e+01,-7.502159118652343750e+01,-7.788865661621093750e+01,-7.765519714355468750e+01,-7.900106048583984375e+01,-7.891280364990234375e+01,-7.950583648681640625e+01,-7.927349853515625000e+01,-7.960575866699218750e+01,-7.939636230468750000e+01,-7.944533538818359375e+01,-7.836520385742187500e+01,-7.784639739990234375e+01,-7.459400939941406250e+01,-7.023934936523437500e+01,-6.300067138671875000e+01,-5.508343505859375000e+01,-4.813785934448242188e+01,-4.370116043090820312e+01,-4.054320144653320312e+01,-3.912284851074218750e+01,-3.786819839477539062e+01,-3.980676269531250000e+01,-3.776629638671875000e+01,-3.977941513061523438e+01,-3.853205108642578125e+01,-4.657762145996093750e+01,-4.711883544921875000e+01,-5.627296829223632812e+01,-5.867233657836914062e+01,-7.073437500000000000e+01,-7.109196472167968750e+01,-7.607148742675781250e+01,-7.706317138671875000e+01,-7.907770538330078125e+01,-7.908601379394531250e+01,-7.967155456542968750e+01,-7.978311920166015625e+01,-7.988162231445312500e+01,-7.973370361328125000e+01,-7.985313415527343750e+01,-7.977626037597656250e+01,-7.985726165771484375e+01,-7.952301025390625000e+01,-7.969638061523437500e+01,-7.938072204589843750e+01,-7.957002258300781250e+01,-7.880133056640625000e+01,-7.941235351562500000e+01,-7.926096343994140625e+01,-7.950366210937500000e+01,-7.820982360839843750e+01,-7.949526977539062500e+01,-7.910450744628906250e+01,-7.938301086425781250e+01
-7.999586486816406250e+01,-7.999904632568359375e+01,-7.999893188476562500e+01,-7.999858856201171875e+01,-7.999275207519531250e+01,-7.997717285156250000e+01,-7.991613769531250000e+01,-7.982192993164062500e+01,-7.933018493652343750e+01,-7.871752929687500000e+01,-7.587181091308593750e+01,-7.389803314208984375e+01,-6.444667816162109375e+01,-6.381039810180664062e+01,-4.979938888549804688e+01,-5.206470489501953125e+01,-3.948709869384765625e+01,-4.341468429565429688e+01,-3.313883590698242188e+01,-3.703232574462890625e+01,-2.781678581237792969e+01,-3.325168991088867188e+01,-2.601840782165527344e+01,-3.088365745544433594e+01,-2.563692092895507812e+01,-3.059014511108398438e+01,-2.675441360473632812e+01,-3.077238464355468750e+01,-2.784536743164062500e+01,-3.159597969055175781e+01,-2.962489891052246094e+01,-3.229829406738281250e+01,-3.066044425964355469e+01,-3.250500488281250000e+01,-3.058133506774902344e+01,-3.146607971191406250e+01,-3.010770797729492188e+01,-3.097524070739746094e+01,-2.965635871887207031e+01,-3.045135498046875000e+01,-2.965339279174804688e+01,-3.037996482849121094e+01,-3.048394393920898438e+01,-3.162702178955078125e+01,-3.243495941162109375e+01,-3.459752655029296875e+01,-3.562984466552734375e+01,-3.845945739746093750e+01,-4.101839065551757812e+01,-4.334669876098632812e+01,-4.753615188598632812e+01,-5.030537414550781250e+01,-5.652764511108398438e+01,-5.926604461669921875e+01,-6.408483886718750000e+01,-6.839092254638671875e+01,-7.076610565185546875e+01,-7.387054443359375000e+01,-7.583638000488281250e+01,-7.771689605712890625e+01,-7.816282653808593750e+01,-7.897557830810546875e+01,-7.920422363281250000e+01,-7.945848083496093750e+01,-7.922927856445312500e+01,-7.931890869140625000e+01,-7.896093750000000000e+01,-7.879544830322265625e+01,-7.571582031250000000e+01,-7.400828552246093750e+01,-6.718630981445312500e+01,-6.418167114257812500e+01,-5.151185989379882812e+01,-4.933493804931640625e+01,-4.302106857299804688e+01,-4.459345626831054688e+01,-3.863319015502929688e+01,-3.870410156250000000e+01,-3.573148727416992188e+01,-4.073704147338867188e+01,-3.605689239501953125e+01,-3.968599700927734375e+01,-3.804513549804687500e+01,-4.503604125976562500e+01,-4.462047195434570312e+01,-5.487281417846679688e+01,-6.059375762939453125e+01,-7.009037780761718750e+01,-7.182124328613281250e+01,-7.666732025146484375e+01,-7.860445404052734375e+01,-7.948689270019531250e+01,-7.953099822998046875e+01,-7.986244964599609375e+01,-7.993578338623046875e+01,-7.995133209228515625e+01,-7.989193725585937500e+01,-7.993866729736328125e+01,-7.991803741455078125e+01,-7.990602111816406250e+01,-7.974917602539062500e+01,-7.980387878417968750e+01,-7.966944885253906250e+01,-7.974726867675781250e+01,-7.931231689453125000e+01,-7.968666839599609375e+01,-7.959488677978515625e+01,-7.972173309326171875e+01,-7.852104187011718750e+01,-7.965352630615234375e+01,-7.941082763671875000e+01,-7.905410766601562500e+01
-7.997904205322265625e+01,-7.998511505126953125e+01,-7.999355316162109375e+01,-7.999137115478515625e+01,-7.999234008789062500e+01,-7.998930358886718750e+01,-7.995418548583984375e+01,-7.992850494384765625e+01,-7.958529663085937500e+01,-7.940878295898437500e+01,-7.688844299316406250e+01,-7.629221343994140625e+01,-6.843518066406250000e+01,-6.741952514648437500e+01,-5.624684524536132812e+01,-5.648685073852539062e+01,-4.736179733276367188e+01,-4.634996032714843750e+01,-3.998563385009765625e+01,-3.917164993286132812e+01,-3.532788085937500000e+01,-3.414214706420898438e+01,-3.124941253662109375e+01,-3.119334411621093750e+01,-2.974855995178222656e+01,-2.919169616699218750e+01,-2.874550437927246094e+01,-2.660398483276367188e+01,-2.816568565368652344e+01,-2.634194755554199219e+01,-2.832687377929687500e+01,-2.610486602783203125e+01,-2.893510055541992188e+01,-2.658623886108398438e+01,-2.826021766662597656e+01,-2.599234390258789062e+01,-2.830767822265625000e+01,-2.559448242187500000e+01,-2.801597595214843750e+01,-2.514810562133789062e+01,-2.838595199584960938e+01,-2.513056564331054688e+01,-2.936046218872070312e+01,-2.641296768188476562e+01,-3.198831176757812500e+01,-2.949249649047851562e+01,-3.670055389404296875e+01,-3.591357803344726562e+01,-4.300347900390625000e+01,-4.447655105590820312e+01,-4.898767089843750000e+01,-5.507234573364257812e+01,-5.777213287353515625e+01,-6.426957702636718750e+01,-6.652165222167968750e+01,-7.188002777099609375e+01,-7.249559783935546875e+01,-7.645939636230468750e+01,-7.720520019531250000e+01,-7.891876220703125000e+01,-7.896210479736328125e+01,-7.961270904541015625e+01,-7.964075469970703125e+01,-7.979904174804687500e+01,-7.964270019531250000e+01,-7.974748992919921875e+01,-7.947045135498046875e+01,-7.944109344482421875e+01,-7.712242126464843750e+01,-7.660871887207031250e+01,-7.031989288330078125e+01,-6.609360504150390625e+01,-5.546292495727539062e+01,-5.274496459960937500e+01,-4.871772766113281250e+01,-4.504031753540039062e+01,-4.362598800659179688e+01,-3.902070236206054688e+01,-4.169572067260742188e+01,-4.254360961914062500e+01,-4.283634185791015625e+01,-4.191277313232421875e+01,-4.432068634033203125e+01,-4.818879699707031250e+01,-5.099105072021484375e+01,-5.829415893554687500e+01,-6.610610961914062500e+01,-7.199043273925781250e+01,-7.196234130859375000e+01,-7.671716308593750000e+01,-7.800781250000000000e+01,-7.928895568847656250e+01,-7.891313934326171875e+01,-7.973226928710937500e+01,-7.982444763183593750e+01,-7.989117431640625000e+01,-7.962974548339843750e+01,-7.980340576171875000e+01,-7.968177795410156250e+01,-7.983291625976562500e+01,-7.940074157714843750e+01,-7.972431945800781250e+01,-7.951348876953125000e+01,-7.982356262207031250e+01,-7.952005004882812500e+01,-7.980736541748046875e+01,-7.972512054443359375e+01,-7.990278625488281250e+01,-7.933071899414062500e+01,-7.965324401855468750e+01,-7.939636993408203125e+01,-7.926675415039062500e+01
-7.963061523437500000e+01,-7.995904541015625000e+01,-7.995336151123046875e+01,-7.986515045166015625e+01,-7.994158172607421875e+01,-7.988843536376953125e+01,-7.965301513671875000e+01,-7.930371856689453125e+01,-7.792052459716796875e+01,-7.639885711669921875e+01,-7.259005737304687500e+01,-6.874990844726562500e+01,-6.143543243408203125e+01,-5.756256866455078125e+01,-5.064510726928710938e+01,-4.806121826171875000e+01,-4.123942184448242188e+01,-4.262179565429687500e+01,-3.649372482299804688e+01,-3.654635620117187500e+01,-3.272241973876953125e+01,-3.284350967407226562e+01,-3.018513870239257812e+01,-2.902907180786132812e+01,-2.843289566040039062e+01,-2.600481796264648438e+01,-2.812016487121582031e+01,-2.450493240356445312e+01,-2.821511840820312500e+01,-2.428993988037109375e+01,-2.874755096435546875e+01,-2.469172859191894531e+01,-2.829568862915039062e+01,-2.498275756835937500e+01,-2.828667068481445312e+01,-2.522305488586425781e+01,-2.760255813598632812e+01,-2.517681503295898438e+01,-2.777036666870117188e+01,-2.611084175109863281e+01,-2.795497894287109375e+01,-2.700498962402343750e+01,-2.897174263000488281e+01,-2.907339286804199219e+01,-3.111030960083007812e+01,-3.251253128051757812e+01,-3.593527221679687500e+01,-3.821057510375976562e+01,-4.283325195312500000e+01,-4.490885162353515625e+01,-5.103704452514648438e+01,-5.441581726074218750e+01,-5.959572601318359375e+01,-6.346046829223632812e+01,-6.703837585449218750e+01,-7.028120422363281250e+01,-7.212028503417968750e+01,-7.476562500000000000e+01,-7.658211517333984375e+01,-7.792521667480468750e+01,-7.838768768310546875e+01,-7.910077667236328125e+01,-7.931430053710937500e+01,-7.957692718505859375e+01,-7.933132171630859375e+01,-7.943594360351562500e+01,-7.924728393554687500e+01,-7.909098815917968750e+01,-7.709025573730468750e+01,-7.604104614257812500e+01,-7.240533447265625000e+01,-7.026087951660156250e+01,-6.243481063842773438e+01,-6.000508117675781250e+01,-5.804997253417968750e+01,-5.965054702758789062e+01,-5.598632812500000000e+01,-5.421015548706054688e+01,-5.459036254882812500e+01,-5.560506439208984375e+01,-5.568617630004882812e+01,-5.517838287353515625e+01,-6.010022735595703125e+01,-6.171624755859375000e+01,-6.530619812011718750e+01,-6.955206298828125000e+01,-7.399861145019531250e+01,-7.622217559814453125e+01,-7.714884185791015625e+01,-7.847148132324218750e+01,-7.931632995605468750e+01,-7.952583312988281250e+01,-7.968531799316406250e+01,-7.984152984619140625e+01,-7.993634796142578125e+01,-7.989112854003906250e+01,-7.979399871826171875e+01,-7.985070037841796875e+01,-7.986950683593750000e+01,-7.979455566406250000e+01,-7.950788879394531250e+01,-7.968952178955078125e+01,-7.966380310058593750e+01,-7.958039855957031250e+01,-7.863752746582031250e+01,-7.943602752685546875e+01,-7.953530120849609375e+01,-7.956048583984375000e+01,-7.830589294433593750e+01,-7.955812072753906250e+01,-7.915728759765625000e+01,-7.827369689941406250e+01
-7.245112609863281250e+01,-7.948236083984375000e+01,-7.973249053955078125e+01,-7.973506164550781250e+01,-7.977423858642578125e+01,-7.957181549072265625e+01,-7.885419464111328125e+01,-7.844697570800781250e+01,-7.600758361816406250e+01,-7.458844757080078125e+01,-6.840730285644531250e+01,-6.600496673583984375e+01,-5.462718200683593750e+01,-5.354707336425781250e+01,-4.305513000488281250e+01,-4.251906204223632812e+01,-3.690933227539062500e+01,-3.615126800537109375e+01,-3.362720870971679688e+01,-3.361127853393554688e+01,-3.159339523315429688e+01,-3.243802642822265625e+01,-3.066813278198242188e+01,-3.227501296997070312e+01,-2.949129486083984375e+01,-3.100308609008789062e+01,-3.025017929077148438e+01,-2.985061645507812500e+01,-3.043782424926757812e+01,-3.104468917846679688e+01,-3.122638702392578125e+01,-3.163684272766113281e+01,-3.125531768798828125e+01,-3.254896926879882812e+01,-3.180699157714843750e+01,-3.217107391357421875e+01,-3.068265151977539062e+01,-3.208904647827148438e+01,-3.071520614624023438e+01,-3.087549400329589844e+01,-2.930352020263671875e+01,-2.959274673461914062e+01,-2.971924972534179688e+01,-2.965216064453125000e+01,-3.122814559936523438e+01,-3.190302658081054688e+01,-3.443633270263671875e+01,-3.524898147583007812e+01,-3.641040802001953125e+01,-3.963206863403320312e+01,-4.076365661621093750e+01,-4.425183868408203125e+01,-4.811169815063476562e+01,-5.193891525268554688e+01,-5.528059387207031250e+01,-5.924427032470703125e+01,-6.267522811889648438e+01,-6.477900695800781250e+01,-6.953170776367187500e+01,-7.063964843750000000e+01,-7.315037536621093750e+01,-7.286866760253906250e+01,-7.530554199218750000e+01,-7.470175170898437500e+01,-7.438931274414062500e+01,-7.247160339355468750e+01,-7.439376831054687500e+01,-7.198925018310546875e+01,-6.864460754394531250e+01,-6.312265396118164062e+01,-6.197418212890625000e+01,-5.747877120971679688e+01,-5.392209625244140625e+01,-5.040128707885742188e+01,-5.037590408325195312e+01,-5.232962799072265625e+01,-5.184356307983398438e+01,-5.158647918701171875e+01,-5.215299987792968750e+01,-5.270827484130859375e+01,-5.211881637573242188e+01,-5.282129287719726562e+01,-5.813156127929687500e+01,-5.967658615112304688e+01,-6.441968536376953125e+01,-6.822125244140625000e+01,-7.434616088867187500e+01,-7.572624969482421875e+01,-7.732216644287109375e+01,-7.814457702636718750e+01,-7.930517578125000000e+01,-7.942498779296875000e+01,-7.961215972900390625e+01,-7.973760986328125000e+01,-7.989614105224609375e+01,-7.977377319335937500e+01,-7.964427947998046875e+01,-7.966694641113281250e+01,-7.972938537597656250e+01,-7.943537139892578125e+01,-7.900289916992187500e+01,-7.919866943359375000e+01,-7.912393188476562500e+01,-7.867520904541015625e+01,-7.713862609863281250e+01,-7.834580993652343750e+01,-7.860936737060546875e+01,-7.836596679687500000e+01,-7.337806701660156250e+01,-7.693188476562500000e+01,-7.691759490966796875e+01,-7.581330108642578125e+01
-7.819471740722656250e+01,-7.786508178710937500e+01,-7.958398437500000000e+01,-7.962660980224609375e+01,-7.993136596679687500e+01,-7.988383483886718750e+01,-7.971949768066406250e+01,-7.940647888183593750e+01,-7.858152770996093750e+01,-7.751539611816406250e+01,-7.439833831787109375e+01,-7.337910461425781250e+01,-6.636234283447265625e+01,-6.631211853027343750e+01,-5.804143524169921875e+01,-5.909740447998046875e+01,-5.200986480712890625e+01,-5.328917312622070312e+01,-4.728174591064453125e+01,-4.691205978393554688e+01,-4.517160034179687500e+01,-4.381566619873046875e+01,-4.379201507568359375e+01,-4.086944580078125000e+01,-4.332522964477539062e+01,-3.893341064453125000e+01,-4.298303985595703125e+01,-3.897711563110351562e+01,-4.373149871826171875e+01,-4.011224746704101562e+01,-4.451523590087890625e+01,-4.250335311889648438e+01,-4.583196640014648438e+01,-4.454010391235351562e+01,-4.628953552246093750e+01,-4.568323898315429688e+01,-4.697127914428710938e+01,-4.616720199584960938e+01,-4.688806152343750000e+01,-4.560933303833007812e+01,-4.689962005615234375e+01,-4.447327041625976562e+01,-4.716181945800781250e+01,-4.432915496826171875e+01,-4.795808029174804688e+01,-4.567068862915039062e+01,-4.926526641845703125e+01,-4.734093093872070312e+01,-5.020590972900390625e+01,-5.042628479003906250e+01,-5.257415771484375000e+01,-5.451660919189453125e+01,-5.707028579711914062e+01,-6.082771301269531250e+01,-6.290956497192382812e+01,-6.815937805175781250e+01,-6.807762145996093750e+01,-7.286090087890625000e+01,-7.423546600341796875e+01,-7.705505371093750000e+01,-7.694225311279296875e+01,-7.827121734619140625e+01,-7.854278564453125000e+01,-7.896195220947265625e+01,-7.823284912109375000e+01,-7.843427276611328125e+01,-7.788325500488281250e+01,-7.777299499511718750e+01,-7.179747772216796875e+01,-7.188198852539062500e+01,-6.479307556152343750e+01,-6.424771118164062500e+01,-5.318213653564453125e+01,-5.333013916015625000e+01,-5.054578399658203125e+01,-5.123030090332031250e+01,-4.954417419433593750e+01,-4.720188140869140625e+01,-4.768544006347656250e+01,-4.628308105468750000e+01,-4.869499206542968750e+01,-4.773788070678710938e+01,-5.335239791870117188e+01,-5.746353149414062500e+01,-6.180755615234375000e+01,-6.494004058837890625e+01,-7.244449615478515625e+01,-7.473966979980468750e+01,-7.624533081054687500e+01,-7.746397399902343750e+01,-7.888346862792968750e+01,-7.929142761230468750e+01,-7.941464996337890625e+01,-7.969031524658203125e+01,-7.990351867675781250e+01,-7.985897827148437500e+01,-7.972669982910156250e+01,-7.979953002929687500e+01,-7.989347839355468750e+01,-7.985768127441406250e+01,-7.970938110351562500e+01,-7.977870178222656250e+01,-7.984265899658203125e+01,-7.983063507080078125e+01,-7.965617370605468750e+01,-7.970322418212890625e+01,-7.981782531738281250e+01,-7.982711791992187500e+01,-7.833885192871093750e+01,-7.886994934082031250e+01,-7.904146575927734375e+01,-7.840445709228515625e+01
-7.984600067138671875e+01,-7.989340209960937500e+01,-7.997238159179687500e+01,-7.998651123046875000e+01,-7.997967529296875000e+01,-7.996312713623046875e+01,-7.985742950439453125e+01,-7.975258636474609375e+01,-7.906991577148437500e+01,-7.850761413574218750e+01,-7.574598693847656250e+01,-7.472792053222656250e+01,-6.817930603027343750e+01,-6.589089202880859375e+01,-5.960987091064453125e+01,-5.823562622070312500e+01,-5.485026931762695312e+01,-5.377635955810546875e+01,-5.116369247436523438e+01,-5.104980850219726562e+01,-4.987171554565429688e+01,-4.844082260131835938e+01,-4.764950942993164062e+01,-4.478314590454101562e+01,-4.541785430908203125e+01,-4.177870178222656250e+01,-4.143597030639648438e+01,-3.842590332031250000e+01,-3.895911407470703125e+01,-3.681805419921875000e+01,-3.627230072021484375e+01,-3.540416336059570312e+01,-3.459191131591796875e+01,-3.426831817626953125e+01,-3.263137054443359375e+01,-3.313643264770507812e+01,-3.123469161987304688e+01,-3.243894577026367188e+01,-3.038308715820312500e+01,-3.216366958618164062e+01,-3.009126281738281250e+01,-3.223617553710937500e+01,-3.112539863586425781e+01,-3.380392456054687500e+01,-3.334642791748046875e+01,-3.617178344726562500e+01,-3.656865310668945312e+01,-3.877347946166992188e+01,-3.962837982177734375e+01,-4.261627578735351562e+01,-4.373653030395507812e+01,-4.867829513549804688e+01,-5.213438034057617188e+01,-5.901051330566406250e+01,-6.151756286621093750e+01,-6.874319458007812500e+01,-7.055346679687500000e+01,-7.452734375000000000e+01,-7.635353088378906250e+01,-7.811887359619140625e+01,-7.838168334960937500e+01,-7.917874908447265625e+01,-7.925469970703125000e+01,-7.956481933593750000e+01,-7.924011230468750000e+01,-7.936898803710937500e+01,-7.901399993896484375e+01,-7.900042724609375000e+01,-7.676855468750000000e+01,-7.563432312011718750e+01,-7.210655975341796875e+01,-7.100086975097656250e+01,-6.555560302734375000e+01,-6.338043212890625000e+01,-6.019232940673828125e+01,-5.947738647460937500e+01,-5.669145965576171875e+01,-5.450179290771484375e+01,-5.268200302124023438e+01,-5.164352416992187500e+01,-5.384856414794921875e+01,-5.309941864013671875e+01,-5.700635910034179688e+01,-5.872417068481445312e+01,-6.392528915405273438e+01,-6.653282928466796875e+01,-7.249496459960937500e+01,-7.496978759765625000e+01,-7.639909362792968750e+01,-7.697917175292968750e+01,-7.829298400878906250e+01,-7.889167785644531250e+01,-7.927259063720703125e+01,-7.939354705810546875e+01,-7.971775817871093750e+01,-7.966328430175781250e+01,-7.961808013916015625e+01,-7.939155578613281250e+01,-7.942898559570312500e+01,-7.936040496826171875e+01,-7.925250244140625000e+01,-7.899933624267578125e+01,-7.896802520751953125e+01,-7.923195648193359375e+01,-7.915886688232421875e+01,-7.922051239013671875e+01,-7.920706176757812500e+01,-7.965235900878906250e+01,-7.902548217773437500e+01,-7.893859100341796875e+01,-7.816014862060546875e+01,-7.853376770019531250e+01
-7.974880981445312500e+01,-7.985261535644531250e+01,-7.996493530273437500e+01,-7.997842407226562500e+01,-7.998666381835937500e+01,-7.995964050292968750e+01,-7.987670898437500000e+01,-7.959275054931640625e+01,-7.893069458007812500e+01,-7.708799743652343750e+01,-7.415796661376953125e+01,-6.898559570312500000e+01,-6.237049102783203125e+01,-5.575994873046875000e+01,-5.101945877075195312e+01,-4.666038894653320312e+01,-4.344574356079101562e+01,-4.368921661376953125e+01,-4.218331146240234375e+01,-4.359197235107421875e+01,-4.393947601318359375e+01,-4.292595672607421875e+01,-4.578481292724609375e+01,-4.134897613525390625e+01,-4.736933517456054688e+01,-3.952319717407226562e+01,-4.727826690673828125e+01,-3.771862030029296875e+01,-4.663790130615234375e+01,-3.657961654663085938e+01,-4.482809448242187500e+01,-3.570467758178710938e+01,-4.335499572753906250e+01,-3.437088775634765625e+01,-4.038336944580078125e+01,-3.327928161621093750e+01,-3.847866058349609375e+01,-3.203563690185546875e+01,-3.644818878173828125e+01,-3.192721939086914062e+01,-3.565718078613281250e+01,-3.181624221801757812e+01,-3.566998672485351562e+01,-3.360664367675781250e+01,-3.652808380126953125e+01,-3.555372619628906250e+01,-3.683639144897460938e+01,-3.772753143310546875e+01,-3.751814651489257812e+01,-4.085575866699218750e+01,-3.986694335937500000e+01,-4.586423492431640625e+01,-4.662269973754882812e+01,-5.346433258056640625e+01,-5.542574310302734375e+01,-6.284104919433593750e+01,-6.449254608154296875e+01,-6.995870971679687500e+01,-7.205290985107421875e+01,-7.531851959228515625e+01,-7.492699432373046875e+01,-7.706436157226562500e+01,-7.703082275390625000e+01,-7.789770507812500000e+01,-7.672708892822265625e+01,-7.701636505126953125e+01,-7.653314208984375000e+01,-7.657485961914062500e+01,-7.256819152832031250e+01,-7.156124877929687500e+01,-6.750905609130859375e+01,-6.857328033447265625e+01,-6.244950866699218750e+01,-6.308499145507812500e+01,-6.106302261352539062e+01,-6.250361251831054688e+01,-6.055936431884765625e+01,-5.927643966674804688e+01,-5.883215713500976562e+01,-5.901453781127929688e+01,-5.820993804931640625e+01,-5.975977325439453125e+01,-6.155709457397460938e+01,-6.465975952148437500e+01,-6.553982543945312500e+01,-7.007615661621093750e+01,-7.414300537109375000e+01,-7.602124023437500000e+01,-7.698051452636718750e+01,-7.789518737792968750e+01,-7.914227294921875000e+01,-7.946243286132812500e+01,-7.964123535156250000e+01,-7.982171630859375000e+01,-7.993087768554687500e+01,-7.994309234619140625e+01,-7.989593505859375000e+01,-7.992708587646484375e+01,-7.992722320556640625e+01,-7.993235015869140625e+01,-7.984754943847656250e+01,-7.986933135986328125e+01,-7.982426452636718750e+01,-7.983822631835937500e+01,-7.955277252197265625e+01,-7.965190124511718750e+01,-7.960198974609375000e+01,-7.975689697265625000e+01,-7.739420318603515625e+01,-7.898332214355468750e+01,-7.886847686767578125e+01,-7.947674560546875000e+01
-7.989117431640625000e+01,-7.999123382568359375e+01,-7.999542236328125000e+01,-7.999159240722656250e+01,-7.999313354492187500e+01,-7.997956848144531250e+01,-7.993888854980468750e+01,-7.983099365234375000e+01,-7.950241088867187500e+01,-7.872093200683593750e+01,-7.702881622314453125e+01,-7.456541442871093750e+01,-7.027844238281250000e+01,-6.603879547119140625e+01,-6.076474380493164062e+01,-5.708983612060546875e+01,-5.350519561767578125e+01,-5.101974868774414062e+01,-4.892897415161132812e+01,-4.839714431762695312e+01,-4.825680541992187500e+01,-4.723900985717773438e+01,-4.796825408935546875e+01,-4.564054107666015625e+01,-4.827362060546875000e+01,-4.322904205322265625e+01,-4.713766860961914062e+01,-4.202792358398437500e+01,-4.629778289794921875e+01,-4.048950958251953125e+01,-4.490632247924804688e+01,-3.993266677856445312e+01,-4.384313964843750000e+01,-3.873201751708984375e+01,-4.194367218017578125e+01,-3.760190582275390625e+01,-4.018988418579101562e+01,-3.552364730834960938e+01,-3.819675445556640625e+01,-3.448098373413085938e+01,-3.645549392700195312e+01,-3.280001831054687500e+01,-3.525518035888671875e+01,-3.284359741210937500e+01,-3.422513961791992188e+01,-3.279043579101562500e+01,-3.333437347412109375e+01,-3.313595199584960938e+01,-3.215132522583007812e+01,-3.475798416137695312e+01,-3.380138397216796875e+01,-3.814089965820312500e+01,-3.858522033691406250e+01,-4.515874862670898438e+01,-4.609693527221679688e+01,-5.567680358886718750e+01,-5.481480407714843750e+01,-6.511140441894531250e+01,-6.706439208984375000e+01,-7.389487457275390625e+01,-7.374349975585937500e+01,-7.744176483154296875e+01,-7.742356109619140625e+01,-7.882292175292968750e+01,-7.788713073730468750e+01,-7.878361511230468750e+01,-7.792418670654296875e+01,-7.850131988525390625e+01,-7.511712646484375000e+01,-7.475629425048828125e+01,-6.956401824951171875e+01,-6.822509002685546875e+01,-6.202635574340820312e+01,-5.790493774414062500e+01,-5.782994842529296875e+01,-5.495758056640625000e+01,-5.268085479736328125e+01,-4.735414886474609375e+01,-4.816053009033203125e+01,-4.682148742675781250e+01,-4.499894332885742188e+01,-4.526554107666015625e+01,-4.792709732055664062e+01,-5.573497009277343750e+01,-5.394943237304687500e+01,-6.341598510742187500e+01,-6.854427337646484375e+01,-7.518389892578125000e+01,-7.515148162841796875e+01,-7.815951538085937500e+01,-7.911068725585937500e+01,-7.970147705078125000e+01,-7.973437500000000000e+01,-7.991999816894531250e+01,-7.995454406738281250e+01,-7.996627807617187500e+01,-7.992754364013671875e+01,-7.995951843261718750e+01,-7.994780731201171875e+01,-7.994326782226562500e+01,-7.985392761230468750e+01,-7.987533569335937500e+01,-7.979132843017578125e+01,-7.973591613769531250e+01,-7.910131835937500000e+01,-7.890457153320312500e+01,-7.823927307128906250e+01,-7.900657653808593750e+01,-7.465318298339843750e+01,-7.802827453613281250e+01,-7.785898590087890625e+01,-7.894161987304687500e+01
-7.882495117187500000e+01,-7.930026245117187500e+01,-7.972003173828125000e+01,-7.985363769531250000e+01,-7.982492828369140625e+01,-7.964691162109375000e+01,-7.926634979248046875e+01,-7.822024536132812500e+01,-7.653308105468750000e+01,-7.301673889160156250e+01,-7.067925262451171875e+01,-6.420646667480468750e+01,-6.082305526733398438e+01,-5.254834747314453125e+01,-4.891716766357421875e+01,-4.437429428100585938e+01,-4.082072830200195312e+01,-3.829944992065429688e+01,-3.763021087646484375e+01,-3.773878860473632812e+01,-3.957751083374023438e+01,-3.751155471801757812e+01,-4.213244247436523438e+01,-3.959180068969726562e+01,-4.578792190551757812e+01,-4.205000686645507812e+01,-4.814090728759765625e+01,-4.449940490722656250e+01,-5.033000946044921875e+01,-4.545304107666015625e+01,-5.025297927856445312e+01,-4.583098983764648438e+01,-4.950950622558593750e+01,-4.471907424926757812e+01,-4.660107421875000000e+01,-4.298131942749023438e+01,-4.400173568725585938e+01,-4.100148391723632812e+01,-4.043886184692382812e+01,-3.925627517700195312e+01,-3.718827438354492188e+01,-3.717629623413085938e+01,-3.491799545288085938e+01,-3.542397308349609375e+01,-3.346023941040039062e+01,-3.452846145629882812e+01,-3.342002105712890625e+01,-3.461212539672851562e+01,-3.456006240844726562e+01,-3.661623001098632812e+01,-3.849189758300781250e+01,-4.064583206176757812e+01,-4.323952102661132812e+01,-4.665863037109375000e+01,-4.869151306152343750e+01,-5.328304672241210938e+01,-5.328734970092773438e+01,-5.976737213134765625e+01,-6.206169509887695312e+01,-6.806442260742187500e+01,-6.839540100097656250e+01,-7.253936004638671875e+01,-7.405197906494140625e+01,-7.632479095458984375e+01,-7.544789886474609375e+01,-7.748400115966796875e+01,-7.708406066894531250e+01,-7.807328033447265625e+01,-7.557936096191406250e+01,-7.573771667480468750e+01,-7.338504028320312500e+01,-7.287020111083984375e+01,-6.741353607177734375e+01,-6.571873474121093750e+01,-6.235485839843750000e+01,-6.162117767333984375e+01,-5.772555160522460938e+01,-5.737152099609375000e+01,-5.623013305664062500e+01,-5.682501602172851562e+01,-5.469967269897460938e+01,-5.655335998535156250e+01,-5.931159210205078125e+01,-6.304397964477539062e+01,-6.310929107666015625e+01,-6.797647094726562500e+01,-7.311434173583984375e+01,-7.564293670654296875e+01,-7.579507446289062500e+01,-7.779974365234375000e+01,-7.875131988525390625e+01,-7.922787475585937500e+01,-7.920845794677734375e+01,-7.969911956787109375e+01,-7.979745483398437500e+01,-7.979310607910156250e+01,-7.957835388183593750e+01,-7.974894714355468750e+01,-7.971620178222656250e+01,-7.965910339355468750e+01,-7.887847900390625000e+01,-7.906648254394531250e+01,-7.858506011962890625e+01,-7.821340942382812500e+01,-7.328354644775390625e+01,-7.255141448974609375e+01,-7.159381866455078125e+01,-7.511599731445312500e+01,-6.562283325195312500e+01,-7.488713073730468750e+01,-7.699668884277343750e+01,-7.679080963134765625e+01
-7.941804504394531250e+01,-7.873148345947265625e+01,-7.915917205810546875e+01,-7.947267913818359375e+01,-7.960130310058593750e+01,-7.945436859130859375e+01,-7.898117828369140625e+01,-7.837878417968750000e+01,-7.713945770263671875e+01,-7.472120666503906250e+01,-7.113954162597656250e+01,-6.716448974609375000e+01,-5.839396667480468750e+01,-5.495288848876953125e+01,-4.544930267333984375e+01,-4.360873794555664062e+01,-3.843685150146484375e+01,-3.702511215209960938e+01,-3.494028854370117188e+01,-3.526112365722656250e+01,-3.513984298706054688e+01,-3.499752807617187500e+01,-3.742977142333984375e+01,-3.643543624877929688e+01,-4.211228942871093750e+01,-3.919504547119140625e+01,-4.498112487792968750e+01,-4.200242996215820312e+01,-4.780219650268554688e+01,-4.447341537475585938e+01,-4.839533996582031250e+01,-4.577300262451171875e+01,-4.824559020996093750e+01,-4.613716506958007812e+01,-4.654624938964843750e+01,-4.573157882690429688e+01,-4.508035659790039062e+01,-4.477385711669921875e+01,-4.359072113037109375e+01,-4.394574737548828125e+01,-4.269585800170898438e+01,-4.315781402587890625e+01,-4.187663650512695312e+01,-4.342451477050781250e+01,-4.315570831298828125e+01,-4.559944534301757812e+01,-4.651129913330078125e+01,-5.015546417236328125e+01,-5.050237274169921875e+01,-5.504360961914062500e+01,-5.564864349365234375e+01,-5.983869171142578125e+01,-6.183965682983398438e+01,-6.489578247070312500e+01,-6.710128784179687500e+01,-6.964128112792968750e+01,-7.099916076660156250e+01,-7.321292114257812500e+01,-7.511076354980468750e+01,-7.724104309082031250e+01,-7.772650146484375000e+01,-7.890086364746093750e+01,-7.915831756591796875e+01,-7.954441833496093750e+01,-7.936457824707031250e+01,-7.965601348876953125e+01,-7.944833374023437500e+01,-7.952603149414062500e+01,-7.816079711914062500e+01,-7.821833801269531250e+01,-7.542573547363281250e+01,-7.464518737792968750e+01,-6.748800659179687500e+01,-6.719204711914062500e+01,-6.402345275878906250e+01,-6.149262237548828125e+01,-5.676775360107421875e+01,-5.561109542846679688e+01,-5.565893936157226562e+01,-5.600979232788085938e+01,-5.571566772460937500e+01,-5.748544311523437500e+01,-5.797176742553710938e+01,-6.531637573242187500e+01,-6.360717773437500000e+01,-6.949134826660156250e+01,-7.117957305908203125e+01,-7.552047729492187500e+01,-7.457603454589843750e+01,-7.675395202636718750e+01,-7.711929321289062500e+01,-7.854225158691406250e+01,-7.853694152832031250e+01,-7.936393737792968750e+01,-7.946046447753906250e+01,-7.952372741699218750e+01,-7.927488708496093750e+01,-7.941895294189453125e+01,-7.926525878906250000e+01,-7.915961456298828125e+01,-7.897469329833984375e+01,-7.906306457519531250e+01,-7.901605224609375000e+01,-7.877932739257812500e+01,-7.852942657470703125e+01,-7.780482482910156250e+01,-7.773594665527343750e+01,-7.748812103271484375e+01,-7.629834747314453125e+01,-7.584689331054687500e+01,-7.786216735839843750e+01,-7.620184326171875000e+01
-7.816152191162109375e+01,-7.948776245117187500e+01,-7.968179321289062500e+01,-7.970013427734375000e+01,-7.988258361816406250e+01,-7.965231323242187500e+01,-7.959450531005859375e+01,-7.879113769531250000e+01,-7.779656982421875000e+01,-7.487510681152343750e+01,-7.246604156494140625e+01,-6.633332061767578125e+01,-6.092913055419921875e+01,-5.295312118530273438e+01,-4.685895919799804688e+01,-4.295400238037109375e+01,-4.044357681274414062e+01,-3.906721496582031250e+01,-3.975300598144531250e+01,-4.040023040771484375e+01,-4.392250823974609375e+01,-4.345664978027343750e+01,-4.909146118164062500e+01,-4.741707992553710938e+01,-5.374731826782226562e+01,-5.313137435913085938e+01,-5.776926422119140625e+01,-5.674938201904296875e+01,-6.049513626098632812e+01,-5.959151077270507812e+01,-6.191555023193359375e+01,-6.112101745605468750e+01,-6.231277084350585938e+01,-6.158341217041015625e+01,-6.097819900512695312e+01,-6.069406509399414062e+01,-5.924638366699218750e+01,-5.920951461791992188e+01,-5.657338714599609375e+01,-5.659601211547851562e+01,-5.475585937500000000e+01,-5.443756866455078125e+01,-5.264639282226562500e+01,-5.311395645141601562e+01,-5.215726089477539062e+01,-5.248249816894531250e+01,-5.175542831420898438e+01,-5.278947067260742188e+01,-5.256252288818359375e+01,-5.356041717529296875e+01,-5.473366928100585938e+01,-5.544412994384765625e+01,-5.748884963989257812e+01,-5.829174041748046875e+01,-6.048540496826171875e+01,-6.172376251220703125e+01,-6.255707550048828125e+01,-6.540505981445312500e+01,-6.821916961669921875e+01,-7.172993469238281250e+01,-7.241833496093750000e+01,-7.571964263916015625e+01,-7.691535949707031250e+01,-7.791785430908203125e+01,-7.787351989746093750e+01,-7.855923461914062500e+01,-7.851414489746093750e+01,-7.832339477539062500e+01,-7.681605529785156250e+01,-7.656706237792968750e+01,-7.529027557373046875e+01,-7.250124359130859375e+01,-6.812002563476562500e+01,-6.773331451416015625e+01,-6.685958862304687500e+01,-6.445625305175781250e+01,-6.165093994140625000e+01,-6.199001693725585938e+01,-6.133191680908203125e+01,-6.249508285522460938e+01,-6.157787322998046875e+01,-6.491859436035156250e+01,-6.502514648437500000e+01,-7.029060363769531250e+01,-6.760908508300781250e+01,-7.306402587890625000e+01,-7.257772827148437500e+01,-7.633142852783203125e+01,-7.492916870117187500e+01,-7.751213836669921875e+01,-7.772521972656250000e+01,-7.899922180175781250e+01,-7.889349365234375000e+01,-7.960106658935546875e+01,-7.965638732910156250e+01,-7.974633789062500000e+01,-7.960929870605468750e+01,-7.985446166992187500e+01,-7.979087829589843750e+01,-7.980380249023437500e+01,-7.964849853515625000e+01,-7.984604644775390625e+01,-7.971206665039062500e+01,-7.976559448242187500e+01,-7.943057250976562500e+01,-7.967012786865234375e+01,-7.930142211914062500e+01,-7.940457153320312500e+01,-7.863882446289062500e+01,-7.926811981201171875e+01,-7.883134460449218750e+01,-7.753403472900390625e+01
-7.986631774902343750e+01,-7.971887969970703125e+01,-7.989967346191406250e+01,-7.994630432128906250e+01,-7.997154998779296875e+01,-7.991963958740234375e+01,-7.986627960205078125e+01,-7.949678802490234375e+01,-7.914342498779296875e+01,-7.714711761474609375e+01,-7.650962829589843750e+01,-7.209807586669921875e+01,-6.971559143066406250e+01,-6.405418395996093750e+01,-6.103002929687500000e+01,-5.715235137939453125e+01,-5.264633560180664062e+01,-5.062368011474609375e+01,-4.875528335571289062e+01,-4.921405792236328125e+01,-4.757212448120117188e+01,-4.867962646484375000e+01,-4.944258117675781250e+01,-4.909777069091796875e+01,-5.099041748046875000e+01,-4.698625946044921875e+01,-5.127703475952148438e+01,-4.593366622924804688e+01,-4.981085205078125000e+01,-4.455860900878906250e+01,-4.789374160766601562e+01,-4.287001037597656250e+01,-4.563137817382812500e+01,-4.122767639160156250e+01,-4.321840286254882812e+01,-4.019500350952148438e+01,-4.098672485351562500e+01,-3.883453750610351562e+01,-3.954792785644531250e+01,-3.814182281494140625e+01,-3.815002441406250000e+01,-3.811860275268554688e+01,-3.918627548217773438e+01,-4.063773727416992188e+01,-4.126355361938476562e+01,-4.385388946533203125e+01,-4.468969726562500000e+01,-4.721299362182617188e+01,-4.783570861816406250e+01,-5.168224334716796875e+01,-5.335879516601562500e+01,-5.644147491455078125e+01,-6.076845169067382812e+01,-6.255265045166015625e+01,-6.735103607177734375e+01,-6.880284118652343750e+01,-7.201575469970703125e+01,-7.348254394531250000e+01,-7.605465698242187500e+01,-7.731124877929687500e+01,-7.806137847900390625e+01,-7.886695098876953125e+01,-7.922976684570312500e+01,-7.943167114257812500e+01,-7.931030273437500000e+01,-7.948992919921875000e+01,-7.932292175292968750e+01,-7.921499633789062500e+01,-7.791972351074218750e+01,-7.794419860839843750e+01,-7.591024780273437500e+01,-7.491746520996093750e+01,-6.842335510253906250e+01,-6.788816070556640625e+01,-6.510912322998046875e+01,-6.295066070556640625e+01,-5.543241882324218750e+01,-5.834476089477539062e+01,-5.850283050537109375e+01,-6.046746826171875000e+01,-5.731707000732421875e+01,-6.187091445922851562e+01,-6.423825073242187500e+01,-6.913165283203125000e+01,-6.779486083984375000e+01,-7.331960296630859375e+01,-7.464625549316406250e+01,-7.691659545898437500e+01,-7.581695556640625000e+01,-7.835524749755859375e+01,-7.874725341796875000e+01,-7.937815093994140625e+01,-7.904507446289062500e+01,-7.977403259277343750e+01,-7.984403991699218750e+01,-7.985572814941406250e+01,-7.957589721679687500e+01,-7.982342529296875000e+01,-7.981219482421875000e+01,-7.978849792480468750e+01,-7.934107971191406250e+01,-7.967140960693359375e+01,-7.965029907226562500e+01,-7.956794738769531250e+01,-7.842950439453125000e+01,-7.898908233642578125e+01,-7.903855895996093750e+01,-7.894146728515625000e+01,-7.645026397705078125e+01,-7.817520141601562500e+01,-7.633959960937500000e+01,-7.681674194335937500e+01
-7.900359344482421875e+01,-7.932096862792968750e+01,-7.982324218750000000e+01,-7.995458984375000000e+01,-7.995443725585937500e+01,-7.988461303710937500e+01,-7.958475494384765625e+01,-7.904442596435546875e+01,-7.743124389648437500e+01,-7.527749633789062500e+01,-7.172187805175781250e+01,-6.757338714599609375e+01,-6.074874877929687500e+01,-5.688697052001953125e+01,-5.017518615722656250e+01,-4.818650054931640625e+01,-4.260504531860351562e+01,-4.404575347900390625e+01,-4.150811767578125000e+01,-4.342515945434570312e+01,-4.366339874267578125e+01,-4.339004898071289062e+01,-4.678213500976562500e+01,-4.506150817871093750e+01,-4.928355407714843750e+01,-4.609652328491210938e+01,-5.038883972167968750e+01,-4.720756530761718750e+01,-4.984852600097656250e+01,-4.617701339721679688e+01,-4.993679046630859375e+01,-4.703419494628906250e+01,-4.952674865722656250e+01,-4.548091125488281250e+01,-4.846336746215820312e+01,-4.515638732910156250e+01,-4.730834197998046875e+01,-4.344553375244140625e+01,-4.633932876586914062e+01,-4.357478713989257812e+01,-4.621590423583984375e+01,-4.343450164794921875e+01,-4.680136108398437500e+01,-4.521425628662109375e+01,-4.903713989257812500e+01,-4.783188629150390625e+01,-5.233333206176757812e+01,-5.199979782104492188e+01,-5.594570159912109375e+01,-5.743418121337890625e+01,-6.021799850463867188e+01,-6.227900314331054688e+01,-6.553087615966796875e+01,-6.855393218994140625e+01,-7.066847991943359375e+01,-7.366898345947265625e+01,-7.486816406250000000e+01,-7.689820098876953125e+01,-7.774708557128906250e+01,-7.884217834472656250e+01,-7.897647094726562500e+01,-7.941359710693359375e+01,-7.949808502197265625e+01,-7.969265747070312500e+01,-7.950581359863281250e+01,-7.969685363769531250e+01,-7.958920288085937500e+01,-7.957003784179687500e+01,-7.851432800292968750e+01,-7.807971191406250000e+01,-7.599795532226562500e+01,-7.404626464843750000e+01,-6.665488433837890625e+01,-6.486034393310546875e+01,-6.305810928344726562e+01,-6.110843658447265625e+01,-5.589639282226562500e+01,-5.807648468017578125e+01,-5.910585021972656250e+01,-6.135234451293945312e+01,-5.918528366088867188e+01,-6.254528045654296875e+01,-6.422467041015625000e+01,-6.829769134521484375e+01,-6.826270294189453125e+01,-7.223709106445312500e+01,-7.450815582275390625e+01,-7.660076904296875000e+01,-7.696443176269531250e+01,-7.854957580566406250e+01,-7.924312591552734375e+01,-7.957933044433593750e+01,-7.965966796875000000e+01,-7.988789367675781250e+01,-7.993511962890625000e+01,-7.991515350341796875e+01,-7.984502410888671875e+01,-7.992161560058593750e+01,-7.991362762451171875e+01,-7.986991882324218750e+01,-7.972937011718750000e+01,-7.975199890136718750e+01,-7.963648223876953125e+01,-7.947499084472656250e+01,-7.886721038818359375e+01,-7.856596374511718750e+01,-7.836437988281250000e+01,-7.841422271728515625e+01,-7.732453918457031250e+01,-7.758839416503906250e+01,-7.770258331298828125e+01,-7.805440521240234375e+01
-6.869583129882812500e+01,-7.782930755615234375e+01,-7.845553588867187500e+01,-7.959157562255859375e+01,-7.973684692382812500e+01,-7.957315063476562500e+01,-7.895025634765625000e+01,-7.810507965087890625e+01,-7.621839141845703125e+01,-7.473728942871093750e+01,-7.169426727294921875e+01,-6.995930480957031250e+01,-6.622387695312500000e+01,-6.457295989990234375e+01,-6.074414443969726562e+01,-5.918088912963867188e+01,-5.606874084472656250e+01,-5.638330078125000000e+01,-5.467504882812500000e+01,-5.440233230590820312e+01,-5.444771194458007812e+01,-5.362865447998046875e+01,-5.277663040161132812e+01,-5.256788253784179688e+01,-5.190313720703125000e+01,-5.022270965576171875e+01,-4.965513610839843750e+01,-4.687102890014648438e+01,-4.785995101928710938e+01,-4.409250640869140625e+01,-4.510987472534179688e+01,-4.268154907226562500e+01,-4.332648849487304688e+01,-4.098163986206054688e+01,-4.184825515747070312e+01,-4.092616653442382812e+01,-4.156712722778320312e+01,-4.060638427734375000e+01,-4.239283752441406250e+01,-4.239243698120117188e+01,-4.431492614746093750e+01,-4.433435821533203125e+01,-4.660706710815429688e+01,-4.684035110473632812e+01,-4.933457946777343750e+01,-4.895727920532226562e+01,-5.085322952270507812e+01,-4.977023315429687500e+01,-5.203493881225585938e+01,-5.213911437988281250e+01,-5.288467407226562500e+01,-5.466436004638671875e+01,-5.606526184082031250e+01,-5.849218750000000000e+01,-5.803744125366210938e+01,-6.241469192504882812e+01,-6.039113616943359375e+01,-6.618632507324218750e+01,-6.495089721679687500e+01,-7.175057220458984375e+01,-6.993894195556640625e+01,-7.483029174804687500e+01,-7.519144439697265625e+01,-7.762316894531250000e+01,-7.666512298583984375e+01,-7.852279663085937500e+01,-7.842369079589843750e+01,-7.912729644775390625e+01,-7.773859405517578125e+01,-7.808370208740234375e+01,-7.678833007812500000e+01,-7.565845489501953125e+01,-6.954380035400390625e+01,-6.654262542724609375e+01,-6.280911254882812500e+01,-5.953902435302734375e+01,-5.308182907104492188e+01,-5.373527526855468750e+01,-5.383687973022460938e+01,-5.730197906494140625e+01,-5.424092102050781250e+01,-5.863249969482421875e+01,-6.070878219604492188e+01,-6.652641296386718750e+01,-6.523143005371093750e+01,-7.111169433593750000e+01,-7.270913696289062500e+01,-7.622734069824218750e+01,-7.586470031738281250e+01,-7.842894744873046875e+01,-7.888354492187500000e+01,-7.958412170410156250e+01,-7.949729156494140625e+01,-7.989596557617187500e+01,-7.990912628173828125e+01,-7.991436767578125000e+01,-7.976423645019531250e+01,-7.991886901855468750e+01,-7.985258483886718750e+01,-7.985208129882812500e+01,-7.950520324707031250e+01,-7.974625396728515625e+01,-7.924164581298828125e+01,-7.907475280761718750e+01,-7.547605895996093750e+01,-7.745096588134765625e+01,-7.483422088623046875e+01,-7.649839019775390625e+01,-6.982765197753906250e+01,-7.694982910156250000e+01,-7.775441741943359375e+01,-7.627484893798828125e+01
-7.985101318359375000e+01,-7.995207214355468750e+01,-7.998760986328125000e+01,-7.998665618896484375e+01,-7.997006988525390625e+01,-7.981410217285156250e+01,-7.953614807128906250e+01,-7.865048980712890625e+01,-7.756135559082031250e+01,-7.443984985351562500e+01,-7.062678527832031250e+01,-6.437728881835937500e+01,-5.828102111816406250e+01,-5.225214767456054688e+01,-5.017367553710937500e+01,-4.672107315063476562e+01,-4.811114120483398438e+01,-4.635379791259765625e+01,-4.905488586425781250e+01,-4.851385498046875000e+01,-5.181616592407226562e+01,-5.030749893188476562e+01,-5.586954498291015625e+01,-5.427351379394531250e+01,-5.991902160644531250e+01,-5.636049270629882812e+01,-6.056348800659179688e+01,-5.720345306396484375e+01,-6.104279327392578125e+01,-5.686684036254882812e+01,-5.891149902343750000e+01,-5.627360534667968750e+01,-5.750588226318359375e+01,-5.507641983032226562e+01,-5.475004577636718750e+01,-5.381605148315429688e+01,-5.285379028320312500e+01,-5.217704010009765625e+01,-5.060489654541015625e+01,-5.139365768432617188e+01,-4.924672317504882812e+01,-5.097077941894531250e+01,-4.907154083251953125e+01,-5.202061462402343750e+01,-4.988365936279296875e+01,-5.301833343505859375e+01,-5.010295867919921875e+01,-5.339068603515625000e+01,-4.935801696777343750e+01,-5.396687316894531250e+01,-4.929591369628906250e+01,-5.422657012939453125e+01,-5.130123901367187500e+01,-5.643325805664062500e+01,-5.392095184326171875e+01,-6.106213378906250000e+01,-5.805085754394531250e+01,-6.677389526367187500e+01,-6.751925659179687500e+01,-7.418389892578125000e+01,-7.402120971679687500e+01,-7.796385192871093750e+01,-7.815284729003906250e+01,-7.917068481445312500e+01,-7.861331176757812500e+01,-7.926448059082031250e+01,-7.903166198730468750e+01,-7.909436035156250000e+01,-7.731418609619140625e+01,-7.719200134277343750e+01,-7.551411437988281250e+01,-7.294149780273437500e+01,-6.785639953613281250e+01,-6.538059997558593750e+01,-6.419414520263671875e+01,-6.118875885009765625e+01,-6.053593826293945312e+01,-5.785087585449218750e+01,-5.997010040283203125e+01,-5.999549102783203125e+01,-5.989075469970703125e+01,-6.108497619628906250e+01,-6.336642837524414062e+01,-6.698645019531250000e+01,-6.654235839843750000e+01,-7.263718414306640625e+01,-7.497462463378906250e+01,-7.719792938232421875e+01,-7.716731262207031250e+01,-7.899181365966796875e+01,-7.941853332519531250e+01,-7.964205169677734375e+01,-7.965330505371093750e+01,-7.990782165527343750e+01,-7.993496704101562500e+01,-7.990955352783203125e+01,-7.979862976074218750e+01,-7.990747070312500000e+01,-7.986778259277343750e+01,-7.978828430175781250e+01,-7.940242004394531250e+01,-7.964031219482421875e+01,-7.944335174560546875e+01,-7.935914611816406250e+01,-7.785551452636718750e+01,-7.859297943115234375e+01,-7.824605560302734375e+01,-7.854560852050781250e+01,-6.621592712402343750e+01,-7.537507629394531250e+01,-7.468759918212890625e+01,-7.730539703369140625e+01
-7.958194732666015625e+01,-7.993016815185546875e+01,-7.998522186279296875e+01,-7.999459838867187500e+01,-7.999023437500000000e+01,-7.997866058349609375e+01,-7.992340850830078125e+01,-7.979815673828125000e+01,-7.938111114501953125e+01,-7.861225891113281250e+01,-7.683711242675781250e+01,-7.432404327392578125e+01,-7.053402709960937500e+01,-6.722486877441406250e+01,-6.236206054687500000e+01,-6.139189147949218750e+01,-5.728840637207031250e+01,-5.801921844482421875e+01,-5.427507019042968750e+01,-5.675035858154296875e+01,-5.594879913330078125e+01,-5.912824249267578125e+01,-5.920158767700195312e+01,-6.335591125488281250e+01,-6.402296447753906250e+01,-6.649713897705078125e+01,-6.710510253906250000e+01,-6.831030273437500000e+01,-6.882366180419921875e+01,-6.933283233642578125e+01,-6.883325195312500000e+01,-6.897004699707031250e+01,-6.826408386230468750e+01,-6.779965209960937500e+01,-6.609251403808593750e+01,-6.548891448974609375e+01,-6.344272994995117188e+01,-6.251107025146484375e+01,-5.971213531494140625e+01,-5.946042633056640625e+01,-5.660994720458984375e+01,-5.653474426269531250e+01,-5.337079620361328125e+01,-5.458354949951171875e+01,-5.116745758056640625e+01,-5.262029266357421875e+01,-5.027561950683593750e+01,-5.240122222900390625e+01,-4.991772460937500000e+01,-5.318286895751953125e+01,-5.104302978515625000e+01,-5.612659072875976562e+01,-5.603430175781250000e+01,-6.094609451293945312e+01,-6.202109527587890625e+01,-6.719368743896484375e+01,-6.734535980224609375e+01,-7.291985321044921875e+01,-7.353450775146484375e+01,-7.729400634765625000e+01,-7.688345336914062500e+01,-7.888129425048828125e+01,-7.885231781005859375e+01,-7.952835845947265625e+01,-7.916063690185546875e+01,-7.963729095458984375e+01,-7.948120117187500000e+01,-7.955838012695312500e+01,-7.859004211425781250e+01,-7.842410278320312500e+01,-7.731507110595703125e+01,-7.528740692138671875e+01,-6.827459716796875000e+01,-6.521932983398437500e+01,-6.504837799072265625e+01,-6.058318710327148438e+01,-5.562714004516601562e+01,-5.369873046875000000e+01,-5.572507476806640625e+01,-5.439259338378906250e+01,-5.295366668701171875e+01,-5.522597503662109375e+01,-5.880931091308593750e+01,-6.295114898681640625e+01,-6.348699569702148438e+01,-7.074354553222656250e+01,-7.443757629394531250e+01,-7.658683776855468750e+01,-7.713444519042968750e+01,-7.886772155761718750e+01,-7.942685699462890625e+01,-7.956498718261718750e+01,-7.964942169189453125e+01,-7.992522430419921875e+01,-7.995320129394531250e+01,-7.991983032226562500e+01,-7.986869812011718750e+01,-7.994923400878906250e+01,-7.992222595214843750e+01,-7.985423278808593750e+01,-7.971682739257812500e+01,-7.985066223144531250e+01,-7.976615905761718750e+01,-7.955360412597656250e+01,-7.923400878906250000e+01,-7.955058288574218750e+01,-7.945333862304687500e+01,-7.913417053222656250e+01,-7.746972656250000000e+01,-7.922798156738281250e+01,-7.936828613281250000e+01,-7.832858276367187500e+01
-7.813937377929687500e+01,-7.901628112792968750e+01,-7.959206390380859375e+01,-7.942832183837890625e+01,-7.966901397705078125e+01,-7.954985809326171875e+01,-7.797170257568359375e+01,-7.776213073730468750e+01,-7.275026702880859375e+01,-7.310311889648437500e+01,-6.394555664062500000e+01,-6.514390563964843750e+01,-5.130372619628906250e+01,-5.613070678710937500e+01,-4.284611892700195312e+01,-4.988274765014648438e+01,-4.022575378417968750e+01,-4.822940826416015625e+01,-4.157730484008789062e+01,-4.809423446655273438e+01,-4.421562194824218750e+01,-5.003490447998046875e+01,-4.783390045166015625e+01,-5.417386627197265625e+01,-5.261297607421875000e+01,-5.857215118408203125e+01,-5.594076538085937500e+01,-6.131702804565429688e+01,-5.935364913940429688e+01,-6.370265197753906250e+01,-6.003430557250976562e+01,-6.365372467041015625e+01,-6.035368347167968750e+01,-6.319467163085937500e+01,-5.889366912841796875e+01,-6.136272430419921875e+01,-5.777392578125000000e+01,-5.965929412841796875e+01,-5.607117080688476562e+01,-5.798943328857421875e+01,-5.502677154541015625e+01,-5.691940307617187500e+01,-5.424285125732421875e+01,-5.668376922607421875e+01,-5.482766723632812500e+01,-5.678959274291992188e+01,-5.578256988525390625e+01,-5.822431945800781250e+01,-5.682801437377929688e+01,-5.908309173583984375e+01,-5.825811004638671875e+01,-6.132248687744140625e+01,-6.011746978759765625e+01,-6.431848907470703125e+01,-6.484183502197265625e+01,-6.921006011962890625e+01,-6.975758361816406250e+01,-7.307083129882812500e+01,-7.458702850341796875e+01,-7.706098937988281250e+01,-7.724494934082031250e+01,-7.854066467285156250e+01,-7.876672363281250000e+01,-7.926977539062500000e+01,-7.896638488769531250e+01,-7.934350585937500000e+01,-7.933754730224609375e+01,-7.944991302490234375e+01,-7.834348297119140625e+01,-7.847438049316406250e+01,-7.708911132812500000e+01,-7.636341857910156250e+01,-7.115250396728515625e+01,-7.046311187744140625e+01,-6.745665740966796875e+01,-6.481329345703125000e+01,-5.935766220092773438e+01,-5.484511947631835938e+01,-5.549700927734375000e+01,-5.527253723144531250e+01,-5.253662109375000000e+01,-5.488909149169921875e+01,-5.673920440673828125e+01,-6.288742446899414062e+01,-6.194345474243164062e+01,-6.913719177246093750e+01,-7.098893737792968750e+01,-7.464245605468750000e+01,-7.363128662109375000e+01,-7.747504425048828125e+01,-7.823363494873046875e+01,-7.902943420410156250e+01,-7.855062103271484375e+01,-7.959420776367187500e+01,-7.970787048339843750e+01,-7.976362609863281250e+01,-7.931809997558593750e+01,-7.975990295410156250e+01,-7.969871520996093750e+01,-7.971957397460937500e+01,-7.912548828125000000e+01,-7.955166625976562500e+01,-7.947955322265625000e+01,-7.936441040039062500e+01,-7.786944580078125000e+01,-7.829966735839843750e+01,-7.890032958984375000e+01,-7.905529785156250000e+01,-7.624605560302734375e+01,-7.756388854980468750e+01,-7.910557556152343750e+01,-7.936061096191406250e+01
-7.531533050537109375e+01,-7.980543518066406250e+01,-7.992886352539062500e+01,-7.994600677490234375e+01,-7.990850830078125000e+01,-7.985235595703125000e+01,-7.937882232666015625e+01,-7.907469940185546875e+01,-7.677298736572265625e+01,-7.610214233398437500e+01,-7.106240081787109375e+01,-6.991456604003906250e+01,-6.179302978515625000e+01,-6.157662200927734375e+01,-5.347211456298828125e+01,-5.481874847412109375e+01,-4.843698883056640625e+01,-5.154070281982421875e+01,-4.591586303710937500e+01,-4.923844528198242188e+01,-4.627656173706054688e+01,-4.827373123168945312e+01,-4.842036437988281250e+01,-5.000681304931640625e+01,-5.278938293457031250e+01,-5.443700408935546875e+01,-5.572765350341796875e+01,-5.899242019653320312e+01,-5.985850524902343750e+01,-6.178013610839843750e+01,-6.135821151733398438e+01,-6.328546142578125000e+01,-6.307638168334960938e+01,-6.365547943115234375e+01,-6.228015899658203125e+01,-6.295791625976562500e+01,-6.183956909179687500e+01,-6.143252944946289062e+01,-6.024069595336914062e+01,-6.013449859619140625e+01,-5.913199615478515625e+01,-5.797542190551757812e+01,-5.817990112304687500e+01,-5.744659423828125000e+01,-5.849612808227539062e+01,-5.763556289672851562e+01,-5.988517761230468750e+01,-5.927249908447265625e+01,-6.120706176757812500e+01,-6.094268798828125000e+01,-6.309612274169921875e+01,-6.401335144042968750e+01,-6.574987792968750000e+01,-6.805010986328125000e+01,-6.962176513671875000e+01,-7.304069519042968750e+01,-7.386462402343750000e+01,-7.603332519531250000e+01,-7.713349151611328125e+01,-7.831875610351562500e+01,-7.827809906005859375e+01,-7.901993560791015625e+01,-7.896563720703125000e+01,-7.936128234863281250e+01,-7.900855255126953125e+01,-7.937031555175781250e+01,-7.920951080322265625e+01,-7.923178863525390625e+01,-7.817936706542968750e+01,-7.816972351074218750e+01,-7.647296905517578125e+01,-7.488043975830078125e+01,-6.786338806152343750e+01,-6.560653686523437500e+01,-5.835418319702148438e+01,-5.600906753540039062e+01,-4.975328445434570312e+01,-4.919455337524414062e+01,-4.781505203247070312e+01,-5.042852020263671875e+01,-4.701801300048828125e+01,-4.949726867675781250e+01,-5.014908599853515625e+01,-5.550200271606445312e+01,-5.366610717773437500e+01,-6.149868392944335938e+01,-6.622406768798828125e+01,-7.068721008300781250e+01,-7.214553070068359375e+01,-7.552693176269531250e+01,-7.738588714599609375e+01,-7.853678131103515625e+01,-7.854573822021484375e+01,-7.936268615722656250e+01,-7.953761291503906250e+01,-7.969703674316406250e+01,-7.928881835937500000e+01,-7.965270996093750000e+01,-7.963787078857421875e+01,-7.964270782470703125e+01,-7.875244140625000000e+01,-7.898658752441406250e+01,-7.847274780273437500e+01,-7.865307617187500000e+01,-7.441131591796875000e+01,-7.549415588378906250e+01,-7.336392211914062500e+01,-7.542030334472656250e+01,-6.389550399780273438e+01,-7.265619659423828125e+01,-7.580107116699218750e+01,-7.827070617675781250e+01
-7.580889892578125000e+01,-7.966082000732421875e+01,-7.991367340087890625e+01,-7.998429107666015625e+01,-7.996713256835937500e+01,-7.996096801757812500e+01,-7.974371337890625000e+01,-7.958256530761718750e+01,-7.793923187255859375e+01,-7.702513122558593750e+01,-7.248488616943359375e+01,-7.203047943115234375e+01,-6.216164016723632812e+01,-6.488993072509765625e+01,-5.526489257812500000e+01,-6.143514633178710938e+01,-5.322966003417968750e+01,-5.879210662841796875e+01,-5.339431762695312500e+01,-5.800317382812500000e+01,-5.517679977416992188e+01,-5.834181594848632812e+01,-5.656084442138671875e+01,-6.030121994018554688e+01,-6.031489562988281250e+01,-6.373704910278320312e+01,-6.400091552734375000e+01,-6.605255889892578125e+01,-6.668449401855468750e+01,-6.773015594482421875e+01,-6.751750946044921875e+01,-6.775299072265625000e+01,-6.728261566162109375e+01,-6.704711151123046875e+01,-6.547591400146484375e+01,-6.551196289062500000e+01,-6.428893280029296875e+01,-6.415138244628906250e+01,-6.268478393554687500e+01,-6.333782577514648438e+01,-6.169920349121093750e+01,-6.258449935913085938e+01,-6.082968902587890625e+01,-6.312984848022460938e+01,-6.172422790527343750e+01,-6.348998260498046875e+01,-6.361402511596679688e+01,-6.535034942626953125e+01,-6.469639587402343750e+01,-6.668989562988281250e+01,-6.607920837402343750e+01,-6.912933349609375000e+01,-6.905490112304687500e+01,-7.240274047851562500e+01,-7.350653839111328125e+01,-7.647755432128906250e+01,-7.688507843017578125e+01,-7.868251037597656250e+01,-7.910748291015625000e+01,-7.966672515869140625e+01,-7.964865875244140625e+01,-7.988523864746093750e+01,-7.985342407226562500e+01,-7.992766571044921875e+01,-7.977368164062500000e+01,-7.991688537597656250e+01,-7.976637268066406250e+01,-7.982494354248046875e+01,-7.872669219970703125e+01,-7.919799041748046875e+01,-7.675527954101562500e+01,-7.581148529052734375e+01,-6.447174072265625000e+01,-6.556506347656250000e+01,-5.775640869140625000e+01,-5.834438323974609375e+01,-4.777472305297851562e+01,-5.208308410644531250e+01,-4.695116043090820312e+01,-5.161428451538085938e+01,-4.370037460327148438e+01,-5.189097976684570312e+01,-4.752962493896484375e+01,-5.685203933715820312e+01,-5.016720581054687500e+01,-6.365235900878906250e+01,-6.318846893310546875e+01,-7.068029785156250000e+01,-6.920436859130859375e+01,-7.712393951416015625e+01,-7.786576080322265625e+01,-7.913601684570312500e+01,-7.886457824707031250e+01,-7.985076904296875000e+01,-7.985046386718750000e+01,-7.987660217285156250e+01,-7.965171813964843750e+01,-7.995388793945312500e+01,-7.992716217041015625e+01,-7.992555236816406250e+01,-7.961929321289062500e+01,-7.988245391845703125e+01,-7.974768066406250000e+01,-7.975045776367187500e+01,-7.834411621093750000e+01,-7.933511352539062500e+01,-7.896001434326171875e+01,-7.950875854492187500e+01,-7.344852447509765625e+01,-7.799095153808593750e+01,-7.811992645263671875e+01,-7.966766357421875000e+01
-7.999668884277343750e+01,-7.999956512451171875e+01,-7.999948120117187500e+01,-7.999910736083984375e+01,-7.999710083007812500e+01,-7.999153137207031250e+01,-7.994722747802734375e+01,-7.984120178222656250e+01,-7.939940643310546875e+01,-7.858071899414062500e+01,-7.644810485839843750e+01,-7.408250427246093750e+01,-6.855921936035156250e+01,-6.520212554931640625e+01,-5.931680297851562500e+01,-5.800782775878906250e+01,-5.537644958496093750e+01,-5.500209808349609375e+01,-5.295896530151367188e+01,-5.419239425659179688e+01,-5.465107727050781250e+01,-5.570137786865234375e+01,-5.729070281982421875e+01,-5.963851928710937500e+01,-6.312816238403320312e+01,-6.489790344238281250e+01,-6.698048400878906250e+01,-6.854888916015625000e+01,-7.043902587890625000e+01,-7.111326599121093750e+01,-7.165644073486328125e+01,-7.215309143066406250e+01,-7.236546325683593750e+01,-7.225263977050781250e+01,-7.126949310302734375e+01,-7.145588684082031250e+01,-7.071634674072265625e+01,-7.037451934814453125e+01,-6.920396423339843750e+01,-6.955870056152343750e+01,-6.890017700195312500e+01,-6.856127929687500000e+01,-6.805741119384765625e+01,-6.847765350341796875e+01,-6.837777709960937500e+01,-6.824977111816406250e+01,-6.847608947753906250e+01,-6.840707397460937500e+01,-6.807862854003906250e+01,-6.789248657226562500e+01,-6.841601562500000000e+01,-6.951089477539062500e+01,-7.001751708984375000e+01,-7.309302520751953125e+01,-7.441722106933593750e+01,-7.708219909667968750e+01,-7.770886230468750000e+01,-7.916804504394531250e+01,-7.946484375000000000e+01,-7.984919738769531250e+01,-7.984301757812500000e+01,-7.995774078369140625e+01,-7.994316101074218750e+01,-7.997427368164062500e+01,-7.990556335449218750e+01,-7.995962524414062500e+01,-7.982987213134765625e+01,-7.985345458984375000e+01,-7.845901489257812500e+01,-7.894813537597656250e+01,-7.524004364013671875e+01,-7.525557708740234375e+01,-6.189519882202148438e+01,-6.457112121582031250e+01,-5.648188400268554688e+01,-5.661679077148437500e+01,-4.250716018676757812e+01,-4.680893325805664062e+01,-4.425808715820312500e+01,-4.574866485595703125e+01,-4.228736114501953125e+01,-4.523683166503906250e+01,-4.726433563232421875e+01,-4.894922256469726562e+01,-5.030181884765625000e+01,-5.790371322631835938e+01,-6.507464599609375000e+01,-7.025316619873046875e+01,-7.142663574218750000e+01,-7.692372131347656250e+01,-7.840735626220703125e+01,-7.901155090332031250e+01,-7.905184936523437500e+01,-7.975186920166015625e+01,-7.987055969238281250e+01,-7.981599426269531250e+01,-7.957699584960937500e+01,-7.984024047851562500e+01,-7.983404541015625000e+01,-7.971189880371093750e+01,-7.925099182128906250e+01,-7.964064025878906250e+01,-7.955900573730468750e+01,-7.937297058105468750e+01,-7.799479675292968750e+01,-7.907884979248046875e+01,-7.881588745117187500e+01,-7.936734008789062500e+01,-6.951107788085937500e+01,-7.905709838867187500e+01,-7.893067169189453125e+01,-7.984889221191406250e+01
-7.998219299316406250e+01,-7.999704742431640625e+01,-7.999829101562500000e+01,-7.999806976318359375e+01,-7.999661254882812500e+01,-7.999011993408203125e+01,-7.995707702636718750e+01,-7.985794067382812500e+01,-7.951103973388671875e+01,-7.863800048828125000e+01,-7.665869140625000000e+01,-7.383941650390625000e+01,-6.781610107421875000e+01,-6.399895477294921875e+01,-5.793703460693359375e+01,-5.627486419677734375e+01,-5.265908050537109375e+01,-5.265430068969726562e+01,-5.070548629760742188e+01,-5.213846588134765625e+01,-5.265206527709960938e+01,-5.541925048828125000e+01,-5.854815673828125000e+01,-6.116500854492187500e+01,-6.570858764648437500e+01,-6.742274475097656250e+01,-7.059379577636718750e+01,-7.153232574462890625e+01,-7.353173828125000000e+01,-7.386705017089843750e+01,-7.471192932128906250e+01,-7.491949462890625000e+01,-7.527661132812500000e+01,-7.503375244140625000e+01,-7.486099243164062500e+01,-7.459564208984375000e+01,-7.431405639648437500e+01,-7.368444824218750000e+01,-7.318363952636718750e+01,-7.275153350830078125e+01,-7.243500518798828125e+01,-7.182295989990234375e+01,-7.158851623535156250e+01,-7.146604919433593750e+01,-7.168618774414062500e+01,-7.159545898437500000e+01,-7.183580780029296875e+01,-7.194116973876953125e+01,-7.188570404052734375e+01,-7.229952239990234375e+01,-7.248425292968750000e+01,-7.366781616210937500e+01,-7.433143615722656250e+01,-7.607566833496093750e+01,-7.709366607666015625e+01,-7.865496826171875000e+01,-7.897635650634765625e+01,-7.966442871093750000e+01,-7.979504394531250000e+01,-7.994325256347656250e+01,-7.993922424316406250e+01,-7.998257446289062500e+01,-7.997760009765625000e+01,-7.998941802978515625e+01,-7.995672607421875000e+01,-7.997908782958984375e+01,-7.991526794433593750e+01,-7.992076110839843750e+01,-7.916496276855468750e+01,-7.937574768066406250e+01,-7.732162475585937500e+01,-7.654126739501953125e+01,-6.615219879150390625e+01,-6.825523376464843750e+01,-6.399757385253906250e+01,-6.292346191406250000e+01,-5.359465408325195312e+01,-5.769672012329101562e+01,-5.569007492065429688e+01,-5.840114593505859375e+01,-5.475988388061523438e+01,-5.898492813110351562e+01,-6.011940765380859375e+01,-6.369556427001953125e+01,-6.354843902587890625e+01,-6.999265289306640625e+01,-7.291645812988281250e+01,-7.548477172851562500e+01,-7.599629211425781250e+01,-7.836721038818359375e+01,-7.906227111816406250e+01,-7.925541687011718750e+01,-7.917856597900390625e+01,-7.971293640136718750e+01,-7.983496856689453125e+01,-7.958511352539062500e+01,-7.918644714355468750e+01,-7.953540039062500000e+01,-7.955188751220703125e+01,-7.894164276123046875e+01,-7.802537536621093750e+01,-7.869661712646484375e+01,-7.850555419921875000e+01,-7.732411193847656250e+01,-7.386471557617187500e+01,-7.644914245605468750e+01,-7.617532348632812500e+01,-7.489085388183593750e+01,-6.630685424804687500e+01,-7.533843994140625000e+01,-7.790043640136718750e+01,-7.934028625488281250e+01
-7.981478118896484375e+01,-7.981233978271484375e+01,-7.977156066894531250e+01,-7.989712524414062500e+01,-7.993289947509765625e+01,-7.993874359130859375e+01,-7.960414123535156250e+01,-7.951776885986328125e+01,-7.738378906250000000e+01,-7.728298950195312500e+01,-6.870771026611328125e+01,-7.012121582031250000e+01,-5.385956192016601562e+01,-5.991539764404296875e+01,-4.411374664306640625e+01,-5.201792907714843750e+01,-4.102333831787109375e+01,-4.837360382080078125e+01,-4.050285720825195312e+01,-4.829220962524414062e+01,-4.629498672485351562e+01,-5.417589569091796875e+01,-5.584728240966796875e+01,-6.224963378906250000e+01,-6.592153167724609375e+01,-6.889517211914062500e+01,-7.126033020019531250e+01,-7.276212310791015625e+01,-7.425631713867187500e+01,-7.490565490722656250e+01,-7.511685180664062500e+01,-7.559400177001953125e+01,-7.552508544921875000e+01,-7.553346252441406250e+01,-7.496533966064453125e+01,-7.500020599365234375e+01,-7.447067260742187500e+01,-7.422024536132812500e+01,-7.359367370605468750e+01,-7.340219116210937500e+01,-7.279026794433593750e+01,-7.238381958007812500e+01,-7.193464660644531250e+01,-7.209742736816406250e+01,-7.180017089843750000e+01,-7.200431823730468750e+01,-7.190887451171875000e+01,-7.214848327636718750e+01,-7.162077331542968750e+01,-7.223185729980468750e+01,-7.210229492187500000e+01,-7.363429260253906250e+01,-7.391107940673828125e+01,-7.599433898925781250e+01,-7.661270904541015625e+01,-7.831018066406250000e+01,-7.844636535644531250e+01,-7.946131134033203125e+01,-7.954651641845703125e+01,-7.986068725585937500e+01,-7.977944946289062500e+01,-7.993708038330078125e+01,-7.987894439697265625e+01,-7.994126892089843750e+01,-7.971162414550781250e+01,-7.990086364746093750e+01,-7.959701538085937500e+01,-7.970191955566406250e+01,-7.721936798095703125e+01,-7.874911499023437500e+01,-7.509092712402343750e+01,-7.481640625000000000e+01,-6.029022216796875000e+01,-6.523768615722656250e+01,-5.605443572998046875e+01,-5.408000946044921875e+01,-3.958665847778320312e+01,-4.434034347534179688e+01,-4.181682968139648438e+01,-4.065225601196289062e+01,-3.704650878906250000e+01,-4.181002426147460938e+01,-4.415277099609375000e+01,-4.501404571533203125e+01,-4.635453033447265625e+01,-5.723514556884765625e+01,-6.623593902587890625e+01,-6.927815246582031250e+01,-7.266387939453125000e+01,-7.751493072509765625e+01,-7.900135040283203125e+01,-7.899861145019531250e+01,-7.920956420898437500e+01,-7.975385284423828125e+01,-7.981828308105468750e+01,-7.935151672363281250e+01,-7.875285339355468750e+01,-7.953237152099609375e+01,-7.926341247558593750e+01,-7.800009918212890625e+01,-7.649116516113281250e+01,-7.836553955078125000e+01,-7.722608947753906250e+01,-7.386573791503906250e+01,-6.974871826171875000e+01,-7.694895935058593750e+01,-7.636302947998046875e+01,-7.510175323486328125e+01,-6.413943481445312500e+01,-7.765930938720703125e+01,-7.790317535400390625e+01,-7.805668640136718750e+01
-7.674650573730468750e+01,-7.795666503906250000e+01,-7.952175903320312500e+01,-7.974017333984375000e+01,-7.965010833740234375e+01,-7.979564666748046875e+01,-7.880654907226562500e+01,-7.870848083496093750e+01,-7.414611816406250000e+01,-7.271212768554687500e+01,-6.345758819580078125e+01,-6.341143798828125000e+01,-5.190575027465820312e+01,-5.370240020751953125e+01,-4.565619659423828125e+01,-4.872183227539062500e+01,-4.191811370849609375e+01,-4.484341812133789062e+01,-3.921886444091796875e+01,-4.369776153564453125e+01,-4.089966201782226562e+01,-4.628374481201171875e+01,-4.492309188842773438e+01,-5.115726089477539062e+01,-5.222148895263671875e+01,-5.822185134887695312e+01,-5.919001007080078125e+01,-6.357362365722656250e+01,-6.501727294921875000e+01,-6.750526428222656250e+01,-6.805410766601562500e+01,-6.965220642089843750e+01,-6.975502777099609375e+01,-7.084442138671875000e+01,-7.021911621093750000e+01,-7.100224304199218750e+01,-7.011222839355468750e+01,-7.067773437500000000e+01,-6.919934082031250000e+01,-6.958026123046875000e+01,-6.828605651855468750e+01,-6.847654724121093750e+01,-6.816765594482421875e+01,-6.858819580078125000e+01,-6.921051025390625000e+01,-6.931375885009765625e+01,-7.046711730957031250e+01,-7.014767456054687500e+01,-7.161614990234375000e+01,-7.146031188964843750e+01,-7.362402343750000000e+01,-7.367594146728515625e+01,-7.577795410156250000e+01,-7.651093292236328125e+01,-7.796954345703125000e+01,-7.868145751953125000e+01,-7.920341491699218750e+01,-7.963143920898437500e+01,-7.983469390869140625e+01,-7.992510986328125000e+01,-7.994310760498046875e+01,-7.997230529785156250e+01,-7.997008514404296875e+01,-7.997232055664062500e+01,-7.990864562988281250e+01,-7.993590545654296875e+01,-7.975525665283203125e+01,-7.970629119873046875e+01,-7.788616943359375000e+01,-7.892942810058593750e+01,-7.558257293701171875e+01,-7.460288238525390625e+01,-6.325802230834960938e+01,-6.623269653320312500e+01,-5.835211944580078125e+01,-5.589977264404296875e+01,-4.862131500244140625e+01,-5.291123199462890625e+01,-4.882833862304687500e+01,-5.060078430175781250e+01,-4.782220077514648438e+01,-5.335801696777343750e+01,-5.292923736572265625e+01,-5.782315063476562500e+01,-5.950683593750000000e+01,-6.888107299804687500e+01,-7.193605041503906250e+01,-7.535330200195312500e+01,-7.586053466796875000e+01,-7.894953918457031250e+01,-7.914937591552734375e+01,-7.957887268066406250e+01,-7.956015014648437500e+01,-7.989997863769531250e+01,-7.982011413574218750e+01,-7.981459808349609375e+01,-7.953234100341796875e+01,-7.987035369873046875e+01,-7.958128356933593750e+01,-7.967170715332031250e+01,-7.915325927734375000e+01,-7.970050048828125000e+01,-7.856488037109375000e+01,-7.923893737792968750e+01,-7.744288635253906250e+01,-7.894175720214843750e+01,-7.532767486572265625e+01,-7.749142456054687500e+01,-6.757063293457031250e+01,-7.825893402099609375e+01,-7.765099334716796875e+01,-7.491734313964843750e+01
-7.860015869140625000e+01,-7.789912414550781250e+01,-7.869287109375000000e+01,-7.907856750488281250e+01,-7.971160888671875000e+01,-7.943985748291015625e+01,-7.869305419921875000e+01,-7.735580444335937500e+01,-7.427149200439453125e+01,-7.104028320312500000e+01,-6.389422607421875000e+01,-6.151023483276367188e+01,-4.929114532470703125e+01,-5.280377197265625000e+01,-4.185673904418945312e+01,-4.802799606323242188e+01,-4.061198425292968750e+01,-4.431798171997070312e+01,-4.040987014770507812e+01,-4.411695098876953125e+01,-4.393025207519531250e+01,-4.823365020751953125e+01,-5.044162750244140625e+01,-5.426031875610351562e+01,-5.933098602294921875e+01,-6.077532196044921875e+01,-6.574579620361328125e+01,-6.628917694091796875e+01,-7.021321105957031250e+01,-6.994825744628906250e+01,-7.219738769531250000e+01,-7.193940734863281250e+01,-7.350510406494140625e+01,-7.273724365234375000e+01,-7.350140380859375000e+01,-7.267131042480468750e+01,-7.326679992675781250e+01,-7.203219604492187500e+01,-7.222169494628906250e+01,-7.078779602050781250e+01,-7.090568542480468750e+01,-6.928080749511718750e+01,-6.968080139160156250e+01,-6.848393249511718750e+01,-6.954467773437500000e+01,-6.856076812744140625e+01,-6.959133148193359375e+01,-6.917675018310546875e+01,-6.918772888183593750e+01,-6.986276245117187500e+01,-6.938428497314453125e+01,-7.088858032226562500e+01,-7.127109527587890625e+01,-7.395431518554687500e+01,-7.493409729003906250e+01,-7.705920410156250000e+01,-7.757187652587890625e+01,-7.886819458007812500e+01,-7.916851806640625000e+01,-7.961239624023437500e+01,-7.957288360595703125e+01,-7.981881713867187500e+01,-7.975690460205078125e+01,-7.985900878906250000e+01,-7.962200927734375000e+01,-7.982084655761718750e+01,-7.956986999511718750e+01,-7.960533142089843750e+01,-7.799183654785156250e+01,-7.866281127929687500e+01,-7.653010559082031250e+01,-7.518914031982421875e+01,-6.678802490234375000e+01,-6.761985778808593750e+01,-6.385876083374023438e+01,-5.963617324829101562e+01,-5.285485076904296875e+01,-5.164130401611328125e+01,-5.239047241210937500e+01,-5.268376159667968750e+01,-5.332272338867187500e+01,-5.522905349731445312e+01,-5.995642471313476562e+01,-6.237080001831054688e+01,-6.634707641601562500e+01,-7.221180725097656250e+01,-7.480216979980468750e+01,-7.686061096191406250e+01,-7.711627197265625000e+01,-7.909892272949218750e+01,-7.920691680908203125e+01,-7.937823486328125000e+01,-7.940241241455078125e+01,-7.983628082275390625e+01,-7.980255126953125000e+01,-7.960005950927734375e+01,-7.911979675292968750e+01,-7.970989990234375000e+01,-7.947024536132812500e+01,-7.923799133300781250e+01,-7.861959838867187500e+01,-7.954891967773437500e+01,-7.928784942626953125e+01,-7.931794738769531250e+01,-7.861726379394531250e+01,-7.952964782714843750e+01,-7.923248291015625000e+01,-7.949224853515625000e+01,-7.606887054443359375e+01,-7.938386535644531250e+01,-7.876225280761718750e+01,-7.902738952636718750e+01
-4.870051956176757812e+01,-6.696430969238281250e+01,-7.886895751953125000e+01,-7.885714721679687500e+01,-7.911036682128906250e+01,-7.715551757812500000e+01,-7.472480010986328125e+01,-6.781041717529296875e+01,-6.557014465332031250e+01,-5.665699005126953125e+01,-5.909740447998046875e+01,-5.087895202636718750e+01,-4.860155868530273438e+01,-4.595614624023437500e+01,-4.276812362670898438e+01,-4.160264968872070312e+01,-3.725992202758789062e+01,-3.957690429687500000e+01,-3.454764938354492188e+01,-3.983000564575195312e+01,-3.470025253295898438e+01,-4.128268051147460938e+01,-3.714091873168945312e+01,-4.347093200683593750e+01,-4.245118713378906250e+01,-4.691152191162109375e+01,-4.797196197509765625e+01,-5.212855529785156250e+01,-5.369773864746093750e+01,-5.740862655639648438e+01,-5.751922988891601562e+01,-6.129645538330078125e+01,-6.160853195190429688e+01,-6.411665344238281250e+01,-6.363207244873046875e+01,-6.521989440917968750e+01,-6.512080383300781250e+01,-6.539430236816406250e+01,-6.492407989501953125e+01,-6.462556457519531250e+01,-6.457716369628906250e+01,-6.327254486083984375e+01,-6.441458129882812500e+01,-6.257646942138671875e+01,-6.511898040771484375e+01,-6.311835479736328125e+01,-6.657229614257812500e+01,-6.511456298828125000e+01,-6.841403961181640625e+01,-6.787786865234375000e+01,-7.148994445800781250e+01,-7.134973144531250000e+01,-7.410300445556640625e+01,-7.490961456298828125e+01,-7.679346466064453125e+01,-7.765545654296875000e+01,-7.843997192382812500e+01,-7.911901855468750000e+01,-7.950831604003906250e+01,-7.975831604003906250e+01,-7.976626586914062500e+01,-7.989830017089843750e+01,-7.986293029785156250e+01,-7.992047882080078125e+01,-7.974360656738281250e+01,-7.987542724609375000e+01,-7.962145233154296875e+01,-7.972180175781250000e+01,-7.788310241699218750e+01,-7.880490112304687500e+01,-7.603470611572265625e+01,-7.496066284179687500e+01,-5.963875579833984375e+01,-6.120674133300781250e+01,-5.642951965332031250e+01,-4.840439987182617188e+01,-3.911940002441406250e+01,-4.057994079589843750e+01,-4.272387313842773438e+01,-4.127738571166992188e+01,-4.048863601684570312e+01,-4.753041076660156250e+01,-5.150140380859375000e+01,-5.650124740600585938e+01,-5.966961288452148438e+01,-6.973202514648437500e+01,-7.439620971679687500e+01,-7.640206909179687500e+01,-7.744292449951171875e+01,-7.941110229492187500e+01,-7.967713928222656250e+01,-7.981219482421875000e+01,-7.981980133056640625e+01,-7.997329711914062500e+01,-7.997741699218750000e+01,-7.996836853027343750e+01,-7.991452026367187500e+01,-7.998441314697265625e+01,-7.998054504394531250e+01,-7.995983886718750000e+01,-7.983856201171875000e+01,-7.993862152099609375e+01,-7.992322540283203125e+01,-7.987406921386718750e+01,-7.949588775634765625e+01,-7.978601074218750000e+01,-7.982239532470703125e+01,-7.987985992431640625e+01,-7.756994628906250000e+01,-7.942808532714843750e+01,-7.958506011962890625e+01,-7.987116241455078125e+01
-7.604849243164062500e+01,-7.491094970703125000e+01,-7.780976104736328125e+01,-7.860897827148437500e+01,-7.842126464843750000e+01,-7.864360046386718750e+01,-7.657289123535156250e+01,-7.579909515380859375e+01,-6.972079467773437500e+01,-6.796128082275390625e+01,-5.725875854492187500e+01,-5.601734161376953125e+01,-4.107938385009765625e+01,-4.381562042236328125e+01,-3.133623123168945312e+01,-3.629346084594726562e+01,-2.633457374572753906e+01,-3.247282028198242188e+01,-2.507643127441406250e+01,-3.161678504943847656e+01,-2.648313713073730469e+01,-3.361106491088867188e+01,-2.990068626403808594e+01,-3.777967071533203125e+01,-3.666483688354492188e+01,-4.251926803588867188e+01,-4.372832489013671875e+01,-4.852674102783203125e+01,-5.046334838867187500e+01,-5.495079421997070312e+01,-5.528955841064453125e+01,-5.953865814208984375e+01,-5.926852416992187500e+01,-6.247026824951171875e+01,-6.132292175292968750e+01,-6.362663269042968750e+01,-6.203853607177734375e+01,-6.393148422241210938e+01,-6.263906097412109375e+01,-6.377443695068359375e+01,-6.233810806274414062e+01,-6.291843414306640625e+01,-6.309690475463867188e+01,-6.282302856445312500e+01,-6.340365982055664062e+01,-6.271624755859375000e+01,-6.451982116699218750e+01,-6.283145904541015625e+01,-6.424180603027343750e+01,-6.348509979248046875e+01,-6.531374359130859375e+01,-6.552016448974609375e+01,-6.707708740234375000e+01,-6.932089233398437500e+01,-7.104934692382812500e+01,-7.312300109863281250e+01,-7.450881195068359375e+01,-7.660574340820312500e+01,-7.801828002929687500e+01,-7.889897918701171875e+01,-7.929328918457031250e+01,-7.964757537841796875e+01,-7.977838897705078125e+01,-7.981655883789062500e+01,-7.974673461914062500e+01,-7.980025482177734375e+01,-7.968104553222656250e+01,-7.954627990722656250e+01,-7.839236450195312500e+01,-7.830230712890625000e+01,-7.609767150878906250e+01,-7.351644897460937500e+01,-6.142528533935546875e+01,-5.758917617797851562e+01,-5.468649291992187500e+01,-4.859433746337890625e+01,-4.301062393188476562e+01,-4.330577468872070312e+01,-4.716537857055664062e+01,-4.633026504516601562e+01,-4.628896713256835938e+01,-4.957639694213867188e+01,-5.424949645996093750e+01,-5.685968017578125000e+01,-6.237865066528320312e+01,-6.778100585937500000e+01,-7.361939239501953125e+01,-7.487650299072265625e+01,-7.714381408691406250e+01,-7.838963317871093750e+01,-7.925180053710937500e+01,-7.920382690429687500e+01,-7.942276000976562500e+01,-7.968394470214843750e+01,-7.980176544189453125e+01,-7.948811340332031250e+01,-7.926478576660156250e+01,-7.944554901123046875e+01,-7.957552337646484375e+01,-7.872801208496093750e+01,-7.867687988281250000e+01,-7.898626708984375000e+01,-7.946610260009765625e+01,-7.847035980224609375e+01,-7.868618774414062500e+01,-7.897399902343750000e+01,-7.946052551269531250e+01,-7.918954467773437500e+01,-7.614697265625000000e+01,-7.806805419921875000e+01,-7.899550628662109375e+01,-7.766514587402343750e+01
-6.167622375488281250e+01,-7.894577026367187500e+01,-7.941310119628906250e+01,-7.922162628173828125e+01,-7.963560485839843750e+01,-7.966944885253906250e+01,-7.872965240478515625e+01,-7.813719177246093750e+01,-7.182902526855468750e+01,-7.174211120605468750e+01,-5.753041839599609375e+01,-5.918004226684570312e+01,-3.729521560668945312e+01,-4.463601303100585938e+01,-2.643501281738281250e+01,-3.731775283813476562e+01,-2.296628189086914062e+01,-3.388055419921875000e+01,-2.575111389160156250e+01,-3.753395843505859375e+01,-3.204031372070312500e+01,-4.385435485839843750e+01,-4.043173980712890625e+01,-4.972184371948242188e+01,-4.785800170898437500e+01,-5.370281982421875000e+01,-5.086851501464843750e+01,-5.551506805419921875e+01,-5.323488235473632812e+01,-5.698402786254882812e+01,-5.440678024291992188e+01,-5.732118225097656250e+01,-5.538651275634765625e+01,-5.764509963989257812e+01,-5.513877105712890625e+01,-5.654424285888671875e+01,-5.496725845336914062e+01,-5.577789306640625000e+01,-5.411495208740234375e+01,-5.415298843383789062e+01,-5.372816467285156250e+01,-5.355797195434570312e+01,-5.441959381103515625e+01,-5.366727828979492188e+01,-5.638427734375000000e+01,-5.592247009277343750e+01,-5.857596206665039062e+01,-5.815172958374023438e+01,-6.045074462890625000e+01,-6.035243988037109375e+01,-6.216718292236328125e+01,-6.224849700927734375e+01,-6.483706665039062500e+01,-6.614776611328125000e+01,-6.865309143066406250e+01,-7.002823638916015625e+01,-7.188212585449218750e+01,-7.417346191406250000e+01,-7.620585632324218750e+01,-7.764694976806640625e+01,-7.828694152832031250e+01,-7.911827850341796875e+01,-7.940405273437500000e+01,-7.966987609863281250e+01,-7.952629852294921875e+01,-7.977880859375000000e+01,-7.969845581054687500e+01,-7.967327880859375000e+01,-7.875126647949218750e+01,-7.890180206298828125e+01,-7.734852600097656250e+01,-7.555082702636718750e+01,-6.584600830078125000e+01,-6.595366668701171875e+01,-6.063601684570312500e+01,-5.575347900390625000e+01,-4.896348571777343750e+01,-4.785036849975585938e+01,-5.017261886596679688e+01,-4.855953979492187500e+01,-4.783612060546875000e+01,-5.014123153686523438e+01,-5.895966720581054688e+01,-6.130470275878906250e+01,-6.650489807128906250e+01,-7.097157287597656250e+01,-7.642562866210937500e+01,-7.683404541015625000e+01,-7.796336364746093750e+01,-7.891741180419921875e+01,-7.947901153564453125e+01,-7.937493133544921875e+01,-7.941741943359375000e+01,-7.966244506835937500e+01,-7.981938934326171875e+01,-7.955790710449218750e+01,-7.904122161865234375e+01,-7.946122741699218750e+01,-7.956539916992187500e+01,-7.917346191406250000e+01,-7.843624877929687500e+01,-7.908370971679687500e+01,-7.921347808837890625e+01,-7.917260742187500000e+01,-7.847459411621093750e+01,-7.915962219238281250e+01,-7.929049682617187500e+01,-7.956124877929687500e+01,-7.773181152343750000e+01,-7.948361206054687500e+01,-7.954636383056640625e+01,-7.960267639160156250e+01
-3.907508850097656250e+00,-5.919285202026367188e+01,-7.512701416015625000e+01,-7.857528686523437500e+01,-7.898278045654296875e+01,-7.908341979980468750e+01,-7.679852294921875000e+01,-7.710705566406250000e+01,-6.858726501464843750e+01,-7.157494354248046875e+01,-5.953566360473632812e+01,-6.273941802978515625e+01,-4.535161590576171875e+01,-5.076679992675781250e+01,-3.716967010498046875e+01,-4.213879394531250000e+01,-3.071337127685546875e+01,-3.616241073608398438e+01,-3.120835113525390625e+01,-3.741896820068359375e+01,-3.505654907226562500e+01,-4.112809753417968750e+01,-4.088350677490234375e+01,-4.627626419067382812e+01,-4.605084991455078125e+01,-5.016238403320312500e+01,-4.991578674316406250e+01,-5.339117050170898438e+01,-5.238140869140625000e+01,-5.603598022460937500e+01,-5.468357086181640625e+01,-5.772041702270507812e+01,-5.585781860351562500e+01,-5.866196060180664062e+01,-5.652050018310546875e+01,-5.828131103515625000e+01,-5.648633575439453125e+01,-5.749091720581054688e+01,-5.631102752685546875e+01,-5.644285583496093750e+01,-5.578289031982421875e+01,-5.594444274902343750e+01,-5.607682800292968750e+01,-5.591094207763671875e+01,-5.703158950805664062e+01,-5.649010467529296875e+01,-5.893374633789062500e+01,-5.832674407958984375e+01,-5.981308746337890625e+01,-5.943830108642578125e+01,-6.233617401123046875e+01,-6.167416381835937500e+01,-6.542377471923828125e+01,-6.599407958984375000e+01,-7.012469482421875000e+01,-7.158972930908203125e+01,-7.404544067382812500e+01,-7.569369506835937500e+01,-7.777747344970703125e+01,-7.854494476318359375e+01,-7.895497131347656250e+01,-7.938002014160156250e+01,-7.955073547363281250e+01,-7.967167663574218750e+01,-7.950508117675781250e+01,-7.970075225830078125e+01,-7.963751220703125000e+01,-7.955952453613281250e+01,-7.838316345214843750e+01,-7.856465911865234375e+01,-7.740705871582031250e+01,-7.527626037597656250e+01,-6.355491638183593750e+01,-6.387230682373046875e+01,-6.023743820190429688e+01,-5.408707046508789062e+01,-4.357486724853515625e+01,-4.398651885986328125e+01,-4.570325469970703125e+01,-4.453953933715820312e+01,-4.142000198364257812e+01,-4.472226333618164062e+01,-5.083899307250976562e+01,-5.685296630859375000e+01,-5.688129806518554688e+01,-6.735243225097656250e+01,-7.255933380126953125e+01,-7.586812591552734375e+01,-7.669761657714843750e+01,-7.883250427246093750e+01,-7.933592987060546875e+01,-7.959526062011718750e+01,-7.952838134765625000e+01,-7.986687469482421875e+01,-7.992301177978515625e+01,-7.987133789062500000e+01,-7.963707733154296875e+01,-7.991047668457031250e+01,-7.992558288574218750e+01,-7.983265686035156250e+01,-7.934557342529296875e+01,-7.982544708251953125e+01,-7.982638549804687500e+01,-7.975068664550781250e+01,-7.902693939208984375e+01,-7.968191528320312500e+01,-7.968814086914062500e+01,-7.975389099121093750e+01,-7.857640075683593750e+01,-7.945721435546875000e+01,-7.973295593261718750e+01,-7.989840698242187500e+01
-7.813400268554687500e+01,-7.941815948486328125e+01,-7.961005401611328125e+01,-7.976506042480468750e+01,-7.976003265380859375e+01,-7.975550842285156250e+01,-7.887814331054687500e+01,-7.890380859375000000e+01,-7.556392669677734375e+01,-7.604183959960937500e+01,-6.639788818359375000e+01,-6.783516693115234375e+01,-4.971313476562500000e+01,-5.417979812622070312e+01,-3.553165435791015625e+01,-4.343064880371093750e+01,-2.880337524414062500e+01,-3.694779586791992188e+01,-2.668794822692871094e+01,-3.447259140014648438e+01,-2.950193023681640625e+01,-3.524133682250976562e+01,-3.527828216552734375e+01,-3.903308868408203125e+01,-4.330427169799804688e+01,-4.443064117431640625e+01,-4.931884765625000000e+01,-4.970932006835937500e+01,-5.443335723876953125e+01,-5.453170013427734375e+01,-5.723881530761718750e+01,-5.755534362792968750e+01,-5.919276428222656250e+01,-5.898602294921875000e+01,-5.944745635986328125e+01,-5.869004440307617188e+01,-5.926052093505859375e+01,-5.817617034912109375e+01,-5.887610626220703125e+01,-5.733563995361328125e+01,-5.844284439086914062e+01,-5.631689453125000000e+01,-5.830191802978515625e+01,-5.570793533325195312e+01,-5.872071456909179688e+01,-5.649786376953125000e+01,-6.031135559082031250e+01,-5.885600280761718750e+01,-6.208592224121093750e+01,-6.117864990234375000e+01,-6.417330932617187500e+01,-6.356651306152343750e+01,-6.638369750976562500e+01,-6.774288940429687500e+01,-7.056855010986328125e+01,-7.206754302978515625e+01,-7.397264099121093750e+01,-7.608993530273437500e+01,-7.740689086914062500e+01,-7.878484344482421875e+01,-7.914340972900390625e+01,-7.968484497070312500e+01,-7.979983520507812500e+01,-7.991323089599609375e+01,-7.989334106445312500e+01,-7.995527648925781250e+01,-7.993611145019531250e+01,-7.993075561523437500e+01,-7.967863464355468750e+01,-7.965420532226562500e+01,-7.887731933593750000e+01,-7.766427612304687500e+01,-7.047060394287109375e+01,-6.847775268554687500e+01,-6.158470535278320312e+01,-5.451805114746093750e+01,-4.325849533081054688e+01,-4.202362060546875000e+01,-4.177256011962890625e+01,-3.878592300415039062e+01,-3.803656768798828125e+01,-4.069791793823242188e+01,-4.473714828491210938e+01,-4.731600570678710938e+01,-5.202958679199218750e+01,-6.124724197387695312e+01,-6.719451904296875000e+01,-7.142299652099609375e+01,-7.252844238281250000e+01,-7.749691772460937500e+01,-7.799565124511718750e+01,-7.865569305419921875e+01,-7.843327331542968750e+01,-7.954283142089843750e+01,-7.969167327880859375e+01,-7.948481750488281250e+01,-7.903546142578125000e+01,-7.961844635009765625e+01,-7.961358642578125000e+01,-7.931076049804687500e+01,-7.871747589111328125e+01,-7.951904296875000000e+01,-7.950796508789062500e+01,-7.920434570312500000e+01,-7.859848022460937500e+01,-7.951285552978515625e+01,-7.959669494628906250e+01,-7.960895538330078125e+01,-7.898632812500000000e+01,-7.984703826904296875e+01,-7.977593231201171875e+01,-7.977606201171875000e+01
-1.444812774658203125e+00,-2.894490432739257812e+01,-5.384511947631835938e+01,-7.511560821533203125e+01,-7.163158416748046875e+01,-7.781877136230468750e+01,-6.804267883300781250e+01,-7.598871612548828125e+01,-5.988853454589843750e+01,-7.165574645996093750e+01,-5.187296295166015625e+01,-6.419619750976562500e+01,-3.877968597412109375e+01,-5.287424850463867188e+01,-2.899935722351074219e+01,-4.271503448486328125e+01,-2.371230697631835938e+01,-3.497679138183593750e+01,-2.324039840698242188e+01,-3.499277877807617188e+01,-2.838716506958007812e+01,-3.938634490966796875e+01,-3.683807373046875000e+01,-4.737378311157226562e+01,-4.655984115600585938e+01,-5.582227706909179688e+01,-5.566542816162109375e+01,-6.210210418701171875e+01,-6.125972747802734375e+01,-6.596460723876953125e+01,-6.507878112792968750e+01,-6.828352355957031250e+01,-6.704471588134765625e+01,-6.895040130615234375e+01,-6.766444396972656250e+01,-6.887059020996093750e+01,-6.759002685546875000e+01,-6.835461425781250000e+01,-6.760826873779296875e+01,-6.776002502441406250e+01,-6.743108367919921875e+01,-6.724116516113281250e+01,-6.777221679687500000e+01,-6.722493743896484375e+01,-6.831257629394531250e+01,-6.802697753906250000e+01,-7.020320129394531250e+01,-6.908503723144531250e+01,-7.138843536376953125e+01,-7.010486602783203125e+01,-7.328256225585937500e+01,-7.137352752685546875e+01,-7.434797668457031250e+01,-7.358734130859375000e+01,-7.626358795166015625e+01,-7.612940979003906250e+01,-7.726867675781250000e+01,-7.809252166748046875e+01,-7.881850433349609375e+01,-7.931784820556640625e+01,-7.926628112792968750e+01,-7.972053527832031250e+01,-7.975526428222656250e+01,-7.987750244140625000e+01,-7.976845550537109375e+01,-7.993605804443359375e+01,-7.991342163085937500e+01,-7.993422698974609375e+01,-7.969311523437500000e+01,-7.982411193847656250e+01,-7.951849365234375000e+01,-7.877368164062500000e+01,-7.438784027099609375e+01,-7.135124206542968750e+01,-6.660891723632812500e+01,-5.568972015380859375e+01,-4.772601699829101562e+01,-4.967866516113281250e+01,-5.165666580200195312e+01,-4.900830841064453125e+01,-4.687104415893554688e+01,-5.423384857177734375e+01,-5.846813964843750000e+01,-6.113717651367187500e+01,-5.995829010009765625e+01,-7.012281036376953125e+01,-7.315270996093750000e+01,-7.613205718994140625e+01,-7.541430664062500000e+01,-7.896348571777343750e+01,-7.925227355957031250e+01,-7.956552124023437500e+01,-7.926226043701171875e+01,-7.990507507324218750e+01,-7.991004943847656250e+01,-7.988548278808593750e+01,-7.952620697021484375e+01,-7.994597625732421875e+01,-7.992198944091796875e+01,-7.986096954345703125e+01,-7.909226226806640625e+01,-7.987402343750000000e+01,-7.979499816894531250e+01,-7.970993041992187500e+01,-7.779541015625000000e+01,-7.970436096191406250e+01,-7.952783203125000000e+01,-7.946503448486328125e+01,-7.538104248046875000e+01,-7.960291290283203125e+01,-7.943376159667968750e+01,-7.940226745605468750e+01
-6.436116027832031250e+01,-7.858963012695312500e+01,-7.905990600585937500e+01,-7.676154327392578125e+01,-7.385847473144531250e+01,-7.651176452636718750e+01,-6.649833679199218750e+01,-7.292439270019531250e+01,-5.491855621337890625e+01,-6.662377166748046875e+01,-4.401642608642578125e+01,-5.683794403076171875e+01,-3.032567977905273438e+01,-4.657800292968750000e+01,-2.342342758178710938e+01,-4.105690383911132812e+01,-2.247222137451171875e+01,-3.784255218505859375e+01,-2.469156837463378906e+01,-3.805744934082031250e+01,-2.794851684570312500e+01,-3.930315780639648438e+01,-3.255330657958984375e+01,-4.377659606933593750e+01,-4.076027297973632812e+01,-4.972819900512695312e+01,-4.747892761230468750e+01,-5.450568771362304688e+01,-5.339233398437500000e+01,-5.869760513305664062e+01,-5.687587738037109375e+01,-6.121164703369140625e+01,-6.010681152343750000e+01,-6.282107925415039062e+01,-6.133073425292968750e+01,-6.324762344360351562e+01,-6.278710174560546875e+01,-6.368151855468750000e+01,-6.329673004150390625e+01,-6.378110885620117188e+01,-6.386175537109375000e+01,-6.407067871093750000e+01,-6.396273803710937500e+01,-6.412623596191406250e+01,-6.491835021972656250e+01,-6.514093017578125000e+01,-6.699606323242187500e+01,-6.695336914062500000e+01,-6.863413238525390625e+01,-6.897364044189453125e+01,-7.104605102539062500e+01,-7.081189727783203125e+01,-7.252304077148437500e+01,-7.320601654052734375e+01,-7.476161193847656250e+01,-7.536798858642578125e+01,-7.598319244384765625e+01,-7.719281005859375000e+01,-7.808618164062500000e+01,-7.882788085937500000e+01,-7.896493530273437500e+01,-7.958963775634765625e+01,-7.968952941894531250e+01,-7.984075927734375000e+01,-7.971626281738281250e+01,-7.990864562988281250e+01,-7.986013031005859375e+01,-7.985043334960937500e+01,-7.925781250000000000e+01,-7.936479949951171875e+01,-7.824032592773437500e+01,-7.658459472656250000e+01,-6.879465484619140625e+01,-6.934120941162109375e+01,-6.490390014648437500e+01,-6.031627655029296875e+01,-5.203293228149414062e+01,-5.465441513061523438e+01,-5.583682250976562500e+01,-5.313890457153320312e+01,-5.209527206420898438e+01,-5.850712966918945312e+01,-6.424153137207031250e+01,-6.716358947753906250e+01,-7.063339233398437500e+01,-7.584539794921875000e+01,-7.808711242675781250e+01,-7.874435424804687500e+01,-7.917907714843750000e+01,-7.973992919921875000e+01,-7.986988830566406250e+01,-7.985560607910156250e+01,-7.986910247802734375e+01,-7.997048950195312500e+01,-7.997694396972656250e+01,-7.994337463378906250e+01,-7.989674377441406250e+01,-7.996597290039062500e+01,-7.995747375488281250e+01,-7.988275909423828125e+01,-7.974660491943359375e+01,-7.990429687500000000e+01,-7.990524291992187500e+01,-7.982089233398437500e+01,-7.961703491210937500e+01,-7.985423278808593750e+01,-7.988760375976562500e+01,-7.988521575927734375e+01,-7.917184448242187500e+01,-7.984632110595703125e+01,-7.985133361816406250e+01,-7.968837738037109375e+01
-7.297764587402343750e+01,-7.620498657226562500e+01,-7.590451049804687500e+01,-7.619917297363281250e+01,-7.071027374267578125e+01,-7.318478393554687500e+01,-6.342454528808593750e+01,-6.887358093261718750e+01,-5.806581115722656250e+01,-6.533582305908203125e+01,-5.247193145751953125e+01,-5.751516723632812500e+01,-4.047920227050781250e+01,-4.647387695312500000e+01,-3.353639602661132812e+01,-4.072443771362304688e+01,-3.158177566528320312e+01,-3.798832702636718750e+01,-3.270636749267578125e+01,-3.827155303955078125e+01,-3.489142227172851562e+01,-4.029050064086914062e+01,-3.948616409301757812e+01,-4.554775238037109375e+01,-4.733612060546875000e+01,-5.153237152099609375e+01,-5.318555068969726562e+01,-5.594762420654296875e+01,-5.855726242065429688e+01,-6.047324371337890625e+01,-6.140811157226562500e+01,-6.292660522460937500e+01,-6.370824813842773438e+01,-6.436251068115234375e+01,-6.407525634765625000e+01,-6.435697174072265625e+01,-6.456190490722656250e+01,-6.415466308593750000e+01,-6.418668365478515625e+01,-6.378478240966796875e+01,-6.405069732666015625e+01,-6.343291854858398438e+01,-6.367375183105468750e+01,-6.296131896972656250e+01,-6.340447235107421875e+01,-6.269638061523437500e+01,-6.448181915283203125e+01,-6.299700927734375000e+01,-6.569288635253906250e+01,-6.433171844482421875e+01,-6.819349670410156250e+01,-6.621383666992187500e+01,-7.057409667968750000e+01,-6.903437042236328125e+01,-7.335035705566406250e+01,-7.237790679931640625e+01,-7.504750061035156250e+01,-7.505197143554687500e+01,-7.761520385742187500e+01,-7.800537109375000000e+01,-7.890776062011718750e+01,-7.940722656250000000e+01,-7.975913238525390625e+01,-7.982887268066406250e+01,-7.984787750244140625e+01,-7.992407226562500000e+01,-7.994451141357421875e+01,-7.991800689697265625e+01,-7.976695251464843750e+01,-7.970377349853515625e+01,-7.944692993164062500e+01,-7.859118652343750000e+01,-7.481494140625000000e+01,-7.287134552001953125e+01,-6.979483795166015625e+01,-6.228178787231445312e+01,-5.616543579101562500e+01,-5.601293563842773438e+01,-5.892611694335937500e+01,-5.702613830566406250e+01,-5.800780105590820312e+01,-6.045071411132812500e+01,-6.654512786865234375e+01,-6.756180572509765625e+01,-6.966785430908203125e+01,-7.363502502441406250e+01,-7.590763854980468750e+01,-7.665570831298828125e+01,-7.710617065429687500e+01,-7.888247680664062500e+01,-7.911085510253906250e+01,-7.886003875732421875e+01,-7.883995819091796875e+01,-7.975140380859375000e+01,-7.980895233154296875e+01,-7.962866210937500000e+01,-7.934469604492187500e+01,-7.988764953613281250e+01,-7.988478088378906250e+01,-7.966110229492187500e+01,-7.923910522460937500e+01,-7.983126068115234375e+01,-7.986183166503906250e+01,-7.963428497314453125e+01,-7.904234313964843750e+01,-7.974932861328125000e+01,-7.983649444580078125e+01,-7.961759948730468750e+01,-7.891400146484375000e+01,-7.977709960937500000e+01,-7.985614776611328125e+01,-7.981678771972656250e+01
-7.448564147949218750e+01,-7.566654968261718750e+01,-6.489483642578125000e+01,-6.384167480468750000e+01,-6.551366424560546875e+01,-7.341232299804687500e+01,-6.463096618652343750e+01,-7.263877868652343750e+01,-6.163719940185546875e+01,-7.078961181640625000e+01,-5.827348327636718750e+01,-6.644155120849609375e+01,-4.887680053710937500e+01,-6.149354934692382812e+01,-4.250474548339843750e+01,-5.675565338134765625e+01,-3.847680282592773438e+01,-5.090888977050781250e+01,-3.524553680419921875e+01,-4.569676971435546875e+01,-3.438604354858398438e+01,-4.304512405395507812e+01,-3.832050704956054688e+01,-4.445009231567382812e+01,-4.526510238647460938e+01,-4.827358627319335938e+01,-5.196809768676757812e+01,-5.360226440429687500e+01,-5.805215072631835938e+01,-5.873315429687500000e+01,-6.209454345703125000e+01,-6.298612976074218750e+01,-6.556272888183593750e+01,-6.506095886230468750e+01,-6.637061309814453125e+01,-6.609995269775390625e+01,-6.721609497070312500e+01,-6.635445404052734375e+01,-6.691065979003906250e+01,-6.682374572753906250e+01,-6.730899047851562500e+01,-6.688410949707031250e+01,-6.703363037109375000e+01,-6.670104217529296875e+01,-6.665441894531250000e+01,-6.552161407470703125e+01,-6.580030822753906250e+01,-6.422708129882812500e+01,-6.426727294921875000e+01,-6.303512191772460938e+01,-6.400236511230468750e+01,-6.304958724975585938e+01,-6.441795349121093750e+01,-6.367535781860351562e+01,-6.574873352050781250e+01,-6.465075683593750000e+01,-6.560839843750000000e+01,-6.660305786132812500e+01,-6.856498718261718750e+01,-7.149896240234375000e+01,-7.253474426269531250e+01,-7.553217315673828125e+01,-7.683114624023437500e+01,-7.790913391113281250e+01,-7.753134155273437500e+01,-7.887514495849609375e+01,-7.869345092773437500e+01,-7.856361389160156250e+01,-7.694258117675781250e+01,-7.773068237304687500e+01,-7.586361694335937500e+01,-7.289100646972656250e+01,-6.686067962646484375e+01,-6.292238235473632812e+01,-5.963083648681640625e+01,-5.137139892578125000e+01,-4.575285339355468750e+01,-4.650943374633789062e+01,-4.867683410644531250e+01,-4.872248077392578125e+01,-4.934941864013671875e+01,-5.269023895263671875e+01,-5.826853179931640625e+01,-6.063467025756835938e+01,-6.440483093261718750e+01,-6.948718261718750000e+01,-7.503153991699218750e+01,-7.520140838623046875e+01,-7.710571289062500000e+01,-7.825651550292968750e+01,-7.924702453613281250e+01,-7.878415679931640625e+01,-7.912327575683593750e+01,-7.963528442382812500e+01,-7.978106689453125000e+01,-7.937773895263671875e+01,-7.919929504394531250e+01,-7.966981506347656250e+01,-7.970354461669921875e+01,-7.895349884033203125e+01,-7.870704650878906250e+01,-7.947275543212890625e+01,-7.963427734375000000e+01,-7.908316040039062500e+01,-7.884870910644531250e+01,-7.935908508300781250e+01,-7.962924194335937500e+01,-7.905174255371093750e+01,-7.815547180175781250e+01,-7.922520446777343750e+01,-7.975337219238281250e+01,-7.837328338623046875e+01
-4.083776855468750000e+01,-7.393371582031250000e+01,-7.430977630615234375e+01,-7.444531250000000000e+01,-7.746054840087890625e+01,-7.880267333984375000e+01,-7.522589874267578125e+01,-7.719010925292968750e+01,-6.784060668945312500e+01,-7.269036865234375000e+01,-5.909922790527343750e+01,-6.549015045166015625e+01,-4.610617828369140625e+01,-5.598526000976562500e+01,-3.416782379150390625e+01,-4.664162063598632812e+01,-2.675548744201660156e+01,-3.756864166259765625e+01,-2.568510818481445312e+01,-3.444490051269531250e+01,-2.869061660766601562e+01,-3.399626159667968750e+01,-3.443059921264648438e+01,-3.805946350097656250e+01,-4.297829437255859375e+01,-4.526544189453125000e+01,-5.110589981079101562e+01,-5.238811492919921875e+01,-5.782527160644531250e+01,-5.806530761718750000e+01,-6.188718414306640625e+01,-6.136702346801757812e+01,-6.432954406738281250e+01,-6.382145309448242188e+01,-6.523323822021484375e+01,-6.440120697021484375e+01,-6.599153900146484375e+01,-6.517118072509765625e+01,-6.625199127197265625e+01,-6.514705657958984375e+01,-6.667990112304687500e+01,-6.524278259277343750e+01,-6.691293334960937500e+01,-6.519027709960937500e+01,-6.706182098388671875e+01,-6.518804931640625000e+01,-6.756698608398437500e+01,-6.534832000732421875e+01,-6.806655883789062500e+01,-6.627995300292968750e+01,-6.984354400634765625e+01,-6.883057403564453125e+01,-7.179771423339843750e+01,-7.214876556396484375e+01,-7.463424682617187500e+01,-7.564928436279296875e+01,-7.682839965820312500e+01,-7.782714843750000000e+01,-7.842705535888671875e+01,-7.914478302001953125e+01,-7.924693298339843750e+01,-7.965757751464843750e+01,-7.972904968261718750e+01,-7.985671234130859375e+01,-7.977491760253906250e+01,-7.991084289550781250e+01,-7.987091064453125000e+01,-7.986929321289062500e+01,-7.950076293945312500e+01,-7.943548583984375000e+01,-7.820565032958984375e+01,-7.581559753417968750e+01,-6.718863677978515625e+01,-6.266931915283203125e+01,-5.590609741210937500e+01,-5.040715026855468750e+01,-4.599561309814453125e+01,-4.936221694946289062e+01,-5.116940689086914062e+01,-5.214428329467773438e+01,-5.322412109375000000e+01,-5.972479248046875000e+01,-6.247689056396484375e+01,-6.632151794433593750e+01,-6.872245788574218750e+01,-7.431775665283203125e+01,-7.610388183593750000e+01,-7.671637725830078125e+01,-7.760266113281250000e+01,-7.900058746337890625e+01,-7.917474365234375000e+01,-7.902716064453125000e+01,-7.913365936279296875e+01,-7.970327758789062500e+01,-7.960534667968750000e+01,-7.939986419677734375e+01,-7.918228912353515625e+01,-7.973561096191406250e+01,-7.964518737792968750e+01,-7.954823303222656250e+01,-7.925534820556640625e+01,-7.976442718505859375e+01,-7.966847229003906250e+01,-7.970930480957031250e+01,-7.952016448974609375e+01,-7.980976867675781250e+01,-7.969822692871093750e+01,-7.979162597656250000e+01,-7.933244323730468750e+01,-7.958554077148437500e+01,-7.976089477539062500e+01,-7.927208709716796875e+01
-6.883105468750000000e+01,-7.593222045898437500e+01,-7.332400512695312500e+01,-7.275983428955078125e+01,-6.997755432128906250e+01,-7.362465667724609375e+01,-6.587634277343750000e+01,-6.980734252929687500e+01,-5.593058395385742188e+01,-6.324069976806640625e+01,-4.763319778442382812e+01,-5.538940429687500000e+01,-3.659714126586914062e+01,-4.708094787597656250e+01,-3.043219184875488281e+01,-4.431347274780273438e+01,-2.938789367675781250e+01,-4.242469787597656250e+01,-3.283458709716796875e+01,-4.482777404785156250e+01,-3.976753234863281250e+01,-4.841176223754882812e+01,-4.570386505126953125e+01,-5.428647613525390625e+01,-5.418106842041015625e+01,-5.925448608398437500e+01,-5.948284912109375000e+01,-6.244657897949218750e+01,-6.349473571777343750e+01,-6.553320312500000000e+01,-6.514910888671875000e+01,-6.704768371582031250e+01,-6.683163452148437500e+01,-6.801226806640625000e+01,-6.674839019775390625e+01,-6.755783843994140625e+01,-6.712559509277343750e+01,-6.708146667480468750e+01,-6.638759613037109375e+01,-6.586862182617187500e+01,-6.601461791992187500e+01,-6.513687133789062500e+01,-6.515434265136718750e+01,-6.391892623901367188e+01,-6.464234924316406250e+01,-6.284595870971679688e+01,-6.470633697509765625e+01,-6.218441772460937500e+01,-6.544483184814453125e+01,-6.379074096679687500e+01,-6.773013305664062500e+01,-6.577793121337890625e+01,-6.967002868652343750e+01,-6.930489349365234375e+01,-7.115417480468750000e+01,-7.135444641113281250e+01,-7.177203369140625000e+01,-7.380210876464843750e+01,-7.457365417480468750e+01,-7.688169097900390625e+01,-7.688643646240234375e+01,-7.880265045166015625e+01,-7.902561187744140625e+01,-7.959092712402343750e+01,-7.934626770019531250e+01,-7.981360626220703125e+01,-7.963590240478515625e+01,-7.978126525878906250e+01,-7.894634246826171875e+01,-7.931608581542968750e+01,-7.802486419677734375e+01,-7.686273956298828125e+01,-7.020698547363281250e+01,-6.985292053222656250e+01,-6.531335449218750000e+01,-6.404069519042968750e+01,-5.725285339355468750e+01,-6.212761688232421875e+01,-5.882751464843750000e+01,-6.233230590820312500e+01,-5.888027191162109375e+01,-6.495989990234375000e+01,-6.436532592773437500e+01,-6.807266235351562500e+01,-6.908055877685546875e+01,-7.440582275390625000e+01,-7.621289062500000000e+01,-7.729114532470703125e+01,-7.760833740234375000e+01,-7.919494628906250000e+01,-7.928561401367187500e+01,-7.939039611816406250e+01,-7.926007080078125000e+01,-7.977018737792968750e+01,-7.972244262695312500e+01,-7.960020446777343750e+01,-7.926779174804687500e+01,-7.973992919921875000e+01,-7.957566833496093750e+01,-7.926930236816406250e+01,-7.844961547851562500e+01,-7.931848144531250000e+01,-7.884316253662109375e+01,-7.801899719238281250e+01,-7.530422973632812500e+01,-7.697213745117187500e+01,-7.651145935058593750e+01,-7.433612823486328125e+01,-7.507075500488281250e+01,-7.659408569335937500e+01,-7.900704956054687500e+01,-7.821518707275390625e+01
-6.979551696777343750e+01,-7.372055053710937500e+01,-5.493835449218750000e+01,-7.080775451660156250e+01,-7.404711914062500000e+01,-7.759262084960937500e+01,-6.901711273193359375e+01,-7.325292205810546875e+01,-5.499505615234375000e+01,-6.357334136962890625e+01,-3.940151214599609375e+01,-4.921436691284179688e+01,-2.675346374511718750e+01,-3.828042602539062500e+01,-2.080555725097656250e+01,-3.329516220092773438e+01,-2.142971992492675781e+01,-3.488451385498046875e+01,-2.602456665039062500e+01,-3.900926208496093750e+01,-3.549038696289062500e+01,-4.606189727783203125e+01,-4.563701248168945312e+01,-5.176496505737304688e+01,-5.500201416015625000e+01,-5.778414154052734375e+01,-6.110614776611328125e+01,-6.222029113769531250e+01,-6.572061157226562500e+01,-6.633670043945312500e+01,-6.850321960449218750e+01,-6.857250976562500000e+01,-7.023739624023437500e+01,-7.005592346191406250e+01,-7.104981231689453125e+01,-7.074115753173828125e+01,-7.170870971679687500e+01,-7.136602020263671875e+01,-7.237086486816406250e+01,-7.192369079589843750e+01,-7.305184173583984375e+01,-7.246664428710937500e+01,-7.377429199218750000e+01,-7.285488891601562500e+01,-7.422839355468750000e+01,-7.285287475585937500e+01,-7.464422607421875000e+01,-7.298609161376953125e+01,-7.506568145751953125e+01,-7.340571594238281250e+01,-7.574024963378906250e+01,-7.453051757812500000e+01,-7.647406005859375000e+01,-7.626907348632812500e+01,-7.720015716552734375e+01,-7.757555389404296875e+01,-7.785016632080078125e+01,-7.871051025390625000e+01,-7.896614074707031250e+01,-7.955068969726562500e+01,-7.962301635742187500e+01,-7.988769531250000000e+01,-7.992300415039062500e+01,-7.997457885742187500e+01,-7.996147918701171875e+01,-7.999086761474609375e+01,-7.998747253417968750e+01,-7.999012756347656250e+01,-7.995034790039062500e+01,-7.995295715332031250e+01,-7.984465789794921875e+01,-7.950186157226562500e+01,-7.779475402832031250e+01,-7.607536315917968750e+01,-7.292753601074218750e+01,-6.871723937988281250e+01,-6.269697952270507812e+01,-6.411598205566406250e+01,-6.413357543945312500e+01,-6.524797058105468750e+01,-6.456241607666015625e+01,-6.978706359863281250e+01,-7.101840209960937500e+01,-7.459533691406250000e+01,-7.434368896484375000e+01,-7.818414306640625000e+01,-7.802291870117187500e+01,-7.906999206542968750e+01,-7.860086059570312500e+01,-7.971338653564453125e+01,-7.943819427490234375e+01,-7.969601440429687500e+01,-7.921434783935546875e+01,-7.987777709960937500e+01,-7.967648315429687500e+01,-7.971507263183593750e+01,-7.844065856933593750e+01,-7.985802459716796875e+01,-7.951525878906250000e+01,-7.971343231201171875e+01,-7.807394409179687500e+01,-7.985549926757812500e+01,-7.935523986816406250e+01,-7.964440155029296875e+01,-7.770667266845703125e+01,-7.986459350585937500e+01,-7.952909088134765625e+01,-7.979257202148437500e+01,-7.731483459472656250e+01,-7.978649902343750000e+01,-7.954866790771484375e+01,-7.860911560058593750e+01
-7.961482238769531250e+01,-7.998846435546875000e+01,-7.997876739501953125e+01,-7.997666168212890625e+01,-7.982542419433593750e+01,-7.991276550292968750e+01,-7.882938385009765625e+01,-7.926816558837890625e+01,-7.213867950439453125e+01,-7.703485107421875000e+01,-6.047455978393554688e+01,-7.168173217773437500e+01,-4.382113265991210938e+01,-6.293118286132812500e+01,-3.569290924072265625e+01,-5.570692443847656250e+01,-3.249405670166015625e+01,-4.915366363525390625e+01,-3.517618560791015625e+01,-4.610947036743164062e+01,-3.946305465698242188e+01,-4.772946929931640625e+01,-4.764955139160156250e+01,-5.269699096679687500e+01,-5.569035339355468750e+01,-5.745058441162109375e+01,-6.056195831298828125e+01,-6.039711380004882812e+01,-6.352799987792968750e+01,-6.286564636230468750e+01,-6.480011749267578125e+01,-6.396684265136718750e+01,-6.571215820312500000e+01,-6.459449768066406250e+01,-6.529933166503906250e+01,-6.412971496582031250e+01,-6.496875000000000000e+01,-6.348005676269531250e+01,-6.387039566040039062e+01,-6.289981460571289062e+01,-6.404242706298828125e+01,-6.294360733032226562e+01,-6.413021850585937500e+01,-6.365016555786132812e+01,-6.553692626953125000e+01,-6.460969543457031250e+01,-6.733846282958984375e+01,-6.593975067138671875e+01,-6.925199890136718750e+01,-6.796375274658203125e+01,-7.158157348632812500e+01,-7.133514404296875000e+01,-7.473132324218750000e+01,-7.537895202636718750e+01,-7.733061218261718750e+01,-7.795242309570312500e+01,-7.870726013183593750e+01,-7.918205261230468750e+01,-7.953964996337890625e+01,-7.974521636962890625e+01,-7.982764434814453125e+01,-7.992624664306640625e+01,-7.994264221191406250e+01,-7.997256469726562500e+01,-7.995744323730468750e+01,-7.998469543457031250e+01,-7.996258544921875000e+01,-7.996651458740234375e+01,-7.976747131347656250e+01,-7.978511047363281250e+01,-7.902827453613281250e+01,-7.816700744628906250e+01,-7.261001586914062500e+01,-7.213664245605468750e+01,-6.758941650390625000e+01,-6.403194427490234375e+01,-5.980459594726562500e+01,-6.505876159667968750e+01,-6.511573028564453125e+01,-6.844111633300781250e+01,-6.764620971679687500e+01,-7.306445312500000000e+01,-7.378211975097656250e+01,-7.636949157714843750e+01,-7.657974243164062500e+01,-7.871891021728515625e+01,-7.910594177246093750e+01,-7.956286621093750000e+01,-7.952565765380859375e+01,-7.988975524902343750e+01,-7.985290527343750000e+01,-7.993257141113281250e+01,-7.988847351074218750e+01,-7.997830963134765625e+01,-7.996188354492187500e+01,-7.996709442138671875e+01,-7.984590148925781250e+01,-7.996526336669921875e+01,-7.990394592285156250e+01,-7.992304229736328125e+01,-7.949105072021484375e+01,-7.992332458496093750e+01,-7.979923248291015625e+01,-7.988818359375000000e+01,-7.927459716796875000e+01,-7.987607574462890625e+01,-7.956556701660156250e+01,-7.978965759277343750e+01,-7.846461486816406250e+01,-7.986272430419921875e+01,-7.966838073730468750e+01,-7.991658782958984375e+01
-3.040851974487304688e+01,-1.767705154418945312e+01,-3.194204711914062500e+01,-2.213279533386230469e+01,-4.735538101196289062e+01,-5.036192703247070312e+01,-5.838807678222656250e+01,-5.748180007934570312e+01,-6.381448364257812500e+01,-6.318153762817382812e+01,-6.721366882324218750e+01,-6.419039154052734375e+01,-6.607473754882812500e+01,-6.412754821777343750e+01,-6.510741424560546875e+01,-6.377279663085937500e+01,-6.420254516601562500e+01,-6.434150695800781250e+01,-6.566433715820312500e+01,-6.671083068847656250e+01,-7.005538940429687500e+01,-7.169848632812500000e+01,-7.484962463378906250e+01,-7.624346923828125000e+01,-7.822251129150390625e+01,-7.883324432373046875e+01,-7.953077697753906250e+01,-7.968502807617187500e+01,-7.987445068359375000e+01,-7.989984893798828125e+01,-7.995436096191406250e+01,-7.996002197265625000e+01,-7.997820281982421875e+01,-7.997732543945312500e+01,-7.998550415039062500e+01,-7.998364257812500000e+01,-7.998812103271484375e+01,-7.998512268066406250e+01,-7.998834991455078125e+01,-7.998440551757812500e+01,-7.998641967773437500e+01,-7.998060607910156250e+01,-7.998149108886718750e+01,-7.997160339355468750e+01,-7.997123718261718750e+01,-7.995272827148437500e+01,-7.995439147949218750e+01,-7.992035675048828125e+01,-7.992553710937500000e+01,-7.986405181884765625e+01,-7.988967895507812500e+01,-7.979461669921875000e+01,-7.982713317871093750e+01,-7.972212219238281250e+01,-7.977205657958984375e+01,-7.968537902832031250e+01,-7.971588134765625000e+01,-7.971131896972656250e+01,-7.977126312255859375e+01,-7.980107879638671875e+01,-7.983822631835937500e+01,-7.990866851806640625e+01,-7.992643737792968750e+01,-7.995608520507812500e+01,-7.995542907714843750e+01,-7.998275756835937500e+01,-7.997550964355468750e+01,-7.997705841064453125e+01,-7.992911529541015625e+01,-7.994690704345703125e+01,-7.979042816162109375e+01,-7.955496978759765625e+01,-7.806245422363281250e+01,-7.783505249023437500e+01,-7.237796020507812500e+01,-6.966245269775390625e+01,-5.818702316284179688e+01,-6.393648529052734375e+01,-5.505425643920898438e+01,-5.702361297607421875e+01,-4.861598587036132812e+01,-5.989217376708984375e+01,-5.421485137939453125e+01,-6.066371154785156250e+01,-5.635947418212890625e+01,-6.717989349365234375e+01,-6.593752288818359375e+01,-6.761377716064453125e+01,-6.648754882812500000e+01,-7.329080963134765625e+01,-7.137210083007812500e+01,-7.178569793701171875e+01,-7.145318603515625000e+01,-7.698748016357421875e+01,-7.454257202148437500e+01,-7.354785156250000000e+01,-7.100402069091796875e+01,-7.712117004394531250e+01,-7.429293060302734375e+01,-7.286660003662109375e+01,-6.663372802734375000e+01,-7.594771575927734375e+01,-7.368915557861328125e+01,-7.211318969726562500e+01,-6.669747161865234375e+01,-7.683219909667968750e+01,-7.626358795166015625e+01,-7.533380889892578125e+01,-7.524884033203125000e+01,-7.904739379882812500e+01,-7.838493347167968750e+01,-7.319126892089843750e+01
