-7.955097961425781250e+01,-7.999848937988281250e+01,-7.997715759277343750e+01,-7.986273193359375000e+01,-7.896141052246093750e+01,-7.943489074707031250e+01,-6.690658569335937500e+01,-4.638980102539062500e+01,-6.147807693481445312e+01,-6.593563079833984375e+01,-6.547679901123046875e+01,-7.179180145263671875e+01,-7.065519714355468750e+01,-7.399759674072265625e+01,-7.261254882812500000e+01,-7.183017730712890625e+01,-6.983695983886718750e+01,-6.910737609863281250e+01,-6.945262908935546875e+01,-7.214859771728515625e+01,-7.301341247558593750e+01,-7.276936340332031250e+01,-7.158862304687500000e+01,-7.199261474609375000e+01,-7.284526062011718750e+01,-7.290071105957031250e+01,-7.177453613281250000e+01,-7.090032958984375000e+01,-6.948360443115234375e+01,-6.807733917236328125e+01,-6.540774536132812500e+01,-6.631674194335937500e+01,-6.497815704345703125e+01,-6.784870147705078125e+01,-6.751039123535156250e+01,-6.920080566406250000e+01,-6.664271545410156250e+01,-6.446850585937500000e+01,-5.795003509521484375e+01,-5.447122955322265625e+01,-4.439171981811523438e+01,-4.238893890380859375e+01,-3.614434432983398438e+01,-3.795989608764648438e+01,-3.198639488220214844e+01,-2.652190780639648438e+01,-2.805959701538085938e+01,-2.890083694458007812e+01,-3.173801803588867188e+01,-3.012827110290527344e+01,-3.612791824340820312e+01,-3.455957412719726562e+01,-3.632203674316406250e+01,-3.471529769897460938e+01,-4.047469711303710938e+01,-3.847109985351562500e+01,-4.197112274169921875e+01,-4.285173797607421875e+01,-4.801371002197265625e+01,-4.695655822753906250e+01,-4.842922210693359375e+01,-4.725439071655273438e+01,-4.970638275146484375e+01,-4.653435134887695312e+01,-4.783652496337890625e+01,-4.764242553710937500e+01,-4.885323333740234375e+01,-4.798137283325195312e+01,-4.814319610595703125e+01,-4.776120758056640625e+01,-4.767937088012695312e+01,-4.643560791015625000e+01,-4.401449203491210938e+01,-4.340315628051757812e+01,-4.130531692504882812e+01,-4.169912338256835938e+01,-4.324341583251953125e+01,-4.717490768432617188e+01,-5.086979675292968750e+01,-5.204169082641601562e+01,-5.546899795532226562e+01,-5.531061935424804688e+01,-5.638016128540039062e+01,-5.779427337646484375e+01,-5.450980377197265625e+01,-5.652064132690429688e+01,-4.517709350585937500e+01,-4.759757232666015625e+01,-4.423659896850585938e+01,-5.645387649536132812e+01,-6.244104385375976562e+01,-6.164982604980468750e+01,-6.423216247558593750e+01,-5.652464294433593750e+01,-5.975724411010742188e+01,-5.563733673095703125e+01,-6.216397094726562500e+01,-6.066229248046875000e+01,-6.721723937988281250e+01,-6.465604400634765625e+01,-6.968883514404296875e+01,-6.724501037597656250e+01,-6.988718414306640625e+01,-6.489844512939453125e+01,-6.674945831298828125e+01,-6.811325836181640625e+01,-7.145118713378906250e+01,-6.763957214355468750e+01,-7.496484375000000000e+01,-6.797752380371093750e+01,-6.919316101074218750e+01,-7.316621398925781250e+01
-7.994034576416015625e+01,-7.998403930664062500e+01,-7.987483215332031250e+01,-7.992598724365234375e+01,-7.915084838867187500e+01,-7.980292510986328125e+01,-7.768287658691406250e+01,-7.159558105468750000e+01,-7.053636932373046875e+01,-7.487400817871093750e+01,-7.238000488281250000e+01,-7.574378967285156250e+01,-7.183856201171875000e+01,-7.564363098144531250e+01,-7.340870666503906250e+01,-7.530935668945312500e+01,-7.184648132324218750e+01,-7.357389831542968750e+01,-7.171760559082031250e+01,-7.530539703369140625e+01,-7.451824951171875000e+01,-7.557097625732421875e+01,-7.378486633300781250e+01,-7.554004669189453125e+01,-7.448364257812500000e+01,-7.543020629882812500e+01,-7.337159729003906250e+01,-7.427146911621093750e+01,-7.151257324218750000e+01,-7.168269348144531250e+01,-6.799468994140625000e+01,-6.858772277832031250e+01,-6.630166625976562500e+01,-6.799626159667968750e+01,-6.723979187011718750e+01,-6.819145965576171875e+01,-6.666799163818359375e+01,-6.463840484619140625e+01,-5.919485092163085938e+01,-5.368288421630859375e+01,-4.906761550903320312e+01,-4.397701263427734375e+01,-4.590608215332031250e+01,-4.733597946166992188e+01,-5.149111175537109375e+01,-4.865347290039062500e+01,-5.128592681884765625e+01,-5.521662902832031250e+01,-6.081051254272460938e+01,-6.035880279541015625e+01,-6.328305816650390625e+01,-6.340586090087890625e+01,-6.736328125000000000e+01,-6.577178955078125000e+01,-6.923076629638671875e+01,-6.643417358398437500e+01,-6.830311584472656250e+01,-6.431864929199218750e+01,-6.525928497314453125e+01,-5.721928787231445312e+01,-5.627453613281250000e+01,-4.605578231811523438e+01,-4.733655548095703125e+01,-3.642797088623046875e+01,-3.814551162719726562e+01,-3.224542999267578125e+01,-3.436108398437500000e+01,-2.844843482971191406e+01,-3.129828071594238281e+01,-2.829087257385253906e+01,-3.106931877136230469e+01,-2.900427627563476562e+01,-3.015434455871582031e+01,-3.032511138916015625e+01,-3.307333374023437500e+01,-3.438528442382812500e+01,-3.988370132446289062e+01,-4.302538681030273438e+01,-4.742031097412109375e+01,-4.856340789794921875e+01,-4.993110656738281250e+01,-5.083435821533203125e+01,-4.852973937988281250e+01,-5.261925125122070312e+01,-4.802869415283203125e+01,-5.129143524169921875e+01,-4.179115295410156250e+01,-4.159032440185546875e+01,-4.087486267089843750e+01,-4.496182632446289062e+01,-5.599524307250976562e+01,-5.070978546142578125e+01,-5.924459838867187500e+01,-5.002285766601562500e+01,-5.440134048461914062e+01,-5.328936004638671875e+01,-5.671057510375976562e+01,-5.799526214599609375e+01,-6.274436187744140625e+01,-6.271935272216796875e+01,-6.607323455810546875e+01,-6.765114593505859375e+01,-6.952046203613281250e+01,-6.983665466308593750e+01,-6.798980712890625000e+01,-7.007835388183593750e+01,-7.270085144042968750e+01,-7.114337158203125000e+01,-7.476530456542968750e+01,-6.954872894287109375e+01,-7.048880767822265625e+01,-7.484312438964843750e+01
-7.998452758789062500e+01,-7.999896240234375000e+01,-7.994822692871093750e+01,-7.991308593750000000e+01,-7.930609130859375000e+01,-7.989080810546875000e+01,-7.800671386718750000e+01,-6.920736694335937500e+01,-7.353359985351562500e+01,-7.854120635986328125e+01,-7.844748687744140625e+01,-7.840994262695312500e+01,-7.743789672851562500e+01,-7.768231964111328125e+01,-7.732373046875000000e+01,-7.643582153320312500e+01,-7.577377319335937500e+01,-7.613322448730468750e+01,-7.671612548828125000e+01,-7.755598449707031250e+01,-7.823117828369140625e+01,-7.833322143554687500e+01,-7.816622924804687500e+01,-7.813056182861328125e+01,-7.842817687988281250e+01,-7.852200317382812500e+01,-7.834038543701171875e+01,-7.819326019287109375e+01,-7.789772033691406250e+01,-7.798735809326171875e+01,-7.745419311523437500e+01,-7.684825897216796875e+01,-7.594454956054687500e+01,-7.555014801025390625e+01,-7.418153381347656250e+01,-7.132367706298828125e+01,-6.896979522705078125e+01,-6.060331726074218750e+01,-5.487514495849609375e+01,-3.458540344238281250e+01,-3.881238937377929688e+01,-2.767636108398437500e+01,-3.493349838256835938e+01,-3.247716522216796875e+01,-4.328386688232421875e+01,-3.400467681884765625e+01,-2.900344085693359375e+01,-3.296994781494140625e+01,-4.203446960449218750e+01,-4.018064117431640625e+01,-3.871020126342773438e+01,-3.965456771850585938e+01,-4.459216690063476562e+01,-3.956512832641601562e+01,-4.067887115478515625e+01,-3.370631408691406250e+01,-3.617153167724609375e+01,-2.911894226074218750e+01,-3.049357032775878906e+01,-2.283975410461425781e+01,-2.350673484802246094e+01,-1.803541946411132812e+01,-1.969257545471191406e+01,-1.639714050292968750e+01,-1.848244094848632812e+01,-1.865508270263671875e+01,-2.033369064331054688e+01,-2.137407112121582031e+01,-2.365841674804687500e+01,-2.651341629028320312e+01,-2.793267822265625000e+01,-3.056624603271484375e+01,-3.045949935913085938e+01,-3.119866943359375000e+01,-3.216889572143554688e+01,-2.976980781555175781e+01,-3.574832153320312500e+01,-3.172863388061523438e+01,-3.971878051757812500e+01,-3.324584960937500000e+01,-3.856002807617187500e+01,-3.454156875610351562e+01,-3.799960327148437500e+01,-3.795320892333984375e+01,-4.101672363281250000e+01,-4.490055847167968750e+01,-3.987431716918945312e+01,-3.881026077270507812e+01,-4.082538986206054688e+01,-4.359372711181640625e+01,-5.753962707519531250e+01,-4.978708267211914062e+01,-5.620821762084960938e+01,-4.924753570556640625e+01,-5.216629028320312500e+01,-5.184299468994140625e+01,-5.341201782226562500e+01,-5.561312103271484375e+01,-5.820442581176757812e+01,-5.990008163452148438e+01,-6.467722320556640625e+01,-6.809497833251953125e+01,-7.094332885742187500e+01,-6.966218566894531250e+01,-7.006024169921875000e+01,-7.339118194580078125e+01,-7.476181030273437500e+01,-7.246287536621093750e+01,-7.674544525146484375e+01,-7.476211547851562500e+01,-7.407334136962890625e+01,-7.820884704589843750e+01
-7.998535919189453125e+01,-7.999971771240234375e+01,-7.999037933349609375e+01,-7.990994262695312500e+01,-7.819281768798828125e+01,-7.969337463378906250e+01,-6.896438598632812500e+01,-6.023873901367187500e+01,-6.864607238769531250e+01,-7.843867492675781250e+01,-7.787675476074218750e+01,-7.788024902343750000e+01,-7.717185974121093750e+01,-7.695611572265625000e+01,-7.606864929199218750e+01,-7.488798522949218750e+01,-7.524769592285156250e+01,-7.640451049804687500e+01,-7.725408935546875000e+01,-7.820419311523437500e+01,-7.881323242187500000e+01,-7.895156860351562500e+01,-7.899421691894531250e+01,-7.888294982910156250e+01,-7.921513366699218750e+01,-7.919756317138671875e+01,-7.932009124755859375e+01,-7.913552856445312500e+01,-7.927996063232421875e+01,-7.912557983398437500e+01,-7.918807220458984375e+01,-7.860075378417968750e+01,-7.838104248046875000e+01,-7.732194519042968750e+01,-7.612678527832031250e+01,-7.142928314208984375e+01,-6.507022094726562500e+01,-4.902429580688476562e+01,-4.165184020996093750e+01,-2.299241638183593750e+01,-3.077245712280273438e+01,-2.283273506164550781e+01,-3.127903175354003906e+01,-3.000543594360351562e+01,-4.192803955078125000e+01,-2.561452865600585938e+01,-1.879607391357421875e+01,-2.384095954895019531e+01,-3.495249938964843750e+01,-2.820419502258300781e+01,-2.716433715820312500e+01,-3.099453544616699219e+01,-3.635478210449218750e+01,-2.795058059692382812e+01,-2.880784225463867188e+01,-2.261247444152832031e+01,-2.638963699340820312e+01,-2.186937713623046875e+01,-2.514738082885742188e+01,-1.996423721313476562e+01,-2.356262397766113281e+01,-1.926276397705078125e+01,-2.350881958007812500e+01,-1.974817466735839844e+01,-2.591344833374023438e+01,-2.616668701171875000e+01,-3.082696914672851562e+01,-3.076477813720703125e+01,-3.521625518798828125e+01,-3.701709365844726562e+01,-3.877497863769531250e+01,-3.819967651367187500e+01,-3.901388168334960938e+01,-3.621367645263671875e+01,-3.580520629882812500e+01,-2.892250061035156250e+01,-3.523757934570312500e+01,-2.961811065673828125e+01,-3.848165512084960938e+01,-3.067201232910156250e+01,-4.008449172973632812e+01,-3.603436279296875000e+01,-4.303796768188476562e+01,-4.239751052856445312e+01,-4.704929351806640625e+01,-4.916564178466796875e+01,-4.678961181640625000e+01,-4.677873229980468750e+01,-4.984272003173828125e+01,-5.026954269409179688e+01,-6.118890380859375000e+01,-5.398859786987304688e+01,-5.650032043457031250e+01,-4.852854919433593750e+01,-5.106225967407226562e+01,-5.437573242187500000e+01,-5.593986892700195312e+01,-6.026778793334960938e+01,-6.346926498413085938e+01,-6.571012878417968750e+01,-7.006155395507812500e+01,-7.171754455566406250e+01,-7.431798553466796875e+01,-7.305463409423828125e+01,-7.434313201904296875e+01,-7.602023315429687500e+01,-7.704602813720703125e+01,-7.670620727539062500e+01,-7.893052673339843750e+01,-7.753770446777343750e+01,-7.748736572265625000e+01,-7.894926452636718750e+01
-7.999304199218750000e+01,-7.999613952636718750e+01,-7.999936676025390625e+01,-7.995209503173828125e+01,-7.973935699462890625e+01,-7.936948394775390625e+01,-7.831842803955078125e+01,-3.927515411376953125e+01,-7.795941162109375000e+01,-7.486234283447265625e+01,-7.841249084472656250e+01,-7.798115539550781250e+01,-7.845669555664062500e+01,-7.780991363525390625e+01,-7.786610412597656250e+01,-7.623933410644531250e+01,-7.749104309082031250e+01,-7.709980010986328125e+01,-7.837865447998046875e+01,-7.840904235839843750e+01,-7.915640258789062500e+01,-7.893138122558593750e+01,-7.927906799316406250e+01,-7.906100463867187500e+01,-7.941904449462890625e+01,-7.922034454345703125e+01,-7.943836975097656250e+01,-7.930189514160156250e+01,-7.945005035400390625e+01,-7.932221984863281250e+01,-7.940034484863281250e+01,-7.914089202880859375e+01,-7.878797149658203125e+01,-7.712096405029296875e+01,-7.520085144042968750e+01,-6.751817321777343750e+01,-5.817268371582031250e+01,-4.258092117309570312e+01,-3.568769836425781250e+01,-2.748781585693359375e+01,-3.474407958984375000e+01,-3.300588226318359375e+01,-3.532442855834960938e+01,-3.264347457885742188e+01,-3.891152954101562500e+01,-1.879630661010742188e+01,-1.367463111877441406e+01,-1.267580986022949219e+01,-1.909224319458007812e+01,-1.232280731201171875e+01,-1.326458358764648438e+01,-1.772767066955566406e+01,-2.266228866577148438e+01,-2.030952644348144531e+01,-2.144628524780273438e+01,-2.035136032104492188e+01,-2.392435455322265625e+01,-2.395256233215332031e+01,-2.857133293151855469e+01,-2.966707801818847656e+01,-3.406373977661132812e+01,-3.410819244384765625e+01,-3.897161865234375000e+01,-3.704634857177734375e+01,-4.119261169433593750e+01,-4.022592163085937500e+01,-4.369615173339843750e+01,-4.170731735229492188e+01,-4.399959564208984375e+01,-4.218206405639648438e+01,-4.234440612792968750e+01,-3.846238327026367188e+01,-3.768827819824218750e+01,-3.359825897216796875e+01,-3.232444763183593750e+01,-2.912228012084960938e+01,-3.042933654785156250e+01,-3.111050224304199219e+01,-3.511592483520507812e+01,-3.614802169799804688e+01,-4.094414901733398438e+01,-4.194126510620117188e+01,-4.564868164062500000e+01,-5.121997833251953125e+01,-5.253591156005859375e+01,-5.410705566406250000e+01,-4.980088043212890625e+01,-5.020428848266601562e+01,-5.461027526855468750e+01,-5.806828308105468750e+01,-6.775537109375000000e+01,-6.410746765136718750e+01,-6.414178466796875000e+01,-5.859512329101562500e+01,-6.059769439697265625e+01,-6.285550308227539062e+01,-6.228788375854492188e+01,-6.683052062988281250e+01,-6.818019104003906250e+01,-7.155304718017578125e+01,-7.247016143798828125e+01,-7.420389556884765625e+01,-7.484840393066406250e+01,-7.483079528808593750e+01,-7.579196929931640625e+01,-7.690238952636718750e+01,-7.811073303222656250e+01,-7.857632446289062500e+01,-7.935035705566406250e+01,-7.886756896972656250e+01,-7.860731506347656250e+01,-7.953234863281250000e+01
-7.996890258789062500e+01,-7.999938964843750000e+01,-7.999555206298828125e+01,-7.995739746093750000e+01,-7.923966979980468750e+01,-7.950910949707031250e+01,-7.477033233642578125e+01,-7.588867187500000000e+01,-7.307858276367187500e+01,-7.832388305664062500e+01,-7.841733551025390625e+01,-7.915015411376953125e+01,-7.904417419433593750e+01,-7.935868835449218750e+01,-7.919316864013671875e+01,-7.919982147216796875e+01,-7.900084686279296875e+01,-7.937231445312500000e+01,-7.947358703613281250e+01,-7.964138031005859375e+01,-7.965143585205078125e+01,-7.973214721679687500e+01,-7.972399902343750000e+01,-7.974852752685546875e+01,-7.971686553955078125e+01,-7.973297882080078125e+01,-7.972442626953125000e+01,-7.969054412841796875e+01,-7.963302612304687500e+01,-7.962475585937500000e+01,-7.958712768554687500e+01,-7.940954589843750000e+01,-7.900074768066406250e+01,-7.819717407226562500e+01,-7.660514831542968750e+01,-7.153581237792968750e+01,-6.342059707641601562e+01,-5.413937759399414062e+01,-4.881047821044921875e+01,-4.317942047119140625e+01,-4.834770202636718750e+01,-4.546466064453125000e+01,-4.349701690673828125e+01,-3.919438552856445312e+01,-4.233388519287109375e+01,-2.709637069702148438e+01,-2.141747665405273438e+01,-1.938534164428710938e+01,-1.740456008911132812e+01,-1.042208099365234375e+01,-9.983938217163085938e+00,-1.149935722351074219e+01,-1.219806861877441406e+01,-1.264489746093750000e+01,-1.725092697143554688e+01,-1.770985603332519531e+01,-2.340475082397460938e+01,-2.614649963378906250e+01,-3.409914779663085938e+01,-3.542215728759765625e+01,-3.973907852172851562e+01,-3.886908340454101562e+01,-4.323239898681640625e+01,-3.642986679077148438e+01,-3.749917984008789062e+01,-3.151264953613281250e+01,-3.373969268798828125e+01,-2.704763984680175781e+01,-3.066064071655273438e+01,-2.594467735290527344e+01,-3.091033172607421875e+01,-2.714011001586914062e+01,-3.160481643676757812e+01,-2.805949401855468750e+01,-3.352987670898437500e+01,-3.069967651367187500e+01,-3.751508712768554688e+01,-3.608480834960937500e+01,-4.468076705932617188e+01,-4.036158370971679688e+01,-4.586245727539062500e+01,-4.382843780517578125e+01,-4.953728485107421875e+01,-5.086284637451171875e+01,-5.453857040405273438e+01,-5.356536865234375000e+01,-5.255961227416992188e+01,-4.558316802978515625e+01,-5.361354446411132812e+01,-4.967417526245117188e+01,-6.448167419433593750e+01,-5.617860412597656250e+01,-6.533872222900390625e+01,-5.835327911376953125e+01,-6.555226135253906250e+01,-6.598036193847656250e+01,-6.585002136230468750e+01,-6.608880615234375000e+01,-6.659693145751953125e+01,-6.864685821533203125e+01,-6.986968231201171875e+01,-7.032192993164062500e+01,-7.260673522949218750e+01,-7.299227142333984375e+01,-7.507537841796875000e+01,-7.620005798339843750e+01,-7.767158508300781250e+01,-7.894612121582031250e+01,-7.949156951904296875e+01,-7.900791168212890625e+01,-7.912366485595703125e+01,-7.982398986816406250e+01
-7.999106597900390625e+01,-7.999771118164062500e+01,-7.999671936035156250e+01,-7.985551452636718750e+01,-7.838171386718750000e+01,-7.930947875976562500e+01,-6.655422973632812500e+01,-7.253167724609375000e+01,-7.130644989013671875e+01,-7.852679443359375000e+01,-7.881208801269531250e+01,-7.931752777099609375e+01,-7.921813964843750000e+01,-7.935246276855468750e+01,-7.913825988769531250e+01,-7.885249328613281250e+01,-7.857269287109375000e+01,-7.910818481445312500e+01,-7.938473510742187500e+01,-7.954959106445312500e+01,-7.966119384765625000e+01,-7.971143341064453125e+01,-7.976387023925781250e+01,-7.973678588867187500e+01,-7.979388427734375000e+01,-7.978157043457031250e+01,-7.983196258544921875e+01,-7.978587341308593750e+01,-7.979261016845703125e+01,-7.976035308837890625e+01,-7.976659393310546875e+01,-7.950722503662109375e+01,-7.926818847656250000e+01,-7.811348724365234375e+01,-7.690997314453125000e+01,-7.086265563964843750e+01,-6.574187469482421875e+01,-5.311816024780273438e+01,-4.956521606445312500e+01,-3.449280166625976562e+01,-4.018019866943359375e+01,-3.390667724609375000e+01,-4.031690597534179688e+01,-4.030251312255859375e+01,-4.941932296752929688e+01,-3.957144927978515625e+01,-3.294578552246093750e+01,-2.838217353820800781e+01,-2.647662734985351562e+01,-1.844614791870117188e+01,-1.746292304992675781e+01,-1.913438796997070312e+01,-2.530192947387695312e+01,-2.655330276489257812e+01,-3.353946685791015625e+01,-3.311494064331054688e+01,-3.890606689453125000e+01,-3.706340408325195312e+01,-3.863167190551757812e+01,-3.497188568115234375e+01,-3.503420639038085938e+01,-2.989327049255371094e+01,-2.893589019775390625e+01,-2.217791748046875000e+01,-2.169734573364257812e+01,-1.819634246826171875e+01,-1.908839797973632812e+01,-1.750082015991210938e+01,-2.164603233337402344e+01,-2.238284873962402344e+01,-2.705620574951171875e+01,-2.920357894897460938e+01,-3.419070816040039062e+01,-3.425095367431640625e+01,-3.679647445678710938e+01,-3.510213851928710938e+01,-3.863255691528320312e+01,-3.505295944213867188e+01,-3.839364624023437500e+01,-3.518371582031250000e+01,-3.873916625976562500e+01,-3.713454437255859375e+01,-3.985594558715820312e+01,-4.076378631591796875e+01,-4.365272521972656250e+01,-4.247946166992187500e+01,-4.248746490478515625e+01,-3.891862106323242188e+01,-5.122116088867187500e+01,-4.918492889404296875e+01,-6.492976379394531250e+01,-5.287139129638671875e+01,-6.255107879638671875e+01,-5.382382202148437500e+01,-6.184259796142578125e+01,-6.263578796386718750e+01,-6.374415206909179688e+01,-6.525921630859375000e+01,-6.558197021484375000e+01,-6.802351379394531250e+01,-7.069233703613281250e+01,-7.220124816894531250e+01,-7.413807678222656250e+01,-7.458704376220703125e+01,-7.692653656005859375e+01,-7.672348785400390625e+01,-7.824132537841796875e+01,-7.819155883789062500e+01,-7.933328247070312500e+01,-7.825630187988281250e+01,-7.891706848144531250e+01,-7.979988861083984375e+01
-7.997677612304687500e+01,-7.992022705078125000e+01,-7.857739257812500000e+01,-7.940425109863281250e+01,-7.886430358886718750e+01,-7.950302124023437500e+01,-7.686665344238281250e+01,-5.387984466552734375e+01,-7.005378723144531250e+01,-7.829853057861328125e+01,-7.723449707031250000e+01,-7.850682067871093750e+01,-7.804341125488281250e+01,-7.890830230712890625e+01,-7.851928710937500000e+01,-7.738677978515625000e+01,-7.674252319335937500e+01,-7.807357025146484375e+01,-7.853340148925781250e+01,-7.897006988525390625e+01,-7.920835876464843750e+01,-7.942000579833984375e+01,-7.949794006347656250e+01,-7.951393127441406250e+01,-7.959274291992187500e+01,-7.966481018066406250e+01,-7.965167236328125000e+01,-7.967720031738281250e+01,-7.963073730468750000e+01,-7.967803955078125000e+01,-7.954960632324218750e+01,-7.927351379394531250e+01,-7.866256713867187500e+01,-7.713902282714843750e+01,-7.476261138916015625e+01,-6.842508697509765625e+01,-6.388695144653320312e+01,-4.580562973022460938e+01,-4.225664901733398438e+01,-2.392164611816406250e+01,-2.785645866394042969e+01,-2.068955993652343750e+01,-2.854274177551269531e+01,-3.244156265258789062e+01,-4.877214050292968750e+01,-4.449961853027343750e+01,-3.562293243408203125e+01,-3.406126022338867188e+01,-3.513306427001953125e+01,-2.692830848693847656e+01,-2.267835426330566406e+01,-2.200400733947753906e+01,-2.852345657348632812e+01,-2.835852813720703125e+01,-3.226681137084960938e+01,-3.224345397949218750e+01,-3.634234237670898438e+01,-3.484964370727539062e+01,-3.537962722778320312e+01,-3.166689300537109375e+01,-3.165019989013671875e+01,-2.777204895019531250e+01,-2.677047348022460938e+01,-2.334813690185546875e+01,-2.323673248291015625e+01,-2.232225227355957031e+01,-2.346680259704589844e+01,-2.344949913024902344e+01,-2.770559501647949219e+01,-2.845697021484375000e+01,-3.269674301147460938e+01,-3.305340576171875000e+01,-3.761347198486328125e+01,-3.602565383911132812e+01,-3.775135040283203125e+01,-3.489919662475585938e+01,-3.674245834350585938e+01,-3.252825546264648438e+01,-3.386906051635742188e+01,-3.194344329833984375e+01,-3.461325073242187500e+01,-3.621382904052734375e+01,-3.864004135131835938e+01,-4.123873901367187500e+01,-4.679574203491210938e+01,-4.708538055419921875e+01,-4.645455932617187500e+01,-4.586517715454101562e+01,-6.033288192749023438e+01,-5.759729766845703125e+01,-6.696282958984375000e+01,-5.302299499511718750e+01,-5.442819976806640625e+01,-4.301767730712890625e+01,-5.129324722290039062e+01,-5.587837600708007812e+01,-6.047319030761718750e+01,-6.244680404663085938e+01,-6.459422302246093750e+01,-6.375116729736328125e+01,-6.770735168457031250e+01,-6.970526885986328125e+01,-7.291477966308593750e+01,-7.322554779052734375e+01,-7.501481628417968750e+01,-7.527646636962890625e+01,-7.690977478027343750e+01,-7.577066040039062500e+01,-7.793907165527343750e+01,-7.628481292724609375e+01,-7.773541259765625000e+01,-7.958769226074218750e+01
-7.990814208984375000e+01,-7.997815704345703125e+01,-7.999433898925781250e+01,-7.997606658935546875e+01,-7.994386291503906250e+01,-7.977005004882812500e+01,-7.926298522949218750e+01,-5.724932479858398438e+01,-7.692373657226562500e+01,-7.816003417968750000e+01,-7.860340881347656250e+01,-7.899668121337890625e+01,-7.929623413085937500e+01,-7.942219543457031250e+01,-7.918286132812500000e+01,-7.881904602050781250e+01,-7.874085235595703125e+01,-7.904328918457031250e+01,-7.903289794921875000e+01,-7.933419036865234375e+01,-7.959167480468750000e+01,-7.972804260253906250e+01,-7.971890258789062500e+01,-7.969755554199218750e+01,-7.975453186035156250e+01,-7.979438781738281250e+01,-7.977372741699218750e+01,-7.977443695068359375e+01,-7.976068115234375000e+01,-7.978964233398437500e+01,-7.968651580810546875e+01,-7.957725524902343750e+01,-7.913410949707031250e+01,-7.832920837402343750e+01,-7.503923797607421875e+01,-6.812126159667968750e+01,-5.555381011962890625e+01,-4.287957000732421875e+01,-3.764796447753906250e+01,-2.812877845764160156e+01,-3.303953552246093750e+01,-2.936099243164062500e+01,-3.564002227783203125e+01,-3.616913986206054688e+01,-4.626269149780273438e+01,-3.764877319335937500e+01,-3.210717010498046875e+01,-3.066647529602050781e+01,-3.738806915283203125e+01,-2.945769691467285156e+01,-3.065971565246582031e+01,-2.729943275451660156e+01,-3.515668487548828125e+01,-2.762275505065917969e+01,-3.322669982910156250e+01,-2.604968452453613281e+01,-3.083250045776367188e+01,-2.425971221923828125e+01,-2.802053833007812500e+01,-1.992936134338378906e+01,-2.268117713928222656e+01,-1.806091499328613281e+01,-2.345143699645996094e+01,-1.993681716918945312e+01,-2.676869201660156250e+01,-2.583047866821289062e+01,-3.304586029052734375e+01,-2.793877410888671875e+01,-3.449768447875976562e+01,-2.935507202148437500e+01,-3.382456970214843750e+01,-2.601242065429687500e+01,-2.990224456787109375e+01,-2.435204124450683594e+01,-2.672942733764648438e+01,-2.302061462402343750e+01,-2.641584205627441406e+01,-2.611858940124511719e+01,-2.893678092956542969e+01,-2.999979209899902344e+01,-3.227832412719726562e+01,-3.564415359497070312e+01,-3.593805694580078125e+01,-4.233546829223632812e+01,-4.363829421997070312e+01,-4.699881744384765625e+01,-4.764046096801757812e+01,-4.978412246704101562e+01,-5.838070297241210938e+01,-5.897073364257812500e+01,-6.975311279296875000e+01,-6.253860855102539062e+01,-6.294136810302734375e+01,-5.194617080688476562e+01,-5.599596405029296875e+01,-5.672908020019531250e+01,-5.942266082763671875e+01,-5.900422668457031250e+01,-5.762804412841796875e+01,-5.578253936767578125e+01,-6.140290069580078125e+01,-6.491788482666015625e+01,-6.730950164794921875e+01,-6.965495300292968750e+01,-7.354682922363281250e+01,-7.616188049316406250e+01,-7.727951049804687500e+01,-7.804377746582031250e+01,-7.928659057617187500e+01,-7.905673217773437500e+01,-7.901609802246093750e+01,-7.991445159912109375e+01
-7.988997650146484375e+01,-7.997459411621093750e+01,-7.999382019042968750e+01,-7.990063476562500000e+01,-7.969282531738281250e+01,-7.921641540527343750e+01,-7.784507751464843750e+01,-7.437945556640625000e+01,-6.681271362304687500e+01,-7.682688903808593750e+01,-7.678825378417968750e+01,-7.855942535400390625e+01,-7.900939941406250000e+01,-7.941050720214843750e+01,-7.940411376953125000e+01,-7.951699066162109375e+01,-7.937017822265625000e+01,-7.956513214111328125e+01,-7.950233459472656250e+01,-7.963882446289062500e+01,-7.975655364990234375e+01,-7.985052490234375000e+01,-7.985343933105468750e+01,-7.985198974609375000e+01,-7.985643768310546875e+01,-7.988056945800781250e+01,-7.987139129638671875e+01,-7.987756347656250000e+01,-7.987171173095703125e+01,-7.989147949218750000e+01,-7.987693023681640625e+01,-7.982933807373046875e+01,-7.961594390869140625e+01,-7.909298706054687500e+01,-7.728491973876953125e+01,-7.170357513427734375e+01,-6.285329055786132812e+01,-5.046415710449218750e+01,-5.088568115234375000e+01,-4.050579833984375000e+01,-4.460310363769531250e+01,-3.796413803100585938e+01,-3.954615020751953125e+01,-3.722310256958007812e+01,-4.268808364868164062e+01,-3.090680122375488281e+01,-2.584929847717285156e+01,-2.418867492675781250e+01,-2.547801780700683594e+01,-1.838346862792968750e+01,-1.896792984008789062e+01,-1.999865341186523438e+01,-2.434691619873046875e+01,-2.290391159057617188e+01,-2.836431503295898438e+01,-2.509514999389648438e+01,-2.879245567321777344e+01,-2.559331893920898438e+01,-2.887945938110351562e+01,-2.390505599975585938e+01,-2.572718048095703125e+01,-2.279344940185546875e+01,-2.761291503906250000e+01,-2.432584762573242188e+01,-2.898299980163574219e+01,-2.653881072998046875e+01,-3.247895812988281250e+01,-2.541168212890625000e+01,-3.313374710083007812e+01,-2.601036453247070312e+01,-3.330058670043945312e+01,-2.496883392333984375e+01,-3.152057838439941406e+01,-2.612386322021484375e+01,-3.160230827331542969e+01,-2.877751159667968750e+01,-3.409753036499023438e+01,-3.351277542114257812e+01,-3.651811599731445312e+01,-3.500650405883789062e+01,-3.757516860961914062e+01,-3.756039428710937500e+01,-3.973146820068359375e+01,-4.283893585205078125e+01,-4.500763702392578125e+01,-4.658530044555664062e+01,-4.848511505126953125e+01,-4.583139801025390625e+01,-5.719567871093750000e+01,-5.623960494995117188e+01,-6.741723632812500000e+01,-5.773918151855468750e+01,-6.040269470214843750e+01,-4.688311767578125000e+01,-5.385443496704101562e+01,-5.288641357421875000e+01,-5.504050827026367188e+01,-5.195053100585937500e+01,-5.214023208618164062e+01,-5.331159591674804688e+01,-5.946287536621093750e+01,-6.328054809570312500e+01,-6.865171813964843750e+01,-7.182125091552734375e+01,-7.465751647949218750e+01,-7.707884216308593750e+01,-7.769241333007812500e+01,-7.867560577392578125e+01,-7.934017181396484375e+01,-7.885447692871093750e+01,-7.918496704101562500e+01,-7.979907226562500000e+01
-7.998738861083984375e+01,-7.984937286376953125e+01,-7.962603759765625000e+01,-7.866998291015625000e+01,-7.793545532226562500e+01,-7.887149810791015625e+01,-5.871556854248046875e+01,-7.226898193359375000e+01,-5.559884643554687500e+01,-7.472950744628906250e+01,-7.482775115966796875e+01,-7.810652160644531250e+01,-7.829071044921875000e+01,-7.899516296386718750e+01,-7.908770751953125000e+01,-7.915975952148437500e+01,-7.892829895019531250e+01,-7.922988128662109375e+01,-7.931231689453125000e+01,-7.951937866210937500e+01,-7.962069702148437500e+01,-7.972576904296875000e+01,-7.973708343505859375e+01,-7.977638244628906250e+01,-7.977162170410156250e+01,-7.980538940429687500e+01,-7.978393554687500000e+01,-7.981603240966796875e+01,-7.978462982177734375e+01,-7.981531524658203125e+01,-7.975300598144531250e+01,-7.965554809570312500e+01,-7.930432128906250000e+01,-7.850008392333984375e+01,-7.675751495361328125e+01,-7.327751159667968750e+01,-6.761691284179687500e+01,-5.972888946533203125e+01,-5.370812988281250000e+01,-4.490166091918945312e+01,-4.305635070800781250e+01,-3.672242736816406250e+01,-3.479245758056640625e+01,-3.264920806884765625e+01,-3.614631652832031250e+01,-2.531016349792480469e+01,-1.927745628356933594e+01,-1.709041213989257812e+01,-1.564123153686523438e+01,-1.002735900878906250e+01,-8.843559265136718750e+00,-9.613098144531250000e+00,-1.215694808959960938e+01,-1.214204788208007812e+01,-1.684641265869140625e+01,-1.762902832031250000e+01,-2.343851852416992188e+01,-2.321532058715820312e+01,-2.994826889038085938e+01,-2.957286071777343750e+01,-3.518350219726562500e+01,-3.166775512695312500e+01,-3.517551422119140625e+01,-2.840920448303222656e+01,-2.975026321411132812e+01,-2.262965393066406250e+01,-2.552429962158203125e+01,-2.011674118041992188e+01,-2.568660163879394531e+01,-2.078479003906250000e+01,-2.688417625427246094e+01,-2.458710098266601562e+01,-3.010655212402343750e+01,-2.738230514526367188e+01,-3.204400634765625000e+01,-3.266997146606445312e+01,-3.612305831909179688e+01,-3.706993484497070312e+01,-3.713348770141601562e+01,-3.972066116333007812e+01,-4.041456222534179688e+01,-4.255870437622070312e+01,-4.458042526245117188e+01,-4.696222686767578125e+01,-5.040989685058593750e+01,-5.055908966064453125e+01,-5.187631988525390625e+01,-4.984960937500000000e+01,-5.924156188964843750e+01,-5.850680541992187500e+01,-6.723098754882812500e+01,-5.603739929199218750e+01,-5.965156936645507812e+01,-4.350978851318359375e+01,-5.132368469238281250e+01,-5.007583236694335938e+01,-5.294344711303710938e+01,-5.521546554565429688e+01,-5.765303802490234375e+01,-6.107373809814453125e+01,-6.404387664794921875e+01,-6.708946228027343750e+01,-6.887454223632812500e+01,-7.112614440917968750e+01,-7.373399353027343750e+01,-7.512039184570312500e+01,-7.724450683593750000e+01,-7.862149810791015625e+01,-7.873103332519531250e+01,-7.818531036376953125e+01,-7.905453491210937500e+01,-7.965597534179687500e+01
-7.998870849609375000e+01,-7.999566650390625000e+01,-7.992689514160156250e+01,-7.938189697265625000e+01,-7.867586517333984375e+01,-7.939933013916015625e+01,-6.786745452880859375e+01,-7.559857940673828125e+01,-7.504620361328125000e+01,-7.910066223144531250e+01,-7.896811676025390625e+01,-7.948040771484375000e+01,-7.948342895507812500e+01,-7.974754333496093750e+01,-7.964971923828125000e+01,-7.969403076171875000e+01,-7.958448791503906250e+01,-7.978386688232421875e+01,-7.979037475585937500e+01,-7.987092590332031250e+01,-7.989163208007812500e+01,-7.994287872314453125e+01,-7.993745422363281250e+01,-7.995011138916015625e+01,-7.994488525390625000e+01,-7.996376800537109375e+01,-7.995766448974609375e+01,-7.996795654296875000e+01,-7.995741271972656250e+01,-7.996815490722656250e+01,-7.995199584960937500e+01,-7.992996215820312500e+01,-7.983224487304687500e+01,-7.959870147705078125e+01,-7.872442626953125000e+01,-7.662749481201171875e+01,-7.017880249023437500e+01,-5.992576217651367188e+01,-4.972477340698242188e+01,-3.745927429199218750e+01,-3.786755371093750000e+01,-2.930631828308105469e+01,-3.007053375244140625e+01,-3.024989318847656250e+01,-3.682406616210937500e+01,-2.622764015197753906e+01,-2.047015190124511719e+01,-2.075344848632812500e+01,-2.012626075744628906e+01,-1.400341987609863281e+01,-1.294464302062988281e+01,-1.397667312622070312e+01,-1.823143386840820312e+01,-1.783996391296386719e+01,-2.199934768676757812e+01,-2.203895378112792969e+01,-2.812034606933593750e+01,-2.666286849975585938e+01,-3.173334503173828125e+01,-2.977785873413085938e+01,-3.398164367675781250e+01,-2.921792221069335938e+01,-3.006361770629882812e+01,-2.329568672180175781e+01,-2.432984924316406250e+01,-1.864932060241699219e+01,-2.029060935974121094e+01,-1.796108627319335938e+01,-2.302586174011230469e+01,-2.143636894226074219e+01,-2.614589309692382812e+01,-2.602214622497558594e+01,-3.103195190429687500e+01,-2.911051559448242188e+01,-3.323809432983398438e+01,-3.243060684204101562e+01,-3.656805419921875000e+01,-3.526436614990234375e+01,-3.733777236938476562e+01,-3.945287322998046875e+01,-4.160383224487304688e+01,-4.454263687133789062e+01,-4.875012207031250000e+01,-5.270492172241210938e+01,-5.714263534545898438e+01,-5.797851943969726562e+01,-5.821506500244140625e+01,-5.613937377929687500e+01,-6.396617889404296875e+01,-6.159260559082031250e+01,-7.123110198974609375e+01,-5.617937469482421875e+01,-6.369310760498046875e+01,-4.526900100708007812e+01,-5.411511993408203125e+01,-5.099925994873046875e+01,-5.412490081787109375e+01,-5.425678634643554688e+01,-5.720341491699218750e+01,-6.293040466308593750e+01,-6.798287200927734375e+01,-7.204239654541015625e+01,-7.389817810058593750e+01,-7.590120697021484375e+01,-7.706114196777343750e+01,-7.867064666748046875e+01,-7.929529571533203125e+01,-7.966734313964843750e+01,-7.979113769531250000e+01,-7.969598388671875000e+01,-7.981251525878906250e+01,-7.995304870605468750e+01
-7.999743652343750000e+01,-7.999376678466796875e+01,-7.998577880859375000e+01,-7.986605072021484375e+01,-7.975994873046875000e+01,-7.947400665283203125e+01,-7.857803344726562500e+01,-7.487443542480468750e+01,-7.744830322265625000e+01,-7.895546722412109375e+01,-7.907511901855468750e+01,-7.952986145019531250e+01,-7.957464599609375000e+01,-7.981096649169921875e+01,-7.978675842285156250e+01,-7.977400970458984375e+01,-7.974719238281250000e+01,-7.981868743896484375e+01,-7.980565643310546875e+01,-7.983689880371093750e+01,-7.988546752929687500e+01,-7.992783355712890625e+01,-7.993200683593750000e+01,-7.992781829833984375e+01,-7.993522644042968750e+01,-7.994874572753906250e+01,-7.994905090332031250e+01,-7.995159912109375000e+01,-7.995213317871093750e+01,-7.995426177978515625e+01,-7.994586181640625000e+01,-7.990616607666015625e+01,-7.983248901367187500e+01,-7.956924438476562500e+01,-7.871835327148437500e+01,-7.493693542480468750e+01,-6.698683166503906250e+01,-5.182599258422851562e+01,-4.634624481201171875e+01,-3.288592147827148438e+01,-3.966883087158203125e+01,-3.232132720947265625e+01,-3.668094635009765625e+01,-3.693994140625000000e+01,-4.627226638793945312e+01,-3.615485382080078125e+01,-2.968708419799804688e+01,-3.031679534912109375e+01,-2.966686630249023438e+01,-2.070330619812011719e+01,-1.909612655639648438e+01,-1.987083435058593750e+01,-2.436713027954101562e+01,-2.146810150146484375e+01,-2.706711578369140625e+01,-2.474778366088867188e+01,-3.025926017761230469e+01,-2.575337600708007812e+01,-2.880105209350585938e+01,-2.361619567871093750e+01,-2.614439773559570312e+01,-2.035511779785156250e+01,-2.377776908874511719e+01,-1.793241500854492188e+01,-2.211526489257812500e+01,-1.708790588378906250e+01,-2.245513343811035156e+01,-1.749900436401367188e+01,-2.602790832519531250e+01,-2.078031158447265625e+01,-2.858339309692382812e+01,-2.387358474731445312e+01,-2.977645683288574219e+01,-2.474325561523437500e+01,-2.999990463256835938e+01,-2.596256446838378906e+01,-3.150473785400390625e+01,-2.986515998840332031e+01,-3.454364395141601562e+01,-3.748643875122070312e+01,-4.158016586303710938e+01,-4.895029067993164062e+01,-5.231553649902343750e+01,-6.036610412597656250e+01,-6.269987487792968750e+01,-6.511772155761718750e+01,-6.469917297363281250e+01,-6.232190704345703125e+01,-6.913589477539062500e+01,-6.495264434814453125e+01,-7.204608154296875000e+01,-5.849679565429687500e+01,-6.337305831909179688e+01,-5.182982635498046875e+01,-5.871524810791015625e+01,-5.745883941650390625e+01,-6.100453948974609375e+01,-5.993656921386718750e+01,-6.218420028686523438e+01,-6.245783996582031250e+01,-6.913622283935546875e+01,-7.216264343261718750e+01,-7.506961059570312500e+01,-7.616972351074218750e+01,-7.807896423339843750e+01,-7.919202423095703125e+01,-7.956958007812500000e+01,-7.971183013916015625e+01,-7.985934448242187500e+01,-7.980152130126953125e+01,-7.988692474365234375e+01,-7.997363281250000000e+01
-7.990260314941406250e+01,-7.998809051513671875e+01,-7.998635864257812500e+01,-7.997711181640625000e+01,-7.978300476074218750e+01,-7.492909240722656250e+01,-7.929682922363281250e+01,-7.144107818603515625e+01,-7.675214385986328125e+01,-7.918597412109375000e+01,-7.922570800781250000e+01,-7.962109375000000000e+01,-7.963305664062500000e+01,-7.976387786865234375e+01,-7.973780059814453125e+01,-7.967485046386718750e+01,-7.965434265136718750e+01,-7.977638244628906250e+01,-7.972811889648437500e+01,-7.975762176513671875e+01,-7.980408477783203125e+01,-7.990168762207031250e+01,-7.989998626708984375e+01,-7.990273284912109375e+01,-7.989669799804687500e+01,-7.992898559570312500e+01,-7.991930389404296875e+01,-7.992408752441406250e+01,-7.992428588867187500e+01,-7.994428253173828125e+01,-7.994531250000000000e+01,-7.992711639404296875e+01,-7.988980102539062500e+01,-7.977836608886718750e+01,-7.933015441894531250e+01,-7.708734130859375000e+01,-7.253678894042968750e+01,-6.276004791259765625e+01,-5.735591125488281250e+01,-4.432881164550781250e+01,-4.689902496337890625e+01,-4.233504486083984375e+01,-4.284945678710937500e+01,-4.463811874389648438e+01,-5.161452484130859375e+01,-4.361354827880859375e+01,-3.539131546020507812e+01,-3.551176834106445312e+01,-3.144637298583984375e+01,-2.362093353271484375e+01,-2.022139167785644531e+01,-1.981542778015136719e+01,-2.158252716064453125e+01,-1.947011184692382812e+01,-2.326521301269531250e+01,-2.133716773986816406e+01,-2.287244987487792969e+01,-2.064942169189453125e+01,-2.104236793518066406e+01,-1.781528663635253906e+01,-1.690808868408203125e+01,-1.553726005554199219e+01,-1.712219619750976562e+01,-1.645275115966796875e+01,-1.826162338256835938e+01,-1.782098770141601562e+01,-2.028499412536621094e+01,-1.867600250244140625e+01,-2.223835372924804688e+01,-1.984976768493652344e+01,-2.263238906860351562e+01,-2.148658561706542969e+01,-2.443499755859375000e+01,-2.424508857727050781e+01,-2.910594940185546875e+01,-3.012287521362304688e+01,-3.391394805908203125e+01,-3.537654495239257812e+01,-3.860319519042968750e+01,-4.276014709472656250e+01,-4.433686065673828125e+01,-5.242979049682617188e+01,-5.315778732299804688e+01,-6.222204589843750000e+01,-6.405233764648437500e+01,-6.873264312744140625e+01,-6.910322570800781250e+01,-6.802117919921875000e+01,-7.171280670166015625e+01,-6.626186370849609375e+01,-7.073681640625000000e+01,-5.749584579467773438e+01,-6.046961212158203125e+01,-5.070128631591796875e+01,-5.793567657470703125e+01,-5.927970886230468750e+01,-6.484796905517578125e+01,-6.516815185546875000e+01,-6.567140197753906250e+01,-6.608573913574218750e+01,-6.891956329345703125e+01,-7.068258666992187500e+01,-7.325846862792968750e+01,-7.441857910156250000e+01,-7.653246307373046875e+01,-7.829566192626953125e+01,-7.914653015136718750e+01,-7.938356018066406250e+01,-7.970920562744140625e+01,-7.977152252197265625e+01,-7.982645416259765625e+01,-7.997550964355468750e+01
-7.998886871337890625e+01,-7.998580169677734375e+01,-7.994976806640625000e+01,-7.986157226562500000e+01,-7.994258117675781250e+01,-7.952407836914062500e+01,-7.980067443847656250e+01,-7.948820495605468750e+01,-7.977871704101562500e+01,-7.982707214355468750e+01,-7.982495117187500000e+01,-7.985934448242187500e+01,-7.983335113525390625e+01,-7.987023925781250000e+01,-7.982657623291015625e+01,-7.983586120605468750e+01,-7.984764099121093750e+01,-7.989114379882812500e+01,-7.988052368164062500e+01,-7.986744689941406250e+01,-7.988511657714843750e+01,-7.991593933105468750e+01,-7.991834259033203125e+01,-7.990608215332031250e+01,-7.989438629150390625e+01,-7.989037322998046875e+01,-7.987374877929687500e+01,-7.985537719726562500e+01,-7.986054992675781250e+01,-7.986976623535156250e+01,-7.987458801269531250e+01,-7.985055541992187500e+01,-7.979360198974609375e+01,-7.964897155761718750e+01,-7.925402832031250000e+01,-7.750881958007812500e+01,-7.444725799560546875e+01,-6.644412994384765625e+01,-5.927286529541015625e+01,-4.635766601562500000e+01,-4.355181884765625000e+01,-3.961559677124023438e+01,-4.407683944702148438e+01,-4.433819961547851562e+01,-5.104512405395507812e+01,-4.268973159790039062e+01,-3.728841781616210938e+01,-3.476370620727539062e+01,-3.401181793212890625e+01,-2.491667938232421875e+01,-2.069315719604492188e+01,-1.916394424438476562e+01,-2.006181526184082031e+01,-1.852463531494140625e+01,-1.948972511291503906e+01,-1.780561447143554688e+01,-1.801272392272949219e+01,-1.616982460021972656e+01,-1.635253906250000000e+01,-1.352459335327148438e+01,-1.374118804931640625e+01,-1.280039787292480469e+01,-1.502874755859375000e+01,-1.421239852905273438e+01,-1.661911010742187500e+01,-1.546128273010253906e+01,-1.731860160827636719e+01,-1.392187500000000000e+01,-1.714121818542480469e+01,-1.468422889709472656e+01,-1.857141494750976562e+01,-1.876844596862792969e+01,-2.317063903808593750e+01,-2.631058883666992188e+01,-3.065331840515136719e+01,-3.576950836181640625e+01,-3.854590225219726562e+01,-4.349393081665039062e+01,-4.444094085693359375e+01,-4.915070343017578125e+01,-4.894440078735351562e+01,-5.541291809082031250e+01,-5.539726638793945312e+01,-6.217575454711914062e+01,-6.352779388427734375e+01,-6.780245208740234375e+01,-6.823884582519531250e+01,-6.839966583251953125e+01,-7.113029479980468750e+01,-6.831519317626953125e+01,-7.164628601074218750e+01,-6.156820297241210938e+01,-6.343738174438476562e+01,-5.336534118652343750e+01,-5.980345916748046875e+01,-6.250584793090820312e+01,-6.553155517578125000e+01,-6.812500000000000000e+01,-6.960678100585937500e+01,-7.035151672363281250e+01,-7.072450256347656250e+01,-7.322313690185546875e+01,-7.385585021972656250e+01,-7.555404663085937500e+01,-7.636604309082031250e+01,-7.800366210937500000e+01,-7.921262359619140625e+01,-7.949365234375000000e+01,-7.969939422607421875e+01,-7.972440338134765625e+01,-7.984792327880859375e+01,-7.996804809570312500e+01
-7.994947814941406250e+01,-7.997618103027343750e+01,-7.994850158691406250e+01,-7.979199218750000000e+01,-7.910784912109375000e+01,-7.957373046875000000e+01,-7.731363677978515625e+01,-7.715203857421875000e+01,-7.902520751953125000e+01,-7.926002502441406250e+01,-7.936750793457031250e+01,-7.942079162597656250e+01,-7.937757873535156250e+01,-7.944683837890625000e+01,-7.926119232177734375e+01,-7.912554168701171875e+01,-7.915742492675781250e+01,-7.923556518554687500e+01,-7.925560760498046875e+01,-7.933071136474609375e+01,-7.952706909179687500e+01,-7.959144592285156250e+01,-7.960940551757812500e+01,-7.958896636962890625e+01,-7.965064239501953125e+01,-7.968920135498046875e+01,-7.967379760742187500e+01,-7.968095397949218750e+01,-7.969685363769531250e+01,-7.973211669921875000e+01,-7.967636108398437500e+01,-7.961051940917968750e+01,-7.943932342529296875e+01,-7.924164581298828125e+01,-7.853282165527343750e+01,-7.726416778564453125e+01,-7.490319061279296875e+01,-7.007279968261718750e+01,-6.567237854003906250e+01,-5.431383514404296875e+01,-4.985082626342773438e+01,-4.084284973144531250e+01,-4.118965148925781250e+01,-4.060864257812500000e+01,-4.357455062866210938e+01,-3.627048873901367188e+01,-3.055387496948242188e+01,-3.071373176574707031e+01,-3.025699043273925781e+01,-2.267200851440429688e+01,-1.841353607177734375e+01,-1.660596847534179688e+01,-1.738433456420898438e+01,-1.506106185913085938e+01,-1.684323310852050781e+01,-1.733825492858886719e+01,-1.934426498413085938e+01,-1.988436698913574219e+01,-2.211308670043945312e+01,-2.382417488098144531e+01,-2.513047409057617188e+01,-2.501113128662109375e+01,-2.714699363708496094e+01,-2.701689338684082031e+01,-2.684123802185058594e+01,-2.398340606689453125e+01,-2.411226654052734375e+01,-2.121936035156250000e+01,-2.284496688842773438e+01,-2.060107994079589844e+01,-2.309802246093750000e+01,-2.326095581054687500e+01,-2.604869651794433594e+01,-2.741815376281738281e+01,-3.105245208740234375e+01,-3.440917205810546875e+01,-3.814803695678710938e+01,-4.410115051269531250e+01,-4.579081344604492188e+01,-5.239427566528320312e+01,-5.369680404663085938e+01,-5.866073226928710938e+01,-6.030168914794921875e+01,-6.454948425292968750e+01,-6.592721557617187500e+01,-6.799270629882812500e+01,-6.954364776611328125e+01,-6.911072540283203125e+01,-7.495404052734375000e+01,-7.291458129882812500e+01,-7.652209472656250000e+01,-6.712904357910156250e+01,-6.889100646972656250e+01,-5.466716766357421875e+01,-6.269769668579101562e+01,-6.264170837402343750e+01,-6.735456848144531250e+01,-6.925314331054687500e+01,-7.165880584716796875e+01,-7.358014678955078125e+01,-7.460638427734375000e+01,-7.550770568847656250e+01,-7.491249084472656250e+01,-7.566973876953125000e+01,-7.537040710449218750e+01,-7.617772674560546875e+01,-7.738903808593750000e+01,-7.889478302001953125e+01,-7.912843322753906250e+01,-7.902154541015625000e+01,-7.959396362304687500e+01,-7.994151306152343750e+01
-7.993972778320312500e+01,-7.996570587158203125e+01,-7.987528991699218750e+01,-7.914767456054687500e+01,-7.623986053466796875e+01,-7.915382385253906250e+01,-7.504483032226562500e+01,-7.174459075927734375e+01,-7.616147613525390625e+01,-7.692500305175781250e+01,-7.700099182128906250e+01,-7.788726806640625000e+01,-7.747368621826171875e+01,-7.850003051757812500e+01,-7.786026000976562500e+01,-7.808776855468750000e+01,-7.785433959960937500e+01,-7.839917755126953125e+01,-7.770924377441406250e+01,-7.840081024169921875e+01,-7.877558135986328125e+01,-7.917031097412109375e+01,-7.895867919921875000e+01,-7.909019470214843750e+01,-7.915768432617187500e+01,-7.939443969726562500e+01,-7.925207519531250000e+01,-7.945597839355468750e+01,-7.949329376220703125e+01,-7.963538360595703125e+01,-7.952207183837890625e+01,-7.956932067871093750e+01,-7.936433410644531250e+01,-7.929121398925781250e+01,-7.822910308837890625e+01,-7.689191436767578125e+01,-7.335684967041015625e+01,-6.744426727294921875e+01,-6.005261230468750000e+01,-5.006120681762695312e+01,-4.887913513183593750e+01,-4.084353637695312500e+01,-4.272181701660156250e+01,-4.238005447387695312e+01,-4.686777496337890625e+01,-3.950228881835937500e+01,-3.254504394531250000e+01,-3.311567306518554688e+01,-3.174604034423828125e+01,-2.542475128173828125e+01,-2.167206192016601562e+01,-2.295376205444335938e+01,-2.531498527526855469e+01,-2.524550628662109375e+01,-2.649149703979492188e+01,-2.824773597717285156e+01,-3.063256454467773438e+01,-2.967201423645019531e+01,-3.148660659790039062e+01,-3.095181846618652344e+01,-3.219689941406250000e+01,-2.864288330078125000e+01,-2.887075233459472656e+01,-2.582898330688476562e+01,-2.430029678344726562e+01,-2.030622673034667969e+01,-2.035939598083496094e+01,-1.932678031921386719e+01,-2.062100219726562500e+01,-2.001339340209960938e+01,-2.142103576660156250e+01,-2.212565231323242188e+01,-2.290322113037109375e+01,-2.431884002685546875e+01,-2.697327804565429688e+01,-3.207447052001953125e+01,-3.589824295043945312e+01,-4.167976760864257812e+01,-4.474738311767578125e+01,-5.216654968261718750e+01,-5.496448516845703125e+01,-6.000615692138671875e+01,-6.101441192626953125e+01,-6.540158081054687500e+01,-6.621704101562500000e+01,-6.847750091552734375e+01,-6.831406402587890625e+01,-6.960048675537109375e+01,-7.412408447265625000e+01,-7.141522216796875000e+01,-7.538328552246093750e+01,-6.356805419921875000e+01,-6.714353942871093750e+01,-5.460663223266601562e+01,-6.373757934570312500e+01,-6.512300109863281250e+01,-6.925846862792968750e+01,-7.126354217529296875e+01,-7.345778656005859375e+01,-7.461781311035156250e+01,-7.553588104248046875e+01,-7.596502685546875000e+01,-7.561259460449218750e+01,-7.632720947265625000e+01,-7.631529235839843750e+01,-7.626563262939453125e+01,-7.773511505126953125e+01,-7.868040466308593750e+01,-7.823754882812500000e+01,-7.776828002929687500e+01,-7.917091369628906250e+01,-7.978712463378906250e+01
-7.999351501464843750e+01,-7.997475433349609375e+01,-7.998577880859375000e+01,-7.985328674316406250e+01,-7.945381927490234375e+01,-7.984530639648437500e+01,-7.594312286376953125e+01,-7.770673370361328125e+01,-7.685376739501953125e+01,-7.822001647949218750e+01,-7.828952026367187500e+01,-7.902984619140625000e+01,-7.902722167968750000e+01,-7.933248901367187500e+01,-7.894522857666015625e+01,-7.921412658691406250e+01,-7.888392639160156250e+01,-7.929208374023437500e+01,-7.906407165527343750e+01,-7.937583923339843750e+01,-7.949296569824218750e+01,-7.970922088623046875e+01,-7.965586853027343750e+01,-7.972394561767578125e+01,-7.968506622314453125e+01,-7.978250122070312500e+01,-7.971852874755859375e+01,-7.980181121826171875e+01,-7.976018524169921875e+01,-7.985905456542968750e+01,-7.982501983642578125e+01,-7.985891723632812500e+01,-7.976985168457031250e+01,-7.974984741210937500e+01,-7.922000122070312500e+01,-7.798843383789062500e+01,-7.279995727539062500e+01,-6.600030517578125000e+01,-5.522624969482421875e+01,-4.628913879394531250e+01,-4.494276428222656250e+01,-4.444450759887695312e+01,-4.710889434814453125e+01,-5.052490234375000000e+01,-5.461602020263671875e+01,-4.759988021850585938e+01,-3.975221252441406250e+01,-4.259505462646484375e+01,-4.155798721313476562e+01,-3.518949890136718750e+01,-3.157712554931640625e+01,-3.375934219360351562e+01,-3.694489669799804688e+01,-3.520341491699218750e+01,-3.532406234741210938e+01,-3.493388748168945312e+01,-3.469767379760742188e+01,-3.220111465454101562e+01,-3.219117736816406250e+01,-2.970819091796875000e+01,-2.838129043579101562e+01,-2.533011436462402344e+01,-2.466224670410156250e+01,-2.237020683288574219e+01,-2.138859176635742188e+01,-1.993499565124511719e+01,-2.020505714416503906e+01,-2.026625442504882812e+01,-2.075342750549316406e+01,-2.091451263427734375e+01,-2.292399597167968750e+01,-2.503308677673339844e+01,-2.600303268432617188e+01,-2.892205619812011719e+01,-3.130028533935546875e+01,-3.746831512451171875e+01,-3.930909729003906250e+01,-4.580826187133789062e+01,-4.730439758300781250e+01,-5.537140274047851562e+01,-5.508496093750000000e+01,-6.209352874755859375e+01,-6.208646011352539062e+01,-6.827684020996093750e+01,-6.866232299804687500e+01,-7.146665191650390625e+01,-7.252256774902343750e+01,-7.238946533203125000e+01,-7.594635009765625000e+01,-7.289505004882812500e+01,-7.666260528564453125e+01,-6.754962921142578125e+01,-6.896142578125000000e+01,-5.805430603027343750e+01,-6.270730590820312500e+01,-6.488172912597656250e+01,-6.603063964843750000e+01,-6.841506195068359375e+01,-6.838579559326171875e+01,-7.112717437744140625e+01,-7.291569519042968750e+01,-7.478102111816406250e+01,-7.552363586425781250e+01,-7.647941589355468750e+01,-7.784426879882812500e+01,-7.822669982910156250e+01,-7.919762420654296875e+01,-7.955810546875000000e+01,-7.966960144042968750e+01,-7.973986816406250000e+01,-7.987820434570312500e+01,-7.998524475097656250e+01
-7.998097991943359375e+01,-7.985559082031250000e+01,-7.863349914550781250e+01,-7.984169006347656250e+01,-7.964526367187500000e+01,-7.973571777343750000e+01,-7.771978759765625000e+01,-7.878525543212890625e+01,-7.749279785156250000e+01,-7.916418457031250000e+01,-7.894924926757812500e+01,-7.939067077636718750e+01,-7.925150299072265625e+01,-7.966568756103515625e+01,-7.954348754882812500e+01,-7.964656066894531250e+01,-7.945466613769531250e+01,-7.968463134765625000e+01,-7.961356353759765625e+01,-7.973616027832031250e+01,-7.971337890625000000e+01,-7.983509826660156250e+01,-7.978263854980468750e+01,-7.982771301269531250e+01,-7.976962280273437500e+01,-7.984223937988281250e+01,-7.975281524658203125e+01,-7.981340789794921875e+01,-7.972744750976562500e+01,-7.982788085937500000e+01,-7.975389099121093750e+01,-7.977063751220703125e+01,-7.956900024414062500e+01,-7.957385253906250000e+01,-7.864762115478515625e+01,-7.772300720214843750e+01,-7.231266784667968750e+01,-6.795304870605468750e+01,-5.834228515625000000e+01,-5.042858886718750000e+01,-4.792980575561523438e+01,-4.895188903808593750e+01,-5.064965820312500000e+01,-5.151443481445312500e+01,-5.286925888061523438e+01,-4.548682403564453125e+01,-3.745465087890625000e+01,-4.304988098144531250e+01,-4.324778366088867188e+01,-3.514274597167968750e+01,-3.302081680297851562e+01,-3.525689315795898438e+01,-3.594171142578125000e+01,-3.180086135864257812e+01,-3.109104347229003906e+01,-3.028266525268554688e+01,-2.798227691650390625e+01,-2.463709068298339844e+01,-2.371738052368164062e+01,-2.218220901489257812e+01,-1.986432838439941406e+01,-1.859433364868164062e+01,-1.833449363708496094e+01,-1.924605369567871094e+01,-1.793967437744140625e+01,-1.843216705322265625e+01,-1.817252349853515625e+01,-1.981991195678710938e+01,-1.984926414489746094e+01,-2.149831581115722656e+01,-2.234571075439453125e+01,-2.709371948242187500e+01,-2.808378982543945312e+01,-3.398593139648437500e+01,-3.630906677246093750e+01,-4.437726593017578125e+01,-4.686961364746093750e+01,-5.296343994140625000e+01,-5.283710861206054688e+01,-5.878869628906250000e+01,-5.794075012207031250e+01,-6.323427581787109375e+01,-6.203862762451171875e+01,-6.772841644287109375e+01,-6.782414245605468750e+01,-7.219850921630859375e+01,-7.169139862060546875e+01,-7.295029449462890625e+01,-7.542040252685546875e+01,-7.359082031250000000e+01,-7.552666473388671875e+01,-6.668658447265625000e+01,-6.894940185546875000e+01,-5.875999069213867188e+01,-6.367920303344726562e+01,-6.344153594970703125e+01,-6.267044448852539062e+01,-6.372676086425781250e+01,-6.340182876586914062e+01,-6.607434082031250000e+01,-6.814660644531250000e+01,-7.224249267578125000e+01,-7.346271514892578125e+01,-7.545674133300781250e+01,-7.761405944824218750e+01,-7.836216735839843750e+01,-7.922198486328125000e+01,-7.940331268310546875e+01,-7.957040405273437500e+01,-7.950267028808593750e+01,-7.959066772460937500e+01,-7.995304870605468750e+01
-7.892535400390625000e+01,-7.997870635986328125e+01,-7.795996093750000000e+01,-7.948780822753906250e+01,-7.996913146972656250e+01,-7.950246429443359375e+01,-7.996685791015625000e+01,-7.989347839355468750e+01,-7.996078491210937500e+01,-7.995758056640625000e+01,-7.992100524902343750e+01,-7.987715911865234375e+01,-7.986510467529296875e+01,-7.984098815917968750e+01,-7.983972930908203125e+01,-7.981087493896484375e+01,-7.984841156005859375e+01,-7.988917541503906250e+01,-7.989397430419921875e+01,-7.986755371093750000e+01,-7.987296295166015625e+01,-7.990618896484375000e+01,-7.990182495117187500e+01,-7.987956237792968750e+01,-7.986533355712890625e+01,-7.986772155761718750e+01,-7.983154296875000000e+01,-7.974118804931640625e+01,-7.966551208496093750e+01,-7.965557861328125000e+01,-7.956417846679687500e+01,-7.942398834228515625e+01,-7.917254638671875000e+01,-7.927577209472656250e+01,-7.873010253906250000e+01,-7.755526733398437500e+01,-7.415750885009765625e+01,-6.994429016113281250e+01,-6.070751571655273438e+01,-5.081249237060546875e+01,-4.723905563354492188e+01,-4.394142913818359375e+01,-4.382386779785156250e+01,-4.305087280273437500e+01,-4.595041275024414062e+01,-3.840928268432617188e+01,-3.184012031555175781e+01,-3.645460128784179688e+01,-3.919136428833007812e+01,-3.443045425415039062e+01,-3.052589797973632812e+01,-3.283580017089843750e+01,-3.136379623413085938e+01,-2.806805801391601562e+01,-2.496201324462890625e+01,-2.444654083251953125e+01,-2.182619094848632812e+01,-2.108979034423828125e+01,-1.851808929443359375e+01,-1.930356216430664062e+01,-1.711596488952636719e+01,-1.825578689575195312e+01,-1.639478302001953125e+01,-1.927973556518554688e+01,-1.702026367187500000e+01,-1.909126663208007812e+01,-1.730299186706542969e+01,-2.039226913452148438e+01,-1.957624053955078125e+01,-2.244573593139648438e+01,-2.290683555603027344e+01,-2.918397331237792969e+01,-3.010665130615234375e+01,-3.721551895141601562e+01,-3.993448638916015625e+01,-4.816519927978515625e+01,-5.036980819702148438e+01,-5.532643890380859375e+01,-5.668072509765625000e+01,-6.051674652099609375e+01,-6.009965896606445312e+01,-6.364128112792968750e+01,-6.294777679443359375e+01,-6.597087860107421875e+01,-6.694895172119140625e+01,-6.993289947509765625e+01,-7.103573608398437500e+01,-6.919637298583984375e+01,-7.110594940185546875e+01,-6.714429473876953125e+01,-7.160206604003906250e+01,-6.003604888916015625e+01,-6.620553588867187500e+01,-5.784372711181640625e+01,-6.147109222412109375e+01,-6.083492660522460938e+01,-6.269769287109375000e+01,-6.601325988769531250e+01,-6.683830261230468750e+01,-7.027263641357421875e+01,-7.056413269042968750e+01,-7.306225585937500000e+01,-7.437185668945312500e+01,-7.579054260253906250e+01,-7.787466430664062500e+01,-7.844184112548828125e+01,-7.917904663085937500e+01,-7.935586547851562500e+01,-7.968035125732421875e+01,-7.950712585449218750e+01,-7.944307708740234375e+01,-7.992976379394531250e+01
-7.998664855957031250e+01,-7.999696350097656250e+01,-7.944219207763671875e+01,-7.871345520019531250e+01,-7.862074279785156250e+01,-7.992419433593750000e+01,-7.984348297119140625e+01,-7.987914276123046875e+01,-7.992068481445312500e+01,-7.991071319580078125e+01,-7.988623046875000000e+01,-7.982836151123046875e+01,-7.968984985351562500e+01,-7.970729064941406250e+01,-7.966827392578125000e+01,-7.976665496826171875e+01,-7.974522399902343750e+01,-7.978364562988281250e+01,-7.975659179687500000e+01,-7.976982116699218750e+01,-7.980903625488281250e+01,-7.986970520019531250e+01,-7.986101531982421875e+01,-7.985408020019531250e+01,-7.983358001708984375e+01,-7.986085510253906250e+01,-7.982949066162109375e+01,-7.982305908203125000e+01,-7.976983642578125000e+01,-7.977693939208984375e+01,-7.968440246582031250e+01,-7.960169982910156250e+01,-7.927272033691406250e+01,-7.933074951171875000e+01,-7.856434631347656250e+01,-7.764500427246093750e+01,-7.433657073974609375e+01,-7.085967254638671875e+01,-6.348207855224609375e+01,-5.278079986572265625e+01,-4.907675933837890625e+01,-4.052389526367187500e+01,-4.181947708129882812e+01,-3.579723358154296875e+01,-4.154249954223632812e+01,-3.603732681274414062e+01,-3.265027618408203125e+01,-3.799993133544921875e+01,-4.296887207031250000e+01,-3.950284957885742188e+01,-3.611117553710937500e+01,-3.469956207275390625e+01,-3.320621109008789062e+01,-2.765865516662597656e+01,-2.603008270263671875e+01,-2.398542022705078125e+01,-2.299811363220214844e+01,-2.174337577819824219e+01,-2.108327674865722656e+01,-2.214540100097656250e+01,-2.134254264831542969e+01,-2.163525009155273438e+01,-2.216381454467773438e+01,-2.292564773559570312e+01,-2.273647499084472656e+01,-2.217765998840332031e+01,-2.299438095092773438e+01,-2.300016593933105469e+01,-2.313881683349609375e+01,-2.317101860046386719e+01,-2.564850616455078125e+01,-2.766994857788085938e+01,-2.750994491577148438e+01,-3.262327575683593750e+01,-3.610204696655273438e+01,-4.433944320678710938e+01,-4.868125152587890625e+01,-5.394897079467773438e+01,-5.851880264282226562e+01,-6.123973846435546875e+01,-6.307954025268554688e+01,-6.448545074462890625e+01,-6.560932922363281250e+01,-6.733558654785156250e+01,-6.736032104492187500e+01,-6.764726257324218750e+01,-6.862658691406250000e+01,-6.708842468261718750e+01,-7.207597351074218750e+01,-6.810001373291015625e+01,-7.359370422363281250e+01,-6.128808593750000000e+01,-6.511918640136718750e+01,-5.517238616943359375e+01,-6.285513305664062500e+01,-6.267913818359375000e+01,-6.634463500976562500e+01,-6.876454162597656250e+01,-7.157109069824218750e+01,-7.275271606445312500e+01,-7.411189270019531250e+01,-7.534612274169921875e+01,-7.659257507324218750e+01,-7.683287048339843750e+01,-7.766810607910156250e+01,-7.842823791503906250e+01,-7.903040313720703125e+01,-7.920266723632812500e+01,-7.952406311035156250e+01,-7.892707061767578125e+01,-7.933372497558593750e+01,-7.992810821533203125e+01
-7.999250793457031250e+01,-7.991821289062500000e+01,-7.973385620117187500e+01,-7.909004211425781250e+01,-7.920208740234375000e+01,-7.965724182128906250e+01,-7.982530212402343750e+01,-7.976963806152343750e+01,-7.983670806884765625e+01,-7.977774810791015625e+01,-7.966012573242187500e+01,-7.958439636230468750e+01,-7.923667144775390625e+01,-7.928120422363281250e+01,-7.919419097900390625e+01,-7.933473968505859375e+01,-7.943803405761718750e+01,-7.952617645263671875e+01,-7.945515441894531250e+01,-7.941120910644531250e+01,-7.957029724121093750e+01,-7.969978332519531250e+01,-7.972375488281250000e+01,-7.971028137207031250e+01,-7.971408081054687500e+01,-7.975492095947265625e+01,-7.972630310058593750e+01,-7.971076965332031250e+01,-7.970088195800781250e+01,-7.973683166503906250e+01,-7.968572998046875000e+01,-7.960034179687500000e+01,-7.945478820800781250e+01,-7.932873535156250000e+01,-7.882766723632812500e+01,-7.783275604248046875e+01,-7.583287048339843750e+01,-7.286414337158203125e+01,-6.893716430664062500e+01,-6.142743682861328125e+01,-5.787073898315429688e+01,-4.986520385742187500e+01,-4.819997406005859375e+01,-4.622230148315429688e+01,-5.132264709472656250e+01,-4.460407257080078125e+01,-3.999812316894531250e+01,-4.278224945068359375e+01,-4.662527465820312500e+01,-4.037480163574218750e+01,-4.051390075683593750e+01,-3.666415405273437500e+01,-3.585173034667968750e+01,-3.104357528686523438e+01,-3.231518936157226562e+01,-3.021101570129394531e+01,-3.048929977416992188e+01,-2.990687942504882812e+01,-3.167419815063476562e+01,-3.009299087524414062e+01,-3.051155090332031250e+01,-2.815382385253906250e+01,-2.996104049682617188e+01,-2.637836456298828125e+01,-2.721772766113281250e+01,-2.392237472534179688e+01,-2.611562156677246094e+01,-2.309330177307128906e+01,-2.477213287353515625e+01,-2.435557937622070312e+01,-2.787545394897460938e+01,-2.908425521850585938e+01,-2.976319503784179688e+01,-3.476469421386718750e+01,-3.815685272216796875e+01,-4.508845520019531250e+01,-4.819258499145507812e+01,-5.365554428100585938e+01,-5.797914123535156250e+01,-6.190211486816406250e+01,-6.277466583251953125e+01,-6.626341247558593750e+01,-6.685925292968750000e+01,-7.021903991699218750e+01,-6.985379028320312500e+01,-7.101831054687500000e+01,-7.160578918457031250e+01,-6.878323364257812500e+01,-7.378958129882812500e+01,-6.794145202636718750e+01,-7.392614746093750000e+01,-6.091477203369140625e+01,-6.526843261718750000e+01,-5.219855117797851562e+01,-6.101370620727539062e+01,-6.217953872680664062e+01,-6.655795288085937500e+01,-7.037034606933593750e+01,-7.211643981933593750e+01,-7.369765472412109375e+01,-7.429733276367187500e+01,-7.519161987304687500e+01,-7.590814971923828125e+01,-7.683538818359375000e+01,-7.771897125244140625e+01,-7.774030303955078125e+01,-7.847250366210937500e+01,-7.905647277832031250e+01,-7.897986602783203125e+01,-7.732922363281250000e+01,-7.898149108886718750e+01,-7.991397094726562500e+01
-7.999878692626953125e+01,-7.996362304687500000e+01,-7.996223449707031250e+01,-7.978833007812500000e+01,-7.996862792968750000e+01,-7.943520355224609375e+01,-7.991158294677734375e+01,-7.976372528076171875e+01,-7.993336486816406250e+01,-7.992378234863281250e+01,-7.987535858154296875e+01,-7.984146118164062500e+01,-7.980415344238281250e+01,-7.981646728515625000e+01,-7.974853515625000000e+01,-7.973785400390625000e+01,-7.979254150390625000e+01,-7.986437988281250000e+01,-7.980394744873046875e+01,-7.976937866210937500e+01,-7.980667114257812500e+01,-7.988471984863281250e+01,-7.986790466308593750e+01,-7.985756683349609375e+01,-7.984822845458984375e+01,-7.987577819824218750e+01,-7.981826019287109375e+01,-7.981603240966796875e+01,-7.980017852783203125e+01,-7.985789489746093750e+01,-7.981629943847656250e+01,-7.979756927490234375e+01,-7.973857116699218750e+01,-7.975467681884765625e+01,-7.936155700683593750e+01,-7.880828857421875000e+01,-7.640079498291015625e+01,-7.380664062500000000e+01,-6.764253234863281250e+01,-6.302264404296875000e+01,-5.977177810668945312e+01,-5.762972259521484375e+01,-5.411652374267578125e+01,-5.419004821777343750e+01,-5.544736862182617188e+01,-4.871839141845703125e+01,-4.213598632812500000e+01,-4.632435989379882812e+01,-4.720511245727539062e+01,-3.948067092895507812e+01,-3.682150268554687500e+01,-3.528835678100585938e+01,-3.527142715454101562e+01,-3.017624282836914062e+01,-3.035736274719238281e+01,-2.904070091247558594e+01,-2.973906707763671875e+01,-2.711257934570312500e+01,-2.783302307128906250e+01,-2.566143798828125000e+01,-2.566027450561523438e+01,-2.309369087219238281e+01,-2.439199256896972656e+01,-2.263504219055175781e+01,-2.351380348205566406e+01,-2.229397964477539062e+01,-2.456279945373535156e+01,-2.465627479553222656e+01,-2.650492477416992188e+01,-2.716461944580078125e+01,-3.025640106201171875e+01,-3.289126586914062500e+01,-3.271207046508789062e+01,-3.999821090698242188e+01,-4.125869369506835938e+01,-4.839196014404296875e+01,-4.994379806518554688e+01,-5.726096343994140625e+01,-5.848737335205078125e+01,-6.394776916503906250e+01,-6.420008850097656250e+01,-6.928155517578125000e+01,-6.873503875732421875e+01,-7.258609008789062500e+01,-7.188043212890625000e+01,-7.495043182373046875e+01,-7.513142395019531250e+01,-7.409530639648437500e+01,-7.673595428466796875e+01,-7.183183288574218750e+01,-7.585334777832031250e+01,-6.146509933471679688e+01,-6.614090728759765625e+01,-5.503607177734375000e+01,-6.254631805419921875e+01,-6.426391601562500000e+01,-6.791751098632812500e+01,-7.136152648925781250e+01,-7.079692077636718750e+01,-7.250788879394531250e+01,-7.310184478759765625e+01,-7.462054443359375000e+01,-7.615598297119140625e+01,-7.714550781250000000e+01,-7.864654541015625000e+01,-7.885613250732421875e+01,-7.945503997802734375e+01,-7.962472534179687500e+01,-7.956097412109375000e+01,-7.927682495117187500e+01,-7.960837554931640625e+01,-7.998218536376953125e+01
-7.998294067382812500e+01,-7.997991943359375000e+01,-7.978845214843750000e+01,-7.971569824218750000e+01,-7.955194854736328125e+01,-7.969338989257812500e+01,-7.984378051757812500e+01,-7.951296997070312500e+01,-7.984364318847656250e+01,-7.974871063232421875e+01,-7.968496704101562500e+01,-7.948542785644531250e+01,-7.947473907470703125e+01,-7.935997772216796875e+01,-7.927235412597656250e+01,-7.907913208007812500e+01,-7.923661804199218750e+01,-7.929728698730468750e+01,-7.915393066406250000e+01,-7.887476348876953125e+01,-7.916315460205078125e+01,-7.929209899902343750e+01,-7.937191772460937500e+01,-7.920985412597656250e+01,-7.932585144042968750e+01,-7.933699035644531250e+01,-7.932131195068359375e+01,-7.914789581298828125e+01,-7.928974914550781250e+01,-7.945065307617187500e+01,-7.951628112792968750e+01,-7.947602844238281250e+01,-7.954259490966796875e+01,-7.957286071777343750e+01,-7.926956939697265625e+01,-7.845093536376953125e+01,-7.677413940429687500e+01,-7.387269592285156250e+01,-6.934331512451171875e+01,-6.138296508789062500e+01,-5.969255065917968750e+01,-5.357002258300781250e+01,-5.263222122192382812e+01,-5.108864974975585938e+01,-5.130995178222656250e+01,-4.296848297119140625e+01,-3.841484832763671875e+01,-4.231321334838867188e+01,-4.459250259399414062e+01,-3.831764984130859375e+01,-3.607309341430664062e+01,-3.526351928710937500e+01,-3.448369598388671875e+01,-2.996928596496582031e+01,-2.789837646484375000e+01,-2.602921676635742188e+01,-2.411238288879394531e+01,-2.252768135070800781e+01,-2.148892593383789062e+01,-2.101467132568359375e+01,-2.016049957275390625e+01,-1.978677368164062500e+01,-1.986575698852539062e+01,-2.135548019409179688e+01,-2.031015205383300781e+01,-2.161386871337890625e+01,-2.065031051635742188e+01,-2.484066009521484375e+01,-2.285277938842773438e+01,-2.799542236328125000e+01,-2.620247840881347656e+01,-3.298278808593750000e+01,-3.054939079284667969e+01,-3.899483108520507812e+01,-3.879866409301757812e+01,-4.649156188964843750e+01,-4.918950653076171875e+01,-5.476125335693359375e+01,-5.898007202148437500e+01,-6.091778182983398438e+01,-6.385540390014648438e+01,-6.637413024902343750e+01,-6.839537048339843750e+01,-7.015104675292968750e+01,-7.231828308105468750e+01,-7.342156982421875000e+01,-7.551320648193359375e+01,-7.394740295410156250e+01,-7.689344787597656250e+01,-7.211046600341796875e+01,-7.500839996337890625e+01,-6.083424377441406250e+01,-6.319681167602539062e+01,-5.251373291015625000e+01,-6.003387451171875000e+01,-6.382872009277343750e+01,-6.801634979248046875e+01,-7.098455047607421875e+01,-7.169227600097656250e+01,-7.364273071289062500e+01,-7.426519775390625000e+01,-7.597237396240234375e+01,-7.684271240234375000e+01,-7.770889282226562500e+01,-7.854868316650390625e+01,-7.813265991210937500e+01,-7.913560485839843750e+01,-7.921194458007812500e+01,-7.901962280273437500e+01,-7.821179199218750000e+01,-7.894473266601562500e+01,-7.984962463378906250e+01
-7.999704742431640625e+01,-7.999873352050781250e+01,-7.996415710449218750e+01,-7.976801300048828125e+01,-7.998857116699218750e+01,-7.956584167480468750e+01,-7.997116088867187500e+01,-7.984758758544921875e+01,-7.998040008544921875e+01,-7.995263671875000000e+01,-7.995298767089843750e+01,-7.986842346191406250e+01,-7.988804626464843750e+01,-7.976843261718750000e+01,-7.976358032226562500e+01,-7.951924133300781250e+01,-7.968991851806640625e+01,-7.964799499511718750e+01,-7.966474914550781250e+01,-7.936511230468750000e+01,-7.954054260253906250e+01,-7.946301269531250000e+01,-7.960270690917968750e+01,-7.932821655273437500e+01,-7.946485900878906250e+01,-7.928047943115234375e+01,-7.932040405273437500e+01,-7.885203552246093750e+01,-7.896856689453125000e+01,-7.889752197265625000e+01,-7.923725891113281250e+01,-7.908180999755859375e+01,-7.926271057128906250e+01,-7.936666870117187500e+01,-7.933240509033203125e+01,-7.867098999023437500e+01,-7.767405700683593750e+01,-7.462722015380859375e+01,-6.970592498779296875e+01,-5.913249969482421875e+01,-5.550968933105468750e+01,-4.580863952636718750e+01,-4.738831329345703125e+01,-4.482481765747070312e+01,-4.757756423950195312e+01,-4.040540313720703125e+01,-3.683249282836914062e+01,-4.188478088378906250e+01,-4.366333770751953125e+01,-3.707332992553710938e+01,-3.661077880859375000e+01,-3.461867141723632812e+01,-3.369314193725585938e+01,-2.760494613647460938e+01,-2.540449142456054688e+01,-2.304526710510253906e+01,-2.127826499938964844e+01,-1.957993507385253906e+01,-1.869499206542968750e+01,-1.937687110900878906e+01,-1.949490547180175781e+01,-1.954671096801757812e+01,-2.111436653137207031e+01,-2.328323936462402344e+01,-2.399869728088378906e+01,-2.553970909118652344e+01,-2.521130561828613281e+01,-2.880290222167968750e+01,-2.686965560913085938e+01,-3.054933166503906250e+01,-2.904278564453125000e+01,-3.495031356811523438e+01,-3.264397430419921875e+01,-3.964102554321289062e+01,-4.095060729980468750e+01,-4.923171997070312500e+01,-5.158870697021484375e+01,-5.883727264404296875e+01,-6.111856079101562500e+01,-6.508279418945312500e+01,-6.525495910644531250e+01,-6.810163116455078125e+01,-6.890150451660156250e+01,-7.065953826904296875e+01,-7.152717590332031250e+01,-7.259352874755859375e+01,-7.417915344238281250e+01,-7.234834289550781250e+01,-7.634357452392578125e+01,-7.327350616455078125e+01,-7.676326751708984375e+01,-6.641551208496093750e+01,-6.707586669921875000e+01,-5.854078674316406250e+01,-6.414076232910156250e+01,-6.914721679687500000e+01,-7.266670989990234375e+01,-7.591975402832031250e+01,-7.668096160888671875e+01,-7.777088928222656250e+01,-7.831359863281250000e+01,-7.877383422851562500e+01,-7.892614746093750000e+01,-7.907507324218750000e+01,-7.942677307128906250e+01,-7.942649841308593750e+01,-7.964012145996093750e+01,-7.961685180664062500e+01,-7.957702636718750000e+01,-7.909419250488281250e+01,-7.957241058349609375e+01,-7.996148681640625000e+01
-7.999850463867187500e+01,-7.986680603027343750e+01,-7.893907165527343750e+01,-7.918499755859375000e+01,-7.983979797363281250e+01,-7.985287475585937500e+01,-7.995062255859375000e+01,-7.978361511230468750e+01,-7.993243408203125000e+01,-7.990656280517578125e+01,-7.987528991699218750e+01,-7.969068145751953125e+01,-7.969535827636718750e+01,-7.955169677734375000e+01,-7.966398620605468750e+01,-7.946896362304687500e+01,-7.970252990722656250e+01,-7.965888214111328125e+01,-7.972373962402343750e+01,-7.951699829101562500e+01,-7.970057678222656250e+01,-7.965739440917968750e+01,-7.973834228515625000e+01,-7.958042907714843750e+01,-7.967739868164062500e+01,-7.960247802734375000e+01,-7.958872985839843750e+01,-7.932633972167968750e+01,-7.935294342041015625e+01,-7.923624420166015625e+01,-7.916887664794921875e+01,-7.873027038574218750e+01,-7.871464538574218750e+01,-7.860791778564453125e+01,-7.825750732421875000e+01,-7.722282409667968750e+01,-7.544723510742187500e+01,-7.128842926025390625e+01,-6.350509643554687500e+01,-5.601026535034179688e+01,-5.058721923828125000e+01,-4.871656036376953125e+01,-4.804840469360351562e+01,-4.898750305175781250e+01,-4.858043670654296875e+01,-3.930332565307617188e+01,-3.557366180419921875e+01,-4.321692657470703125e+01,-4.749411010742187500e+01,-4.190958023071289062e+01,-3.963413238525390625e+01,-3.660578155517578125e+01,-3.193611335754394531e+01,-2.536772918701171875e+01,-2.355341720581054688e+01,-2.182035064697265625e+01,-2.093621444702148438e+01,-2.168489837646484375e+01,-2.322656250000000000e+01,-2.491485023498535156e+01,-2.707344055175781250e+01,-2.814859008789062500e+01,-3.201278686523437500e+01,-3.301362609863281250e+01,-3.584601211547851562e+01,-3.517824554443359375e+01,-3.691489028930664062e+01,-3.515045166015625000e+01,-3.418520355224609375e+01,-3.322350311279296875e+01,-3.313537979125976562e+01,-3.531778717041015625e+01,-3.256406784057617188e+01,-4.054473114013671875e+01,-4.124686813354492188e+01,-5.292277526855468750e+01,-5.580534744262695312e+01,-6.327101516723632812e+01,-6.574998474121093750e+01,-6.851882934570312500e+01,-7.006916046142578125e+01,-7.137995147705078125e+01,-7.319322204589843750e+01,-7.335314941406250000e+01,-7.451716613769531250e+01,-7.412904357910156250e+01,-7.582662963867187500e+01,-7.311868286132812500e+01,-7.650098419189453125e+01,-7.282050323486328125e+01,-7.612623596191406250e+01,-6.466397094726562500e+01,-6.576896667480468750e+01,-5.370717239379882812e+01,-6.330119323730468750e+01,-6.714346313476562500e+01,-7.234855651855468750e+01,-7.539476776123046875e+01,-7.675558471679687500e+01,-7.753956604003906250e+01,-7.838079071044921875e+01,-7.881665039062500000e+01,-7.925601196289062500e+01,-7.937973022460937500e+01,-7.966426086425781250e+01,-7.974095153808593750e+01,-7.985884857177734375e+01,-7.986117553710937500e+01,-7.976416015625000000e+01,-7.929624938964843750e+01,-7.932690429687500000e+01,-7.985054016113281250e+01
-7.966856384277343750e+01,-7.979434204101562500e+01,-7.989871215820312500e+01,-7.993695831298828125e+01,-7.976776885986328125e+01,-7.271003723144531250e+01,-7.844359588623046875e+01,-7.234586334228515625e+01,-7.924748229980468750e+01,-7.842888641357421875e+01,-7.901469421386718750e+01,-7.884158325195312500e+01,-7.924324798583984375e+01,-7.909057617187500000e+01,-7.915396881103515625e+01,-7.855438995361328125e+01,-7.905107116699218750e+01,-7.896424865722656250e+01,-7.895733642578125000e+01,-7.856612396240234375e+01,-7.894404602050781250e+01,-7.903425598144531250e+01,-7.925083923339843750e+01,-7.908343505859375000e+01,-7.931239318847656250e+01,-7.920603942871093750e+01,-7.934246063232421875e+01,-7.908750152587890625e+01,-7.932324218750000000e+01,-7.925947570800781250e+01,-7.959750366210937500e+01,-7.958334350585937500e+01,-7.973802185058593750e+01,-7.970922851562500000e+01,-7.968882751464843750e+01,-7.921541595458984375e+01,-7.811271667480468750e+01,-7.563563537597656250e+01,-6.907102203369140625e+01,-5.983306503295898438e+01,-5.136219787597656250e+01,-4.505994033813476562e+01,-4.526588439941406250e+01,-4.655764389038085938e+01,-4.950480651855468750e+01,-4.457876586914062500e+01,-3.982522964477539062e+01,-4.341342544555664062e+01,-4.332949066162109375e+01,-3.683626174926757812e+01,-3.163655853271484375e+01,-3.224139404296875000e+01,-3.061026382446289062e+01,-2.889534759521484375e+01,-2.764132308959960938e+01,-2.996537780761718750e+01,-2.945122146606445312e+01,-2.957648086547851562e+01,-3.014771270751953125e+01,-3.060022354125976562e+01,-3.309095382690429688e+01,-3.171442794799804688e+01,-3.511506271362304688e+01,-3.474212265014648438e+01,-3.775081634521484375e+01,-3.576825332641601562e+01,-3.706464385986328125e+01,-3.582091140747070312e+01,-3.567390060424804688e+01,-3.533597564697265625e+01,-3.530035400390625000e+01,-3.740881729125976562e+01,-3.598585510253906250e+01,-4.128562927246093750e+01,-4.305270767211914062e+01,-4.785097503662109375e+01,-5.332312774658203125e+01,-5.641107940673828125e+01,-6.249107742309570312e+01,-6.434553527832031250e+01,-6.785502624511718750e+01,-7.023730468750000000e+01,-7.224494934082031250e+01,-7.306994628906250000e+01,-7.435851287841796875e+01,-7.449520874023437500e+01,-7.612294006347656250e+01,-7.482801818847656250e+01,-7.689331054687500000e+01,-7.302667999267578125e+01,-7.546617126464843750e+01,-6.098701477050781250e+01,-6.342234039306640625e+01,-4.949899291992187500e+01,-6.215798950195312500e+01,-6.360753631591796875e+01,-7.117877960205078125e+01,-7.309718322753906250e+01,-7.484843444824218750e+01,-7.549239349365234375e+01,-7.682144165039062500e+01,-7.689859008789062500e+01,-7.772190856933593750e+01,-7.731886291503906250e+01,-7.868413543701171875e+01,-7.850685119628906250e+01,-7.935446166992187500e+01,-7.872212219238281250e+01,-7.908215332031250000e+01,-7.815544128417968750e+01,-7.918733215332031250e+01,-7.959721374511718750e+01
-7.999819183349609375e+01,-7.982180786132812500e+01,-7.976927185058593750e+01,-7.933487701416015625e+01,-7.914788055419921875e+01,-7.874526977539062500e+01,-7.277364349365234375e+01,-7.858283996582031250e+01,-7.863275146484375000e+01,-7.905221557617187500e+01,-7.890005493164062500e+01,-7.905117797851562500e+01,-7.909408569335937500e+01,-7.931091308593750000e+01,-7.911331939697265625e+01,-7.908489227294921875e+01,-7.907199096679687500e+01,-7.898098754882812500e+01,-7.867488098144531250e+01,-7.857711791992187500e+01,-7.889834594726562500e+01,-7.896640014648437500e+01,-7.880406188964843750e+01,-7.877093505859375000e+01,-7.890511322021484375e+01,-7.897769165039062500e+01,-7.871417236328125000e+01,-7.872633361816406250e+01,-7.871618652343750000e+01,-7.885314178466796875e+01,-7.877168273925781250e+01,-7.892327880859375000e+01,-7.912826538085937500e+01,-7.919668579101562500e+01,-7.897340393066406250e+01,-7.869700622558593750e+01,-7.797280120849609375e+01,-7.637736511230468750e+01,-7.171807861328125000e+01,-6.632294464111328125e+01,-5.679621887207031250e+01,-5.116585922241210938e+01,-4.853757095336914062e+01,-5.049035644531250000e+01,-5.206686401367187500e+01,-4.362713623046875000e+01,-3.848218154907226562e+01,-4.173392105102539062e+01,-4.401419830322265625e+01,-3.692538070678710938e+01,-3.251604461669921875e+01,-3.211143493652343750e+01,-3.029034423828125000e+01,-2.787585449218750000e+01,-2.681567955017089844e+01,-2.761244010925292969e+01,-2.677196884155273438e+01,-2.527796936035156250e+01,-2.589115333557128906e+01,-2.579890251159667969e+01,-2.636494827270507812e+01,-2.544450759887695312e+01,-2.848113822937011719e+01,-3.051908302307128906e+01,-3.258197784423828125e+01,-3.242699813842773438e+01,-3.349951171875000000e+01,-3.419088363647460938e+01,-3.243827819824218750e+01,-3.362364196777343750e+01,-3.171830749511718750e+01,-3.544182968139648438e+01,-3.106477355957031250e+01,-3.899668502807617188e+01,-4.005504608154296875e+01,-4.913110351562500000e+01,-5.259975814819335938e+01,-5.951821136474609375e+01,-6.343306732177734375e+01,-6.720991516113281250e+01,-6.904146575927734375e+01,-7.131397247314453125e+01,-7.298646545410156250e+01,-7.416575622558593750e+01,-7.497668457031250000e+01,-7.556417846679687500e+01,-7.650067901611328125e+01,-7.517807006835937500e+01,-7.662985229492187500e+01,-7.268771362304687500e+01,-7.419777679443359375e+01,-6.135213851928710938e+01,-6.365526199340820312e+01,-5.380340576171875000e+01,-6.449994659423828125e+01,-6.739302825927734375e+01,-7.208650207519531250e+01,-7.504660034179687500e+01,-7.608016967773437500e+01,-7.743145751953125000e+01,-7.842700958251953125e+01,-7.869786071777343750e+01,-7.903853607177734375e+01,-7.924282836914062500e+01,-7.949150085449218750e+01,-7.933811187744140625e+01,-7.961721801757812500e+01,-7.956591033935546875e+01,-7.947993469238281250e+01,-7.841615295410156250e+01,-7.935023498535156250e+01,-7.974259948730468750e+01
-7.999620056152343750e+01,-7.994850158691406250e+01,-7.957980346679687500e+01,-7.966833496093750000e+01,-7.996798706054687500e+01,-7.885429382324218750e+01,-7.991695404052734375e+01,-7.934878540039062500e+01,-7.990043640136718750e+01,-7.979365539550781250e+01,-7.981560516357421875e+01,-7.965690612792968750e+01,-7.977677917480468750e+01,-7.970159149169921875e+01,-7.980320739746093750e+01,-7.960610198974609375e+01,-7.973236083984375000e+01,-7.962808990478515625e+01,-7.960817718505859375e+01,-7.938494873046875000e+01,-7.954042053222656250e+01,-7.949606323242187500e+01,-7.950672912597656250e+01,-7.934793090820312500e+01,-7.945586395263671875e+01,-7.934684753417968750e+01,-7.916760253906250000e+01,-7.891009521484375000e+01,-7.886149597167968750e+01,-7.875228118896484375e+01,-7.859818267822265625e+01,-7.852253723144531250e+01,-7.877789306640625000e+01,-7.896810913085937500e+01,-7.878295898437500000e+01,-7.878221130371093750e+01,-7.748068237304687500e+01,-7.617370605468750000e+01,-6.826461791992187500e+01,-6.292501831054687500e+01,-5.084398269653320312e+01,-4.670497131347656250e+01,-4.244794082641601562e+01,-4.757427597045898438e+01,-4.738822937011718750e+01,-4.088412094116210938e+01,-3.447142410278320312e+01,-3.792541122436523438e+01,-3.898585891723632812e+01,-3.211017608642578125e+01,-2.886106491088867188e+01,-2.824900436401367188e+01,-2.634322166442871094e+01,-2.461278915405273438e+01,-2.321605682373046875e+01,-2.410079574584960938e+01,-2.354466247558593750e+01,-2.507096481323242188e+01,-2.544477462768554688e+01,-2.852511024475097656e+01,-2.997237777709960938e+01,-3.072145843505859375e+01,-3.340985107421875000e+01,-3.527053833007812500e+01,-3.679316329956054688e+01,-3.551707077026367188e+01,-3.570123291015625000e+01,-3.603323745727539062e+01,-3.484904479980468750e+01,-3.517436218261718750e+01,-3.366193389892578125e+01,-3.691833496093750000e+01,-3.402002716064453125e+01,-4.139572143554687500e+01,-4.179620742797851562e+01,-5.106692504882812500e+01,-5.484975051879882812e+01,-6.091357040405273438e+01,-6.411053466796875000e+01,-6.717445373535156250e+01,-6.871889495849609375e+01,-7.056602478027343750e+01,-7.254655456542968750e+01,-7.289390563964843750e+01,-7.475637817382812500e+01,-7.449090576171875000e+01,-7.609541320800781250e+01,-7.409554290771484375e+01,-7.652677154541015625e+01,-7.205279541015625000e+01,-7.446825408935546875e+01,-6.019660186767578125e+01,-6.392800140380859375e+01,-5.072101593017578125e+01,-6.321430587768554688e+01,-6.450729370117187500e+01,-7.090251159667968750e+01,-7.451804351806640625e+01,-7.635134124755859375e+01,-7.803987884521484375e+01,-7.879368591308593750e+01,-7.934927368164062500e+01,-7.951718139648437500e+01,-7.968983459472656250e+01,-7.976278686523437500e+01,-7.975482177734375000e+01,-7.978251647949218750e+01,-7.972844696044921875e+01,-7.965607452392578125e+01,-7.885195159912109375e+01,-7.941102600097656250e+01,-7.976269531250000000e+01
-7.958676910400390625e+01,-7.962788391113281250e+01,-7.926718139648437500e+01,-7.990920257568359375e+01,-7.864663696289062500e+01,-7.980773925781250000e+01,-7.951998138427734375e+01,-7.935536956787109375e+01,-7.930651855468750000e+01,-7.925253295898437500e+01,-7.892549133300781250e+01,-7.927796936035156250e+01,-7.910250091552734375e+01,-7.951179504394531250e+01,-7.934326934814453125e+01,-7.936231994628906250e+01,-7.919691467285156250e+01,-7.908415222167968750e+01,-7.849665832519531250e+01,-7.863056945800781250e+01,-7.867936706542968750e+01,-7.890402221679687500e+01,-7.861170959472656250e+01,-7.876098632812500000e+01,-7.869131469726562500e+01,-7.877789306640625000e+01,-7.821670532226562500e+01,-7.843753051757812500e+01,-7.823027801513671875e+01,-7.846420288085937500e+01,-7.827235412597656250e+01,-7.883891296386718750e+01,-7.890788269042968750e+01,-7.917761230468750000e+01,-7.885115814208984375e+01,-7.894441986083984375e+01,-7.756324768066406250e+01,-7.688612365722656250e+01,-7.067111968994140625e+01,-6.719863891601562500e+01,-5.463028335571289062e+01,-5.082773208618164062e+01,-4.374440002441406250e+01,-4.743724441528320312e+01,-4.758328628540039062e+01,-4.382397460937500000e+01,-3.822252273559570312e+01,-4.395831298828125000e+01,-4.416202545166015625e+01,-3.982479095458984375e+01,-3.377082824707031250e+01,-3.340961837768554688e+01,-2.942072868347167969e+01,-2.947074317932128906e+01,-2.650998306274414062e+01,-2.939507293701171875e+01,-2.739056777954101562e+01,-3.047778701782226562e+01,-3.031908798217773438e+01,-3.533734512329101562e+01,-3.501178359985351562e+01,-3.746343612670898438e+01,-3.843228149414062500e+01,-4.064150238037109375e+01,-3.977742767333984375e+01,-3.914577102661132812e+01,-3.664580154418945312e+01,-3.711615371704101562e+01,-3.317996978759765625e+01,-3.393186950683593750e+01,-3.110968017578125000e+01,-3.424963378906250000e+01,-3.147380065917968750e+01,-3.789585876464843750e+01,-3.993707275390625000e+01,-4.782240676879882812e+01,-5.388611602783203125e+01,-5.823895645141601562e+01,-6.521359252929687500e+01,-6.641716003417968750e+01,-6.992313385009765625e+01,-6.988200378417968750e+01,-7.341854858398437500e+01,-7.292068481445312500e+01,-7.500993347167968750e+01,-7.425523376464843750e+01,-7.628813171386718750e+01,-7.485419464111328125e+01,-7.723524475097656250e+01,-7.259194946289062500e+01,-7.519151306152343750e+01,-6.035035324096679688e+01,-6.599448394775390625e+01,-5.251444244384765625e+01,-6.422700500488281250e+01,-6.234239959716796875e+01,-6.818239593505859375e+01,-6.853942871093750000e+01,-7.084051513671875000e+01,-7.209516143798828125e+01,-7.456172180175781250e+01,-7.573757171630859375e+01,-7.690444183349609375e+01,-7.763381958007812500e+01,-7.848844909667968750e+01,-7.826177978515625000e+01,-7.908370971679687500e+01,-7.882379913330078125e+01,-7.915922546386718750e+01,-7.853001403808593750e+01,-7.911378479003906250e+01,-7.973310852050781250e+01
-7.166404724121093750e+01,-7.981784057617187500e+01,-7.944631958007812500e+01,-7.989309692382812500e+01,-7.923873901367187500e+01,-7.978363800048828125e+01,-7.986963653564453125e+01,-7.984532165527343750e+01,-7.984452056884765625e+01,-7.982391357421875000e+01,-7.956484985351562500e+01,-7.967167663574218750e+01,-7.950512695312500000e+01,-7.958763885498046875e+01,-7.955273437500000000e+01,-7.945974731445312500e+01,-7.939297485351562500e+01,-7.939662170410156250e+01,-7.895946502685546875e+01,-7.882801818847656250e+01,-7.864758300781250000e+01,-7.899777221679687500e+01,-7.866432952880859375e+01,-7.865005493164062500e+01,-7.823246765136718750e+01,-7.848475646972656250e+01,-7.764140319824218750e+01,-7.765843200683593750e+01,-7.710710144042968750e+01,-7.780740356445312500e+01,-7.695722961425781250e+01,-7.815093994140625000e+01,-7.766501617431640625e+01,-7.890957641601562500e+01,-7.828276062011718750e+01,-7.891107940673828125e+01,-7.766069030761718750e+01,-7.739242553710937500e+01,-7.239666748046875000e+01,-6.821073913574218750e+01,-5.739414978027343750e+01,-5.145002365112304688e+01,-4.671110153198242188e+01,-4.963259887695312500e+01,-4.835559463500976562e+01,-4.608229064941406250e+01,-3.795663833618164062e+01,-4.408612823486328125e+01,-4.334644317626953125e+01,-3.963871002197265625e+01,-3.405098724365234375e+01,-3.500286483764648438e+01,-3.042734909057617188e+01,-3.094365310668945312e+01,-2.722636413574218750e+01,-3.092943191528320312e+01,-2.744823265075683594e+01,-3.072410011291503906e+01,-2.918524360656738281e+01,-3.350833892822265625e+01,-3.239976119995117188e+01,-3.618652725219726562e+01,-3.721640777587890625e+01,-4.102362442016601562e+01,-3.952818679809570312e+01,-4.094761657714843750e+01,-3.810344696044921875e+01,-3.835288619995117188e+01,-3.342208480834960938e+01,-3.457039642333984375e+01,-3.136814880371093750e+01,-3.473785018920898438e+01,-3.154062652587890625e+01,-3.860018920898437500e+01,-4.110214996337890625e+01,-4.747407150268554688e+01,-5.311676025390625000e+01,-5.578785705566406250e+01,-6.268247985839843750e+01,-6.298831939697265625e+01,-6.782666015625000000e+01,-6.772093963623046875e+01,-7.165271759033203125e+01,-7.056854248046875000e+01,-7.321758270263671875e+01,-7.222424316406250000e+01,-7.542296600341796875e+01,-7.384796142578125000e+01,-7.691641998291015625e+01,-7.292662048339843750e+01,-7.620018005371093750e+01,-6.264464569091796875e+01,-6.479310607910156250e+01,-5.180430603027343750e+01,-6.333161163330078125e+01,-6.368426513671875000e+01,-6.835501098632812500e+01,-6.862454223632812500e+01,-7.123812103271484375e+01,-7.320253753662109375e+01,-7.532164001464843750e+01,-7.652281188964843750e+01,-7.799306488037109375e+01,-7.863720703125000000e+01,-7.926741790771484375e+01,-7.815632629394531250e+01,-7.917792510986328125e+01,-7.858934020996093750e+01,-7.942780303955078125e+01,-7.902184295654296875e+01,-7.913793945312500000e+01,-7.987463378906250000e+01
-7.999571990966796875e+01,-7.997763061523437500e+01,-7.999609375000000000e+01,-7.999435424804687500e+01,-7.999353027343750000e+01,-7.997769927978515625e+01,-7.998756408691406250e+01,-7.998088073730468750e+01,-7.998075866699218750e+01,-7.995938873291015625e+01,-7.991883850097656250e+01,-7.993186950683593750e+01,-7.991870117187500000e+01,-7.989989471435546875e+01,-7.985913848876953125e+01,-7.984339904785156250e+01,-7.984880065917968750e+01,-7.981872558593750000e+01,-7.972468566894531250e+01,-7.968406677246093750e+01,-7.968011474609375000e+01,-7.967330932617187500e+01,-7.956225585937500000e+01,-7.951066589355468750e+01,-7.943002319335937500e+01,-7.929301452636718750e+01,-7.885089111328125000e+01,-7.858380126953125000e+01,-7.836507415771484375e+01,-7.818885040283203125e+01,-7.791348266601562500e+01,-7.840293884277343750e+01,-7.866609191894531250e+01,-7.904223632812500000e+01,-7.874984741210937500e+01,-7.895329284667968750e+01,-7.772201538085937500e+01,-7.723295593261718750e+01,-7.132278442382812500e+01,-6.846721649169921875e+01,-5.618386077880859375e+01,-5.479854965209960938e+01,-4.690351867675781250e+01,-5.142165374755859375e+01,-4.811566543579101562e+01,-4.349839401245117188e+01,-3.760610961914062500e+01,-4.409516525268554688e+01,-4.439807891845703125e+01,-4.164519119262695312e+01,-3.598922729492187500e+01,-3.815328979492187500e+01,-3.504329299926757812e+01,-3.456903457641601562e+01,-3.105745506286621094e+01,-3.356553649902343750e+01,-3.096659851074218750e+01,-3.204536819458007812e+01,-3.073495674133300781e+01,-3.504426956176757812e+01,-3.497102355957031250e+01,-3.803544616699218750e+01,-3.855445861816406250e+01,-4.129798507690429688e+01,-3.985001373291015625e+01,-3.903212738037109375e+01,-3.760393142700195312e+01,-3.651760101318359375e+01,-3.342006301879882812e+01,-3.227827453613281250e+01,-3.070133972167968750e+01,-3.348959732055664062e+01,-3.057872581481933594e+01,-3.832096099853515625e+01,-4.063126754760742188e+01,-4.810853576660156250e+01,-5.115166854858398438e+01,-5.684360504150390625e+01,-6.057093048095703125e+01,-6.309397125244140625e+01,-6.540843200683593750e+01,-6.751278686523437500e+01,-6.897040557861328125e+01,-6.910002899169921875e+01,-7.016091918945312500e+01,-7.145925903320312500e+01,-7.311274719238281250e+01,-7.336390686035156250e+01,-7.513281250000000000e+01,-7.262535095214843750e+01,-7.302444458007812500e+01,-6.039746856689453125e+01,-5.807891082763671875e+01,-4.968069458007812500e+01,-6.019894790649414062e+01,-6.154899597167968750e+01,-6.511264038085937500e+01,-6.633901214599609375e+01,-6.593219757080078125e+01,-6.787968444824218750e+01,-7.053161621093750000e+01,-7.335302734375000000e+01,-7.539937591552734375e+01,-7.661677551269531250e+01,-7.841186523437500000e+01,-7.803199768066406250e+01,-7.915167999267578125e+01,-7.904077911376953125e+01,-7.972212982177734375e+01,-7.931579589843750000e+01,-7.948321533203125000e+01,-7.967788696289062500e+01
-7.999806976318359375e+01,-7.976646423339843750e+01,-7.998283386230468750e+01,-7.997479248046875000e+01,-7.990028381347656250e+01,-7.975872802734375000e+01,-7.782903289794921875e+01,-7.978288269042968750e+01,-7.950476074218750000e+01,-7.965228271484375000e+01,-7.967247009277343750e+01,-7.975981140136718750e+01,-7.970131683349609375e+01,-7.973448944091796875e+01,-7.956340789794921875e+01,-7.950546264648437500e+01,-7.941255187988281250e+01,-7.952195739746093750e+01,-7.935339355468750000e+01,-7.936359405517578125e+01,-7.930067443847656250e+01,-7.948944091796875000e+01,-7.937556457519531250e+01,-7.943890380859375000e+01,-7.926348114013671875e+01,-7.941970825195312500e+01,-7.912602233886718750e+01,-7.923938751220703125e+01,-7.913886260986328125e+01,-7.941973876953125000e+01,-7.944863891601562500e+01,-7.967006683349609375e+01,-7.970715332031250000e+01,-7.977145385742187500e+01,-7.959488677978515625e+01,-7.948277282714843750e+01,-7.828244781494140625e+01,-7.756230163574218750e+01,-7.126522827148437500e+01,-6.856948852539062500e+01,-5.551908111572265625e+01,-5.341614532470703125e+01,-4.580377578735351562e+01,-5.344872283935546875e+01,-5.037850952148437500e+01,-4.646429443359375000e+01,-4.085242080688476562e+01,-4.790555191040039062e+01,-4.760802459716796875e+01,-4.455299377441406250e+01,-3.902003097534179688e+01,-3.971635437011718750e+01,-3.639706420898437500e+01,-3.561823654174804688e+01,-3.341603088378906250e+01,-3.480616760253906250e+01,-3.332600402832031250e+01,-3.525371932983398438e+01,-3.595783615112304688e+01,-3.960950469970703125e+01,-4.095174789428710938e+01,-4.281375503540039062e+01,-4.491164016723632812e+01,-4.579011917114257812e+01,-4.604735183715820312e+01,-4.313921737670898438e+01,-4.228455734252929688e+01,-3.973405456542968750e+01,-3.684362411499023438e+01,-3.414075469970703125e+01,-3.144932937622070312e+01,-3.366344451904296875e+01,-3.120138931274414062e+01,-3.578855133056640625e+01,-3.959884262084960938e+01,-4.776160049438476562e+01,-5.293644332885742188e+01,-5.839173889160156250e+01,-6.338535308837890625e+01,-6.733602142333984375e+01,-6.935330200195312500e+01,-7.053984832763671875e+01,-7.253870391845703125e+01,-7.310099792480468750e+01,-7.448393249511718750e+01,-7.413064575195312500e+01,-7.633059692382812500e+01,-7.536672973632812500e+01,-7.721467590332031250e+01,-7.320877075195312500e+01,-7.477191162109375000e+01,-5.915851211547851562e+01,-6.269121551513671875e+01,-4.742008209228515625e+01,-6.005621337890625000e+01,-5.858743286132812500e+01,-6.536336517333984375e+01,-6.638890075683593750e+01,-6.871666717529296875e+01,-7.034381103515625000e+01,-7.261057281494140625e+01,-7.305548858642578125e+01,-7.318792724609375000e+01,-7.416314697265625000e+01,-7.608897399902343750e+01,-7.683293151855468750e+01,-7.870046997070312500e+01,-7.879313659667968750e+01,-7.966816711425781250e+01,-7.940055847167968750e+01,-7.956312561035156250e+01,-7.955039978027343750e+01
-7.999331665039062500e+01,-7.998600769042968750e+01,-7.993357086181640625e+01,-7.998252105712890625e+01,-7.988370513916015625e+01,-7.967916870117187500e+01,-7.965039825439453125e+01,-7.932369995117187500e+01,-7.950588989257812500e+01,-7.955899047851562500e+01,-7.933283996582031250e+01,-7.954275512695312500e+01,-7.933316040039062500e+01,-7.946920776367187500e+01,-7.906856536865234375e+01,-7.901300811767578125e+01,-7.870191192626953125e+01,-7.898307800292968750e+01,-7.836313629150390625e+01,-7.868664550781250000e+01,-7.845605468750000000e+01,-7.895678710937500000e+01,-7.848353576660156250e+01,-7.888124084472656250e+01,-7.858375549316406250e+01,-7.895756530761718750e+01,-7.815375518798828125e+01,-7.855502319335937500e+01,-7.793206787109375000e+01,-7.861056518554687500e+01,-7.808255004882812500e+01,-7.891107940673828125e+01,-7.876319122314453125e+01,-7.923048400878906250e+01,-7.875825500488281250e+01,-7.923185729980468750e+01,-7.860972595214843750e+01,-7.886811828613281250e+01,-7.647379302978515625e+01,-7.570416259765625000e+01,-6.737026977539062500e+01,-6.327476882934570312e+01,-4.848361206054687500e+01,-5.229944229125976562e+01,-4.850605773925781250e+01,-4.569651031494140625e+01,-3.757444000244140625e+01,-4.355376434326171875e+01,-4.231257247924804688e+01,-4.011632537841796875e+01,-3.444978332519531250e+01,-3.505883789062500000e+01,-3.198318481445312500e+01,-3.122876739501953125e+01,-3.040315628051757812e+01,-3.273865890502929688e+01,-3.330042266845703125e+01,-3.517790985107421875e+01,-3.711321640014648438e+01,-4.089901351928710938e+01,-4.320569992065429688e+01,-4.391663742065429688e+01,-4.704509735107421875e+01,-4.724861907958984375e+01,-4.891654586791992188e+01,-4.507604980468750000e+01,-4.549577713012695312e+01,-4.188731765747070312e+01,-3.992714691162109375e+01,-3.556012725830078125e+01,-3.341403198242187500e+01,-3.388946151733398438e+01,-3.107630538940429688e+01,-3.431417083740234375e+01,-3.849683761596679688e+01,-4.528305816650390625e+01,-4.923688507080078125e+01,-5.564228439331054688e+01,-6.109526824951171875e+01,-6.412804412841796875e+01,-6.637481689453125000e+01,-6.846804809570312500e+01,-7.068044281005859375e+01,-7.138795471191406250e+01,-7.256642150878906250e+01,-7.395469665527343750e+01,-7.596253967285156250e+01,-7.596003723144531250e+01,-7.806551361083984375e+01,-7.574884796142578125e+01,-7.731571960449218750e+01,-6.471128082275390625e+01,-6.873121643066406250e+01,-5.092477416992187500e+01,-6.236029052734375000e+01,-6.133580017089843750e+01,-6.760348510742187500e+01,-6.855992126464843750e+01,-7.093696594238281250e+01,-7.195532226562500000e+01,-7.316703033447265625e+01,-7.345120239257812500e+01,-7.427150726318359375e+01,-7.539347839355468750e+01,-7.577290344238281250e+01,-7.692396545410156250e+01,-7.777847290039062500e+01,-7.801265716552734375e+01,-7.939180755615234375e+01,-7.920275878906250000e+01,-7.922714233398437500e+01,-7.992773437500000000e+01
-7.998560333251953125e+01,-7.990669250488281250e+01,-7.978305053710937500e+01,-7.998913574218750000e+01,-7.998829650878906250e+01,-7.984031677246093750e+01,-7.987393188476562500e+01,-7.985155487060546875e+01,-7.985810089111328125e+01,-7.948968505859375000e+01,-7.949894714355468750e+01,-7.961428070068359375e+01,-7.950807952880859375e+01,-7.958803558349609375e+01,-7.935054016113281250e+01,-7.944409942626953125e+01,-7.918630218505859375e+01,-7.932660675048828125e+01,-7.885658264160156250e+01,-7.912649536132812500e+01,-7.899399566650390625e+01,-7.926640319824218750e+01,-7.898010253906250000e+01,-7.918035125732421875e+01,-7.886154174804687500e+01,-7.902491760253906250e+01,-7.850566101074218750e+01,-7.871871948242187500e+01,-7.834238433837890625e+01,-7.875917816162109375e+01,-7.816876220703125000e+01,-7.880516052246093750e+01,-7.854921722412109375e+01,-7.908963012695312500e+01,-7.830903625488281250e+01,-7.897407531738281250e+01,-7.831530761718750000e+01,-7.837203979492187500e+01,-7.590080261230468750e+01,-7.446273803710937500e+01,-6.793463134765625000e+01,-6.248112487792968750e+01,-5.130978012084960938e+01,-5.441949462890625000e+01,-5.132361602783203125e+01,-4.880317687988281250e+01,-3.877612304687500000e+01,-4.348522567749023438e+01,-4.211581802368164062e+01,-3.806956481933593750e+01,-3.349360656738281250e+01,-3.321161270141601562e+01,-3.437211608886718750e+01,-3.224105453491210938e+01,-3.178342247009277344e+01,-3.305442428588867188e+01,-3.376686477661132812e+01,-3.519860839843750000e+01,-3.630926513671875000e+01,-3.913328933715820312e+01,-4.217921066284179688e+01,-4.386291122436523438e+01,-4.605390167236328125e+01,-4.669058990478515625e+01,-4.835434722900390625e+01,-4.598087692260742188e+01,-4.517386627197265625e+01,-4.295676422119140625e+01,-4.049261856079101562e+01,-3.774421310424804688e+01,-3.355855178833007812e+01,-3.481624984741210938e+01,-3.112109565734863281e+01,-3.750872039794921875e+01,-3.727251052856445312e+01,-4.703857421875000000e+01,-4.831040191650390625e+01,-5.559236907958984375e+01,-5.870639038085937500e+01,-6.299471282958984375e+01,-6.541844940185546875e+01,-6.776641845703125000e+01,-6.954121398925781250e+01,-7.095011901855468750e+01,-7.266525268554687500e+01,-7.395474243164062500e+01,-7.628070068359375000e+01,-7.678359985351562500e+01,-7.822166442871093750e+01,-7.641726684570312500e+01,-7.705875396728515625e+01,-6.663745880126953125e+01,-6.848078155517578125e+01,-5.567535400390625000e+01,-6.280799484252929688e+01,-6.201517868041992188e+01,-6.421554565429687500e+01,-6.452923583984375000e+01,-6.704753112792968750e+01,-6.972142791748046875e+01,-7.305627441406250000e+01,-7.509045410156250000e+01,-7.609881591796875000e+01,-7.801358795166015625e+01,-7.842398071289062500e+01,-7.808925628662109375e+01,-7.861922454833984375e+01,-7.847511291503906250e+01,-7.960886383056640625e+01,-7.935102081298828125e+01,-7.912847137451171875e+01,-7.948861694335937500e+01
-7.996199798583984375e+01,-7.997935485839843750e+01,-7.958056640625000000e+01,-7.992498779296875000e+01,-7.998941802978515625e+01,-7.998992156982421875e+01,-7.997129058837890625e+01,-7.997013854980468750e+01,-7.988458251953125000e+01,-7.990473937988281250e+01,-7.976603698730468750e+01,-7.983102416992187500e+01,-7.972914123535156250e+01,-7.983750152587890625e+01,-7.976715087890625000e+01,-7.979473876953125000e+01,-7.953900146484375000e+01,-7.960321807861328125e+01,-7.917371368408203125e+01,-7.935765075683593750e+01,-7.903344726562500000e+01,-7.934185028076171875e+01,-7.895548248291015625e+01,-7.922877502441406250e+01,-7.878343963623046875e+01,-7.903656005859375000e+01,-7.828746032714843750e+01,-7.837294006347656250e+01,-7.735174560546875000e+01,-7.742427062988281250e+01,-7.539044189453125000e+01,-7.611239624023437500e+01,-7.420631408691406250e+01,-7.642559814453125000e+01,-7.457398986816406250e+01,-7.735769653320312500e+01,-7.683989715576171875e+01,-7.795230102539062500e+01,-7.476855468750000000e+01,-7.449205017089843750e+01,-6.654393005371093750e+01,-6.228755187988281250e+01,-4.836431503295898438e+01,-5.352552032470703125e+01,-4.991532135009765625e+01,-4.590169906616210938e+01,-3.878816604614257812e+01,-4.584217834472656250e+01,-4.615328216552734375e+01,-4.437621307373046875e+01,-4.190287780761718750e+01,-3.924488449096679688e+01,-3.824580383300781250e+01,-3.505233764648437500e+01,-3.488430023193359375e+01,-3.348798751831054688e+01,-3.482941055297851562e+01,-3.500473022460937500e+01,-3.805075836181640625e+01,-3.867764663696289062e+01,-4.313564682006835938e+01,-4.358560562133789062e+01,-4.824414825439453125e+01,-4.645225906372070312e+01,-5.021582794189453125e+01,-4.593251037597656250e+01,-4.821582031250000000e+01,-4.223362731933593750e+01,-4.201955413818359375e+01,-3.642295837402343750e+01,-3.415568542480468750e+01,-3.211803436279296875e+01,-3.068189239501953125e+01,-3.528865051269531250e+01,-3.993926239013671875e+01,-4.563993453979492188e+01,-5.068172073364257812e+01,-5.601886367797851562e+01,-6.073684692382812500e+01,-6.298371124267578125e+01,-6.682956695556640625e+01,-6.798235321044921875e+01,-7.015798187255859375e+01,-7.009869384765625000e+01,-7.167648315429687500e+01,-7.224637603759765625e+01,-7.430908203125000000e+01,-7.508469390869140625e+01,-7.682176208496093750e+01,-7.568293762207031250e+01,-7.664642333984375000e+01,-6.565806579589843750e+01,-6.727310943603515625e+01,-5.286673355102539062e+01,-6.049499511718750000e+01,-5.767243194580078125e+01,-6.138394927978515625e+01,-6.179423904418945312e+01,-6.570235443115234375e+01,-6.985576629638671875e+01,-7.298820495605468750e+01,-7.701593017578125000e+01,-7.777740478515625000e+01,-7.887937927246093750e+01,-7.911135101318359375e+01,-7.952117919921875000e+01,-7.936087036132812500e+01,-7.899884033203125000e+01,-7.960935211181640625e+01,-7.941614532470703125e+01,-7.952331542968750000e+01,-7.990923309326171875e+01
-7.996487426757812500e+01,-7.767315673828125000e+01,-7.945614624023437500e+01,-7.938222503662109375e+01,-7.934806823730468750e+01,-7.965142822265625000e+01,-7.331622314453125000e+01,-7.828408813476562500e+01,-6.991712951660156250e+01,-7.705950927734375000e+01,-7.693182373046875000e+01,-7.793064880371093750e+01,-7.764166259765625000e+01,-7.850914001464843750e+01,-7.799188232421875000e+01,-7.807351684570312500e+01,-7.604115295410156250e+01,-7.673670196533203125e+01,-7.534823608398437500e+01,-7.676734924316406250e+01,-7.591084289550781250e+01,-7.702365112304687500e+01,-7.607417297363281250e+01,-7.723620605468750000e+01,-7.589562225341796875e+01,-7.703356933593750000e+01,-7.546772766113281250e+01,-7.632186889648437500e+01,-7.447341156005859375e+01,-7.530940246582031250e+01,-7.340232849121093750e+01,-7.503053283691406250e+01,-7.338885498046875000e+01,-7.561611175537109375e+01,-7.400221252441406250e+01,-7.652336120605468750e+01,-7.564897918701171875e+01,-7.684073638916015625e+01,-7.338286590576171875e+01,-7.250706481933593750e+01,-6.339672470092773438e+01,-5.831940460205078125e+01,-4.595272827148437500e+01,-5.146758270263671875e+01,-4.881811141967773438e+01,-4.725590896606445312e+01,-3.919793319702148438e+01,-4.570022201538085938e+01,-4.203628921508789062e+01,-3.929073333740234375e+01,-3.370793914794921875e+01,-3.163455009460449219e+01,-2.981945037841796875e+01,-2.936292648315429688e+01,-3.001165008544921875e+01,-3.070087623596191406e+01,-3.386945724487304688e+01,-3.532481384277343750e+01,-3.922039413452148438e+01,-4.095771026611328125e+01,-4.553353118896484375e+01,-4.575577163696289062e+01,-5.024581909179687500e+01,-4.740562438964843750e+01,-5.163918304443359375e+01,-4.669642257690429688e+01,-4.896944427490234375e+01,-4.162766647338867188e+01,-4.286030960083007812e+01,-3.627802658081054688e+01,-3.496432495117187500e+01,-3.097330284118652344e+01,-3.185693168640136719e+01,-3.301755142211914062e+01,-3.750184249877929688e+01,-4.176190185546875000e+01,-4.812376785278320312e+01,-5.464985656738281250e+01,-5.837514495849609375e+01,-6.235511016845703125e+01,-6.427838134765625000e+01,-6.682195281982421875e+01,-6.708770751953125000e+01,-6.861273193359375000e+01,-6.909857940673828125e+01,-7.147019958496093750e+01,-7.256375122070312500e+01,-7.431959533691406250e+01,-7.624926757812500000e+01,-7.554906463623046875e+01,-7.589100646972656250e+01,-6.627299499511718750e+01,-6.558761596679687500e+01,-5.623121643066406250e+01,-6.184423828125000000e+01,-6.192393493652343750e+01,-6.545925903320312500e+01,-6.743507385253906250e+01,-6.991096496582031250e+01,-7.223091888427734375e+01,-7.501251220703125000e+01,-7.726615905761718750e+01,-7.755253601074218750e+01,-7.833760070800781250e+01,-7.814929199218750000e+01,-7.922008514404296875e+01,-7.908888244628906250e+01,-7.857177734375000000e+01,-7.835289001464843750e+01,-7.811306762695312500e+01,-7.907621002197265625e+01,-7.937877655029296875e+01
-7.999122619628906250e+01,-7.995992279052734375e+01,-7.808881378173828125e+01,-7.687078857421875000e+01,-7.791815948486328125e+01,-7.878378295898437500e+01,-7.276207733154296875e+01,-7.377101135253906250e+01,-7.147322082519531250e+01,-7.675110626220703125e+01,-7.718781280517578125e+01,-7.764826965332031250e+01,-7.643483734130859375e+01,-7.715066528320312500e+01,-7.638488006591796875e+01,-7.649297332763671875e+01,-7.477476501464843750e+01,-7.586219787597656250e+01,-7.539782714843750000e+01,-7.717254638671875000e+01,-7.702935028076171875e+01,-7.801647949218750000e+01,-7.776222991943359375e+01,-7.844779968261718750e+01,-7.808992004394531250e+01,-7.860142517089843750e+01,-7.810848999023437500e+01,-7.831181335449218750e+01,-7.786155700683593750e+01,-7.792588806152343750e+01,-7.732196044921875000e+01,-7.707824707031250000e+01,-7.643931579589843750e+01,-7.630997467041015625e+01,-7.481826782226562500e+01,-7.563174438476562500e+01,-7.539732360839843750e+01,-7.574455261230468750e+01,-7.259794616699218750e+01,-7.136437988281250000e+01,-6.267782592773437500e+01,-5.681332397460937500e+01,-4.520406341552734375e+01,-5.157675933837890625e+01,-4.863418579101562500e+01,-4.549104690551757812e+01,-3.995755386352539062e+01,-4.277070617675781250e+01,-4.132882308959960938e+01,-3.909302139282226562e+01,-3.598017501831054688e+01,-3.312266159057617188e+01,-3.329394912719726562e+01,-3.182068634033203125e+01,-3.397182464599609375e+01,-3.361511230468750000e+01,-3.738350677490234375e+01,-3.893630599975585938e+01,-4.302209472656250000e+01,-4.435250473022460938e+01,-4.919800949096679688e+01,-4.931703567504882812e+01,-5.348339080810546875e+01,-5.050399398803710938e+01,-5.388031768798828125e+01,-4.772096633911132812e+01,-4.996287536621093750e+01,-4.151800155639648438e+01,-4.343101501464843750e+01,-3.542781829833984375e+01,-3.539957427978515625e+01,-3.047617149353027344e+01,-3.273279571533203125e+01,-3.207998275756835938e+01,-3.767362213134765625e+01,-3.959058380126953125e+01,-4.814587783813476562e+01,-5.176831817626953125e+01,-5.816260910034179688e+01,-6.054737472534179688e+01,-6.429147338867187500e+01,-6.556085968017578125e+01,-6.701153564453125000e+01,-6.769794464111328125e+01,-6.913002014160156250e+01,-7.149631500244140625e+01,-7.352502441406250000e+01,-7.570923614501953125e+01,-7.693067932128906250e+01,-7.664889526367187500e+01,-7.588780975341796875e+01,-6.599974822998046875e+01,-6.402160644531250000e+01,-5.016357803344726562e+01,-6.106932067871093750e+01,-6.010677337646484375e+01,-6.573693847656250000e+01,-6.890225219726562500e+01,-7.153091430664062500e+01,-7.309643554687500000e+01,-7.464617919921875000e+01,-7.695590209960937500e+01,-7.714004516601562500e+01,-7.774793243408203125e+01,-7.672210693359375000e+01,-7.874446105957031250e+01,-7.879244995117187500e+01,-7.875325012207031250e+01,-7.804095458984375000e+01,-7.833303833007812500e+01,-7.884780883789062500e+01,-7.934278869628906250e+01
-7.997885131835937500e+01,-7.442382049560546875e+01,-7.641095733642578125e+01,-7.785929870605468750e+01,-7.863619995117187500e+01,-7.323109436035156250e+01,-6.178155899047851562e+01,-6.973881530761718750e+01,-7.180818176269531250e+01,-7.166303253173828125e+01,-7.489054870605468750e+01,-7.622698974609375000e+01,-7.610017395019531250e+01,-7.681098937988281250e+01,-7.542912292480468750e+01,-7.601354217529296875e+01,-7.472039794921875000e+01,-7.581344604492187500e+01,-7.640702819824218750e+01,-7.766613769531250000e+01,-7.774978637695312500e+01,-7.836180114746093750e+01,-7.865284729003906250e+01,-7.915098571777343750e+01,-7.911387634277343750e+01,-7.929844665527343750e+01,-7.933378601074218750e+01,-7.940264892578125000e+01,-7.934642028808593750e+01,-7.924897766113281250e+01,-7.925968933105468750e+01,-7.907557678222656250e+01,-7.880389404296875000e+01,-7.828057861328125000e+01,-7.739135742187500000e+01,-7.730503845214843750e+01,-7.601405334472656250e+01,-7.570283508300781250e+01,-7.134513092041015625e+01,-7.097523498535156250e+01,-6.105378723144531250e+01,-5.705123519897460938e+01,-4.548895263671875000e+01,-5.162403869628906250e+01,-4.918448638916015625e+01,-4.751304626464843750e+01,-4.253776931762695312e+01,-4.456012725830078125e+01,-4.341020202636718750e+01,-4.048321151733398438e+01,-3.849417495727539062e+01,-3.555639266967773438e+01,-3.633470153808593750e+01,-3.535712814331054688e+01,-3.837620925903320312e+01,-3.812390136718750000e+01,-4.211950302124023438e+01,-4.261201858520507812e+01,-4.754560852050781250e+01,-4.715162658691406250e+01,-5.251466751098632812e+01,-5.198979187011718750e+01,-5.680889892578125000e+01,-5.214983367919921875e+01,-5.690369033813476562e+01,-5.013749694824218750e+01,-5.342912292480468750e+01,-4.449457550048828125e+01,-4.645176315307617188e+01,-3.782076644897460938e+01,-3.916536712646484375e+01,-3.258806228637695312e+01,-3.495211029052734375e+01,-3.267246627807617188e+01,-3.943994522094726562e+01,-3.948934936523437500e+01,-4.725498962402343750e+01,-5.143799591064453125e+01,-5.715147399902343750e+01,-5.994330215454101562e+01,-6.352999114990234375e+01,-6.576239013671875000e+01,-6.763757324218750000e+01,-6.934172058105468750e+01,-6.999543762207031250e+01,-7.241885375976562500e+01,-7.400074768066406250e+01,-7.572888946533203125e+01,-7.696672058105468750e+01,-7.619540405273437500e+01,-7.515678405761718750e+01,-6.471374511718750000e+01,-6.296104049682617188e+01,-4.906522369384765625e+01,-5.971929168701171875e+01,-5.864354705810546875e+01,-6.353701019287109375e+01,-6.560653686523437500e+01,-6.909175109863281250e+01,-7.152671813964843750e+01,-7.422173309326171875e+01,-7.670612335205078125e+01,-7.787123870849609375e+01,-7.874810791015625000e+01,-7.861880493164062500e+01,-7.908765411376953125e+01,-7.920511627197265625e+01,-7.921263122558593750e+01,-7.762509155273437500e+01,-7.817222595214843750e+01,-7.916458129882812500e+01,-7.929832458496093750e+01
-7.995823669433593750e+01,-7.970166015625000000e+01,-7.920288085937500000e+01,-7.913175964355468750e+01,-7.786741638183593750e+01,-7.799610900878906250e+01,-7.579243469238281250e+01,-7.087677001953125000e+01,-7.689724731445312500e+01,-7.700264739990234375e+01,-7.703846740722656250e+01,-7.816265869140625000e+01,-7.789776611328125000e+01,-7.858232879638671875e+01,-7.790953826904296875e+01,-7.807885742187500000e+01,-7.747161865234375000e+01,-7.825812530517578125e+01,-7.801560974121093750e+01,-7.893244934082031250e+01,-7.909820556640625000e+01,-7.952041625976562500e+01,-7.952096557617187500e+01,-7.969360351562500000e+01,-7.966501617431640625e+01,-7.978151702880859375e+01,-7.972738647460937500e+01,-7.978128051757812500e+01,-7.971894836425781250e+01,-7.976567840576171875e+01,-7.968270111083984375e+01,-7.967234039306640625e+01,-7.947884368896484375e+01,-7.926856994628906250e+01,-7.848436737060546875e+01,-7.783908081054687500e+01,-7.604992675781250000e+01,-7.489631652832031250e+01,-6.887455749511718750e+01,-6.686466979980468750e+01,-5.848607635498046875e+01,-5.627400970458984375e+01,-4.693353271484375000e+01,-5.244947814941406250e+01,-5.126835632324218750e+01,-4.625281906127929688e+01,-4.263493347167968750e+01,-4.255346298217773438e+01,-3.955503082275390625e+01,-3.469752502441406250e+01,-3.174325180053710938e+01,-3.035699272155761719e+01,-3.020760726928710938e+01,-3.153392028808593750e+01,-3.354299926757812500e+01,-3.608066940307617188e+01,-3.945814132690429688e+01,-4.193316650390625000e+01,-4.477374649047851562e+01,-4.594975662231445312e+01,-4.989062500000000000e+01,-5.099537658691406250e+01,-5.443979644775390625e+01,-5.200623321533203125e+01,-5.522908020019531250e+01,-5.070257568359375000e+01,-5.309736633300781250e+01,-4.480156326293945312e+01,-4.864137268066406250e+01,-4.050537109375000000e+01,-4.366587829589843750e+01,-3.592199707031250000e+01,-4.099628829956054688e+01,-3.687532043457031250e+01,-4.388516616821289062e+01,-4.150244140625000000e+01,-4.937635421752929688e+01,-5.044173431396484375e+01,-5.602436828613281250e+01,-5.759839630126953125e+01,-6.297701263427734375e+01,-6.530158996582031250e+01,-6.812947082519531250e+01,-6.904502868652343750e+01,-7.172650146484375000e+01,-7.338836669921875000e+01,-7.612609863281250000e+01,-7.707487487792968750e+01,-7.836614227294921875e+01,-7.742689514160156250e+01,-7.708254241943359375e+01,-6.604977416992187500e+01,-6.362845993041992188e+01,-5.039622497558593750e+01,-6.081977462768554688e+01,-5.973583984375000000e+01,-6.443771362304687500e+01,-6.568682861328125000e+01,-6.887995910644531250e+01,-7.170056152343750000e+01,-7.453396606445312500e+01,-7.721011352539062500e+01,-7.774511718750000000e+01,-7.862149047851562500e+01,-7.874122619628906250e+01,-7.944843292236328125e+01,-7.949375915527343750e+01,-7.957788085937500000e+01,-7.931970977783203125e+01,-7.925177001953125000e+01,-7.953714752197265625e+01,-7.987847137451171875e+01
-7.998268127441406250e+01,-7.922160339355468750e+01,-7.660975646972656250e+01,-7.980397033691406250e+01,-7.948892974853515625e+01,-7.803732299804687500e+01,-7.385704040527343750e+01,-5.771554565429687500e+01,-7.319574737548828125e+01,-7.066327667236328125e+01,-7.364646911621093750e+01,-7.351606750488281250e+01,-7.514508056640625000e+01,-7.636578369140625000e+01,-7.550102233886718750e+01,-7.443028259277343750e+01,-7.445986175537109375e+01,-7.527799987792968750e+01,-7.634007263183593750e+01,-7.686925506591796875e+01,-7.781124877929687500e+01,-7.846966552734375000e+01,-7.882102203369140625e+01,-7.891848754882812500e+01,-7.909858703613281250e+01,-7.917895507812500000e+01,-7.922917175292968750e+01,-7.911854553222656250e+01,-7.919215393066406250e+01,-7.915200805664062500e+01,-7.917520141601562500e+01,-7.894545745849609375e+01,-7.885850524902343750e+01,-7.826844787597656250e+01,-7.729518127441406250e+01,-7.606831359863281250e+01,-7.477790832519531250e+01,-7.275143432617187500e+01,-6.890930938720703125e+01,-6.878716278076171875e+01,-6.180831146240234375e+01,-5.913791275024414062e+01,-4.853992462158203125e+01,-5.160755157470703125e+01,-4.730536270141601562e+01,-4.132052993774414062e+01,-3.601662063598632812e+01,-3.959940338134765625e+01,-3.863673782348632812e+01,-3.691142654418945312e+01,-3.596530151367187500e+01,-3.728931045532226562e+01,-3.800621795654296875e+01,-3.758647155761718750e+01,-3.950280761718750000e+01,-3.979315567016601562e+01,-4.369602584838867188e+01,-4.523804092407226562e+01,-4.909299087524414062e+01,-4.917806243896484375e+01,-5.340171051025390625e+01,-5.347692871093750000e+01,-5.748209381103515625e+01,-5.403559875488281250e+01,-5.800292968750000000e+01,-5.185015106201171875e+01,-5.495404052734375000e+01,-4.669068908691406250e+01,-5.074036407470703125e+01,-4.253850555419921875e+01,-4.647719192504882812e+01,-3.991213607788085938e+01,-4.622256851196289062e+01,-4.313356018066406250e+01,-4.999554824829101562e+01,-4.850965118408203125e+01,-5.495566558837890625e+01,-5.443146133422851562e+01,-5.913715362548828125e+01,-5.895399093627929688e+01,-6.497454833984375000e+01,-6.492659759521484375e+01,-6.785938262939453125e+01,-6.782696533203125000e+01,-7.022423553466796875e+01,-7.095654296875000000e+01,-7.362033081054687500e+01,-7.496163940429687500e+01,-7.694317626953125000e+01,-7.603176879882812500e+01,-7.594682312011718750e+01,-6.587574005126953125e+01,-6.505618286132812500e+01,-4.962416839599609375e+01,-5.916449356079101562e+01,-5.738361740112304688e+01,-6.468192291259765625e+01,-6.690515136718750000e+01,-7.098225402832031250e+01,-7.291759490966796875e+01,-7.505285644531250000e+01,-7.782743835449218750e+01,-7.790578460693359375e+01,-7.849964141845703125e+01,-7.835154724121093750e+01,-7.920518493652343750e+01,-7.895588684082031250e+01,-7.916590881347656250e+01,-7.845964813232421875e+01,-7.771862792968750000e+01,-7.854927062988281250e+01,-7.821138000488281250e+01
-7.978433990478515625e+01,-7.985181427001953125e+01,-7.958813476562500000e+01,-7.905287170410156250e+01,-7.873442840576171875e+01,-6.706877136230468750e+01,-7.051353454589843750e+01,-6.846846771240234375e+01,-7.870681762695312500e+01,-7.840028381347656250e+01,-7.897280883789062500e+01,-7.835069274902343750e+01,-7.843750762939453125e+01,-7.691430664062500000e+01,-7.562805175781250000e+01,-7.367599487304687500e+01,-7.500854492187500000e+01,-7.625209045410156250e+01,-7.759417724609375000e+01,-7.807664489746093750e+01,-7.858151245117187500e+01,-7.892930603027343750e+01,-7.921879577636718750e+01,-7.928872680664062500e+01,-7.934606933593750000e+01,-7.935588836669921875e+01,-7.933558654785156250e+01,-7.922572326660156250e+01,-7.915605926513671875e+01,-7.917535400390625000e+01,-7.919021606445312500e+01,-7.920503997802734375e+01,-7.885793304443359375e+01,-7.838207244873046875e+01,-7.718534851074218750e+01,-7.565448760986328125e+01,-7.369525146484375000e+01,-7.066242218017578125e+01,-6.692092895507812500e+01,-6.385418319702148438e+01,-5.862154388427734375e+01,-5.598279190063476562e+01,-4.870681381225585938e+01,-5.140843200683593750e+01,-4.579825592041015625e+01,-4.134379196166992188e+01,-3.438628768920898438e+01,-3.920199203491210938e+01,-3.800247192382812500e+01,-3.455067825317382812e+01,-3.365268325805664062e+01,-3.594414520263671875e+01,-3.604028320312500000e+01,-3.744680023193359375e+01,-3.776325607299804688e+01,-3.994987487792968750e+01,-4.268986892700195312e+01,-4.507861328125000000e+01,-4.756224441528320312e+01,-4.891501617431640625e+01,-5.240622329711914062e+01,-5.362527084350585938e+01,-5.613849639892578125e+01,-5.477648162841796875e+01,-5.688528823852539062e+01,-5.264604568481445312e+01,-5.475205612182617188e+01,-4.748966979980468750e+01,-5.150393676757812500e+01,-4.372687530517578125e+01,-4.761413192749023438e+01,-4.095134735107421875e+01,-4.794873809814453125e+01,-4.252219772338867188e+01,-5.128897094726562500e+01,-4.751649093627929688e+01,-5.389947891235351562e+01,-5.173788452148437500e+01,-5.743083190917968750e+01,-5.712092208862304688e+01,-6.082258605957031250e+01,-6.097971343994140625e+01,-6.295534896850585938e+01,-6.382408905029296875e+01,-6.580879211425781250e+01,-6.751837158203125000e+01,-7.242144775390625000e+01,-7.403625488281250000e+01,-7.639071655273437500e+01,-7.363995361328125000e+01,-7.445755004882812500e+01,-6.180120086669921875e+01,-6.282695388793945312e+01,-4.515626525878906250e+01,-5.705323028564453125e+01,-5.405090332031250000e+01,-6.061346817016601562e+01,-6.421560668945312500e+01,-6.942044067382812500e+01,-7.239195251464843750e+01,-7.482989501953125000e+01,-7.707563018798828125e+01,-7.704281616210937500e+01,-7.716448211669921875e+01,-7.631567382812500000e+01,-7.816253662109375000e+01,-7.794674682617187500e+01,-7.859043884277343750e+01,-7.858068847656250000e+01,-7.889982604980468750e+01,-7.927330780029296875e+01,-7.919387817382812500e+01
-7.998342895507812500e+01,-7.929475402832031250e+01,-7.978564453125000000e+01,-7.953816986083984375e+01,-7.967524719238281250e+01,-7.163275909423828125e+01,-7.865439605712890625e+01,-7.669261169433593750e+01,-7.866569519042968750e+01,-7.827629089355468750e+01,-7.871360778808593750e+01,-7.830422210693359375e+01,-7.813203430175781250e+01,-7.766124725341796875e+01,-7.689472961425781250e+01,-7.717318725585937500e+01,-7.740545654296875000e+01,-7.832194519042968750e+01,-7.878465270996093750e+01,-7.918783569335937500e+01,-7.929881286621093750e+01,-7.957914733886718750e+01,-7.967107391357421875e+01,-7.976076507568359375e+01,-7.973319244384765625e+01,-7.978406524658203125e+01,-7.977270507812500000e+01,-7.977836608886718750e+01,-7.972836303710937500e+01,-7.974694061279296875e+01,-7.976068878173828125e+01,-7.975802612304687500e+01,-7.965762329101562500e+01,-7.948348999023437500e+01,-7.895498657226562500e+01,-7.801062011718750000e+01,-7.555053710937500000e+01,-7.265153503417968750e+01,-6.795954895019531250e+01,-6.830135345458984375e+01,-6.320450210571289062e+01,-6.042644500732421875e+01,-5.147518920898437500e+01,-5.079050827026367188e+01,-4.605923461914062500e+01,-3.855756759643554688e+01,-3.554010772705078125e+01,-3.695997619628906250e+01,-3.610897827148437500e+01,-3.297838211059570312e+01,-3.391654205322265625e+01,-3.353392028808593750e+01,-3.347812652587890625e+01,-3.334463882446289062e+01,-3.560574340820312500e+01,-3.662781906127929688e+01,-4.211336517333984375e+01,-4.285092544555664062e+01,-4.868180465698242188e+01,-4.804199981689453125e+01,-5.520925140380859375e+01,-5.468336486816406250e+01,-5.967093658447265625e+01,-5.507106018066406250e+01,-5.954340744018554688e+01,-5.278730392456054688e+01,-5.645027923583984375e+01,-4.680932998657226562e+01,-5.318227005004882812e+01,-4.411951446533203125e+01,-5.134806823730468750e+01,-4.437766647338867188e+01,-5.391286468505859375e+01,-4.933990478515625000e+01,-5.711386108398437500e+01,-5.189855957031250000e+01,-5.727215576171875000e+01,-5.425990676879882812e+01,-5.904976654052734375e+01,-5.814112472534179688e+01,-6.282199859619140625e+01,-6.442289733886718750e+01,-6.670072937011718750e+01,-6.655467987060546875e+01,-6.948983764648437500e+01,-6.941091156005859375e+01,-7.424509429931640625e+01,-7.344770050048828125e+01,-7.644479370117187500e+01,-7.364619445800781250e+01,-7.471509552001953125e+01,-6.339519500732421875e+01,-6.317056274414062500e+01,-4.812637710571289062e+01,-6.037925338745117188e+01,-5.930985641479492188e+01,-6.527414703369140625e+01,-6.904023742675781250e+01,-7.261932373046875000e+01,-7.420751190185546875e+01,-7.575520324707031250e+01,-7.708790588378906250e+01,-7.731208801269531250e+01,-7.725193786621093750e+01,-7.710289764404296875e+01,-7.854209899902343750e+01,-7.870532226562500000e+01,-7.932955932617187500e+01,-7.911525726318359375e+01,-7.798114013671875000e+01,-7.896031188964843750e+01,-7.853492736816406250e+01
-7.999499511718750000e+01,-7.998674011230468750e+01,-7.983107757568359375e+01,-7.983985900878906250e+01,-7.924618530273437500e+01,-7.773382568359375000e+01,-7.942183685302734375e+01,-7.866905212402343750e+01,-7.946575927734375000e+01,-7.910155487060546875e+01,-7.948052978515625000e+01,-7.938098144531250000e+01,-7.935542297363281250e+01,-7.898974609375000000e+01,-7.899089050292968750e+01,-7.872914123535156250e+01,-7.891677856445312500e+01,-7.906355285644531250e+01,-7.926970672607421875e+01,-7.938973236083984375e+01,-7.960423278808593750e+01,-7.971797943115234375e+01,-7.982078552246093750e+01,-7.984902954101562500e+01,-7.987026977539062500e+01,-7.988902282714843750e+01,-7.990516662597656250e+01,-7.990451049804687500e+01,-7.990402221679687500e+01,-7.992315673828125000e+01,-7.991948699951171875e+01,-7.991853332519531250e+01,-7.985836029052734375e+01,-7.980329895019531250e+01,-7.950991821289062500e+01,-7.898624420166015625e+01,-7.801477050781250000e+01,-7.668850708007812500e+01,-7.419047546386718750e+01,-7.124848937988281250e+01,-6.574239349365234375e+01,-5.817050933837890625e+01,-4.774846649169921875e+01,-4.816372299194335938e+01,-4.786182785034179688e+01,-4.460131072998046875e+01,-3.895623779296875000e+01,-4.045468521118164062e+01,-3.797947692871093750e+01,-3.435265731811523438e+01,-3.108115005493164062e+01,-3.114358520507812500e+01,-2.884554290771484375e+01,-3.029207611083984375e+01,-3.259282684326171875e+01,-3.603041076660156250e+01,-4.052685928344726562e+01,-4.276599121093750000e+01,-4.829645156860351562e+01,-4.881861114501953125e+01,-5.510514068603515625e+01,-5.555152130126953125e+01,-6.092264938354492188e+01,-5.808898925781250000e+01,-6.251667785644531250e+01,-5.727818298339843750e+01,-6.101974487304687500e+01,-5.339297866821289062e+01,-5.811627960205078125e+01,-5.071390914916992188e+01,-5.548680114746093750e+01,-4.924637985229492188e+01,-5.589791488647460938e+01,-5.141624450683593750e+01,-5.877471160888671875e+01,-5.354105377197265625e+01,-6.032340240478515625e+01,-5.675702667236328125e+01,-6.326351928710937500e+01,-6.085099029541015625e+01,-6.743390655517578125e+01,-6.692993164062500000e+01,-7.004909515380859375e+01,-6.825321197509765625e+01,-7.072959899902343750e+01,-7.007864379882812500e+01,-7.510620117187500000e+01,-7.427485656738281250e+01,-7.770645904541015625e+01,-7.523371887207031250e+01,-7.683033752441406250e+01,-6.462007141113281250e+01,-6.687406921386718750e+01,-4.889791107177734375e+01,-6.289676666259765625e+01,-6.158900451660156250e+01,-6.948558044433593750e+01,-7.149303436279296875e+01,-7.485691833496093750e+01,-7.558084106445312500e+01,-7.662174987792968750e+01,-7.752827453613281250e+01,-7.773551940917968750e+01,-7.797612762451171875e+01,-7.791598510742187500e+01,-7.854730987548828125e+01,-7.878208923339843750e+01,-7.955256652832031250e+01,-7.907315063476562500e+01,-7.797708892822265625e+01,-7.847077941894531250e+01,-7.864341735839843750e+01
-7.883806610107421875e+01,-7.998251342773437500e+01,-7.994180297851562500e+01,-7.986492919921875000e+01,-7.680229949951171875e+01,-7.589504241943359375e+01,-7.673097991943359375e+01,-7.839036560058593750e+01,-7.927736663818359375e+01,-7.938359832763671875e+01,-7.948071289062500000e+01,-7.943940734863281250e+01,-7.936296081542968750e+01,-7.899380493164062500e+01,-7.852055358886718750e+01,-7.862449645996093750e+01,-7.887054443359375000e+01,-7.922723388671875000e+01,-7.928150939941406250e+01,-7.949510955810546875e+01,-7.959635925292968750e+01,-7.977885437011718750e+01,-7.982412719726562500e+01,-7.986027526855468750e+01,-7.986410522460937500e+01,-7.990215301513671875e+01,-7.990241241455078125e+01,-7.991213989257812500e+01,-7.988575744628906250e+01,-7.989891052246093750e+01,-7.983435821533203125e+01,-7.982460021972656250e+01,-7.955201721191406250e+01,-7.948130798339843750e+01,-7.888835144042968750e+01,-7.878113555908203125e+01,-7.800799560546875000e+01,-7.729061126708984375e+01,-7.486332702636718750e+01,-7.236811065673828125e+01,-6.690174865722656250e+01,-6.125833129882812500e+01,-5.208349609375000000e+01,-5.280538558959960938e+01,-4.520302200317382812e+01,-4.237954330444335938e+01,-3.304273223876953125e+01,-3.735074615478515625e+01,-3.365449905395507812e+01,-3.498241043090820312e+01,-3.105717086791992188e+01,-3.291431808471679688e+01,-3.111962699890136719e+01,-3.348482894897460938e+01,-3.442917251586914062e+01,-3.772268676757812500e+01,-4.183351516723632812e+01,-4.480021667480468750e+01,-4.909822463989257812e+01,-5.129765701293945312e+01,-5.674262237548828125e+01,-5.870983123779296875e+01,-6.158024597167968750e+01,-6.046292495727539062e+01,-6.258429718017578125e+01,-5.939701080322265625e+01,-6.013284301757812500e+01,-5.586190795898437500e+01,-5.734971618652343750e+01,-5.454784774780273438e+01,-5.426064682006835938e+01,-5.407633209228515625e+01,-5.607439041137695312e+01,-5.723077392578125000e+01,-5.876974868774414062e+01,-5.713568115234375000e+01,-6.031816482543945312e+01,-5.910418319702148438e+01,-6.300527191162109375e+01,-6.244643402099609375e+01,-6.800243377685546875e+01,-6.811318969726562500e+01,-7.085534667968750000e+01,-6.943840026855468750e+01,-7.214435577392578125e+01,-7.090776824951171875e+01,-7.572544860839843750e+01,-7.485683441162109375e+01,-7.831159973144531250e+01,-7.685446166992187500e+01,-7.860229492187500000e+01,-7.148472595214843750e+01,-7.199082183837890625e+01,-5.431472015380859375e+01,-6.463129425048828125e+01,-6.372297286987304688e+01,-6.988282775878906250e+01,-7.169619750976562500e+01,-7.463842010498046875e+01,-7.631054687500000000e+01,-7.785104370117187500e+01,-7.861622619628906250e+01,-7.892034149169921875e+01,-7.909235382080078125e+01,-7.939102172851562500e+01,-7.946250915527343750e+01,-7.952806091308593750e+01,-7.980621337890625000e+01,-7.977671813964843750e+01,-7.954753112792968750e+01,-7.948525238037109375e+01,-7.969137573242187500e+01
-7.998619842529296875e+01,-7.891540527343750000e+01,-7.961791992187500000e+01,-7.712155151367187500e+01,-7.984631347656250000e+01,-7.881512451171875000e+01,-7.969517517089843750e+01,-7.739064788818359375e+01,-7.940823364257812500e+01,-7.918119812011718750e+01,-7.952120208740234375e+01,-7.931266021728515625e+01,-7.955941009521484375e+01,-7.944462585449218750e+01,-7.963869476318359375e+01,-7.940335083007812500e+01,-7.956585693359375000e+01,-7.951484680175781250e+01,-7.971894836425781250e+01,-7.974751281738281250e+01,-7.983256530761718750e+01,-7.982929992675781250e+01,-7.990409851074218750e+01,-7.990251159667968750e+01,-7.993337249755859375e+01,-7.991822814941406250e+01,-7.995330810546875000e+01,-7.993495178222656250e+01,-7.995356750488281250e+01,-7.993014526367187500e+01,-7.994501495361328125e+01,-7.991578674316406250e+01,-7.991615295410156250e+01,-7.983000183105468750e+01,-7.981706237792968750e+01,-7.961922454833984375e+01,-7.946566009521484375e+01,-7.865600585937500000e+01,-7.754110717773437500e+01,-7.579824829101562500e+01,-7.206372070312500000e+01,-6.551966857910156250e+01,-5.758182525634765625e+01,-5.574307250976562500e+01,-5.255918884277343750e+01,-4.708193969726562500e+01,-4.215367126464843750e+01,-4.393889999389648438e+01,-4.193142700195312500e+01,-4.189662551879882812e+01,-3.657704544067382812e+01,-3.545202255249023438e+01,-3.222671127319335938e+01,-3.377262878417968750e+01,-3.384005737304687500e+01,-3.621896743774414062e+01,-4.027490997314453125e+01,-4.417519378662109375e+01,-4.894972991943359375e+01,-5.145168304443359375e+01,-5.781298446655273438e+01,-6.015633010864257812e+01,-6.509129333496093750e+01,-6.299383544921875000e+01,-6.714688873291015625e+01,-6.303158569335937500e+01,-6.653532409667968750e+01,-5.853636932373046875e+01,-6.354328536987304688e+01,-5.662443542480468750e+01,-6.115262222290039062e+01,-5.520680618286132812e+01,-6.105003356933593750e+01,-5.760964965820312500e+01,-6.257019424438476562e+01,-5.772021484375000000e+01,-6.334362030029296875e+01,-5.929331588745117188e+01,-6.475286865234375000e+01,-6.202033996582031250e+01,-6.885314178466796875e+01,-6.797010040283203125e+01,-7.134806823730468750e+01,-6.929462432861328125e+01,-7.203829956054687500e+01,-6.859458923339843750e+01,-7.407051086425781250e+01,-7.128833770751953125e+01,-7.718066406250000000e+01,-7.440686798095703125e+01,-7.760566711425781250e+01,-6.924024963378906250e+01,-6.992575836181640625e+01,-5.488385009765625000e+01,-6.219110107421875000e+01,-6.039714813232421875e+01,-6.660517883300781250e+01,-7.150007629394531250e+01,-7.534580993652343750e+01,-7.740781402587890625e+01,-7.871662902832031250e+01,-7.950219726562500000e+01,-7.970919799804687500e+01,-7.978900146484375000e+01,-7.988713073730468750e+01,-7.993030548095703125e+01,-7.996282196044921875e+01,-7.996611022949218750e+01,-7.994992065429687500e+01,-7.981108093261718750e+01,-7.974263000488281250e+01,-7.910510253906250000e+01
-7.999874114990234375e+01,-7.999900054931640625e+01,-7.996337127685546875e+01,-7.998633575439453125e+01,-7.989766693115234375e+01,-7.998428344726562500e+01,-7.992549133300781250e+01,-7.991404724121093750e+01,-7.995851135253906250e+01,-7.997122955322265625e+01,-7.997737121582031250e+01,-7.998454284667968750e+01,-7.998937988281250000e+01,-7.998530578613281250e+01,-7.998587799072265625e+01,-7.997677612304687500e+01,-7.997914886474609375e+01,-7.997669982910156250e+01,-7.998178863525390625e+01,-7.998443603515625000e+01,-7.998832702636718750e+01,-7.998802185058593750e+01,-7.999052429199218750e+01,-7.999105834960937500e+01,-7.999176788330078125e+01,-7.999124908447265625e+01,-7.999200439453125000e+01,-7.999172973632812500e+01,-7.999203491210937500e+01,-7.999160766601562500e+01,-7.999096679687500000e+01,-7.998731994628906250e+01,-7.997744750976562500e+01,-7.995632934570312500e+01,-7.989313507080078125e+01,-7.978993225097656250e+01,-7.949401855468750000e+01,-7.892277526855468750e+01,-7.732536315917968750e+01,-7.618904113769531250e+01,-7.279797363281250000e+01,-6.691660308837890625e+01,-5.821619796752929688e+01,-5.643753814697265625e+01,-5.211013031005859375e+01,-4.640412902832031250e+01,-4.139894104003906250e+01,-4.343176269531250000e+01,-4.071287155151367188e+01,-4.104311752319335938e+01,-3.764721679687500000e+01,-3.683205032348632812e+01,-3.158582305908203125e+01,-3.323126602172851562e+01,-3.292263793945312500e+01,-3.407339859008789062e+01,-3.588206481933593750e+01,-4.012435913085937500e+01,-4.442165756225585938e+01,-4.721366119384765625e+01,-5.330961227416992188e+01,-5.727973556518554688e+01,-6.244801330566406250e+01,-6.079521179199218750e+01,-6.513444519042968750e+01,-6.182323837280273438e+01,-6.509652709960937500e+01,-5.789578247070312500e+01,-6.240356826782226562e+01,-5.636458587646484375e+01,-5.965974044799804688e+01,-5.445023727416992188e+01,-5.893688964843750000e+01,-5.524298477172851562e+01,-6.073019409179687500e+01,-5.542604446411132812e+01,-6.049210357666015625e+01,-5.687668991088867188e+01,-6.094433593750000000e+01,-5.680168151855468750e+01,-6.508751678466796875e+01,-6.355920410156250000e+01,-6.929860687255859375e+01,-6.584682464599609375e+01,-6.984854888916015625e+01,-6.605995941162109375e+01,-7.217965698242187500e+01,-6.956832885742187500e+01,-7.683328247070312500e+01,-7.485333251953125000e+01,-7.819410705566406250e+01,-7.088552856445312500e+01,-7.088644409179687500e+01,-5.346481323242187500e+01,-6.189941406250000000e+01,-5.712435913085937500e+01,-6.388419342041015625e+01,-6.771495056152343750e+01,-7.410632324218750000e+01,-7.708011627197265625e+01,-7.905529785156250000e+01,-7.970951843261718750e+01,-7.989883422851562500e+01,-7.994305419921875000e+01,-7.997331237792968750e+01,-7.998297882080078125e+01,-7.999140930175781250e+01,-7.999720001220703125e+01,-7.999484252929687500e+01,-7.997614288330078125e+01,-7.997879028320312500e+01,-7.998957824707031250e+01
-7.995973968505859375e+01,-7.997085571289062500e+01,-7.988348388671875000e+01,-7.997796630859375000e+01,-7.980946350097656250e+01,-7.985276031494140625e+01,-7.975328826904296875e+01,-7.942662048339843750e+01,-7.971964263916015625e+01,-7.968040466308593750e+01,-7.984211730957031250e+01,-7.990867614746093750e+01,-7.992959594726562500e+01,-7.994052124023437500e+01,-7.993204498291015625e+01,-7.991188049316406250e+01,-7.990107727050781250e+01,-7.990224456787109375e+01,-7.991607666015625000e+01,-7.992713165283203125e+01,-7.992939758300781250e+01,-7.994237518310546875e+01,-7.995317840576171875e+01,-7.995945739746093750e+01,-7.995372009277343750e+01,-7.995557403564453125e+01,-7.996360778808593750e+01,-7.996325683593750000e+01,-7.996482849121093750e+01,-7.996887969970703125e+01,-7.997573089599609375e+01,-7.997686004638671875e+01,-7.996915435791015625e+01,-7.995200347900390625e+01,-7.991355895996093750e+01,-7.979466247558593750e+01,-7.945347595214843750e+01,-7.881736755371093750e+01,-7.710365295410156250e+01,-7.574578094482421875e+01,-6.970643615722656250e+01,-6.492472839355468750e+01,-5.460176849365234375e+01,-5.456073379516601562e+01,-4.977410125732421875e+01,-4.443549346923828125e+01,-3.879866790771484375e+01,-4.027168273925781250e+01,-3.747682952880859375e+01,-3.711979675292968750e+01,-3.463605117797851562e+01,-3.354969406127929688e+01,-3.042737960815429688e+01,-3.271937561035156250e+01,-3.359281921386718750e+01,-3.442788696289062500e+01,-3.844168853759765625e+01,-4.204518127441406250e+01,-4.653834533691406250e+01,-4.816666412353515625e+01,-5.442044830322265625e+01,-5.714609527587890625e+01,-6.168559646606445312e+01,-5.933306121826171875e+01,-6.352372741699218750e+01,-6.005658721923828125e+01,-6.328073501586914062e+01,-5.647733306884765625e+01,-6.122658157348632812e+01,-5.516442108154296875e+01,-5.895475769042968750e+01,-5.442173767089843750e+01,-5.882683563232421875e+01,-5.569415283203125000e+01,-5.970774459838867188e+01,-5.454790115356445312e+01,-5.892430877685546875e+01,-5.456732940673828125e+01,-5.900146102905273438e+01,-5.603445434570312500e+01,-6.193654251098632812e+01,-6.179055023193359375e+01,-6.563311767578125000e+01,-6.251962661743164062e+01,-6.677608489990234375e+01,-6.173461532592773438e+01,-6.954930114746093750e+01,-6.448449707031250000e+01,-7.402160644531250000e+01,-7.027070617675781250e+01,-7.561901855468750000e+01,-6.598987579345703125e+01,-6.668330383300781250e+01,-4.896734619140625000e+01,-5.873242187500000000e+01,-5.525291824340820312e+01,-6.211014556884765625e+01,-6.692745971679687500e+01,-7.279351806640625000e+01,-7.534812927246093750e+01,-7.776725769042968750e+01,-7.901077270507812500e+01,-7.958451843261718750e+01,-7.963964843750000000e+01,-7.985707092285156250e+01,-7.991764831542968750e+01,-7.996171569824218750e+01,-7.997615051269531250e+01,-7.996095275878906250e+01,-7.980094909667968750e+01,-7.978316497802734375e+01,-7.976293182373046875e+01
-7.982621765136718750e+01,-7.996864318847656250e+01,-7.962797546386718750e+01,-7.993176269531250000e+01,-7.997935485839843750e+01,-7.995146942138671875e+01,-7.994265747070312500e+01,-7.992674255371093750e+01,-7.997367095947265625e+01,-7.996624755859375000e+01,-7.995516967773437500e+01,-7.995539855957031250e+01,-7.996463012695312500e+01,-7.995943450927734375e+01,-7.995755767822265625e+01,-7.992512512207031250e+01,-7.993803405761718750e+01,-7.992901611328125000e+01,-7.994053649902343750e+01,-7.992217254638671875e+01,-7.993177795410156250e+01,-7.993112182617187500e+01,-7.994857788085937500e+01,-7.993598937988281250e+01,-7.993904113769531250e+01,-7.992174530029296875e+01,-7.993444061279296875e+01,-7.990109252929687500e+01,-7.992097473144531250e+01,-7.987469482421875000e+01,-7.990801239013671875e+01,-7.986825561523437500e+01,-7.987520599365234375e+01,-7.977545166015625000e+01,-7.976786804199218750e+01,-7.941833496093750000e+01,-7.911064147949218750e+01,-7.747277832031250000e+01,-7.544883728027343750e+01,-7.151986694335937500e+01,-6.644759368896484375e+01,-6.013388824462890625e+01,-5.375174331665039062e+01,-5.343833923339843750e+01,-4.980900573730468750e+01,-4.303941726684570312e+01,-3.669733428955078125e+01,-3.961494064331054688e+01,-3.743650054931640625e+01,-3.474257659912109375e+01,-3.386430740356445312e+01,-3.600188446044921875e+01,-3.574142456054687500e+01,-3.581211471557617188e+01,-3.909915924072265625e+01,-4.002567291259765625e+01,-4.371731185913085938e+01,-4.569392776489257812e+01,-4.939657592773437500e+01,-4.971443557739257812e+01,-5.403215789794921875e+01,-5.625050354003906250e+01,-6.006127548217773438e+01,-5.743399810791015625e+01,-6.093925476074218750e+01,-5.724909210205078125e+01,-6.042866134643554688e+01,-5.306677627563476562e+01,-5.859169769287109375e+01,-5.174440383911132812e+01,-5.684867477416992188e+01,-5.050402450561523438e+01,-5.779437637329101562e+01,-5.392034912109375000e+01,-5.937288665771484375e+01,-5.341825866699218750e+01,-5.808647918701171875e+01,-5.141201400756835938e+01,-5.657635116577148438e+01,-5.143188476562500000e+01,-5.854497528076171875e+01,-5.644712829589843750e+01,-6.382064819335937500e+01,-5.881240081787109375e+01,-6.701950073242187500e+01,-6.244634246826171875e+01,-7.373097229003906250e+01,-7.045910644531250000e+01,-7.724894714355468750e+01,-7.376213073730468750e+01,-7.634619903564453125e+01,-6.618975830078125000e+01,-6.542130279541015625e+01,-5.259029006958007812e+01,-6.022955322265625000e+01,-6.213536834716796875e+01,-6.706690979003906250e+01,-7.276755523681640625e+01,-7.512265014648437500e+01,-7.774611663818359375e+01,-7.882903289794921875e+01,-7.954934692382812500e+01,-7.975782775878906250e+01,-7.983499908447265625e+01,-7.992713165283203125e+01,-7.995164489746093750e+01,-7.996543121337890625e+01,-7.998164367675781250e+01,-7.996808624267578125e+01,-7.990086364746093750e+01,-7.991020202636718750e+01,-7.995805358886718750e+01
-7.906158447265625000e+01,-7.768700408935546875e+01,-7.981462097167968750e+01,-7.977512359619140625e+01,-7.965904998779296875e+01,-7.703574371337890625e+01,-7.976611328125000000e+01,-7.920040893554687500e+01,-7.982180786132812500e+01,-7.959951782226562500e+01,-7.958750152587890625e+01,-7.961916351318359375e+01,-7.972946166992187500e+01,-7.952311706542968750e+01,-7.968553161621093750e+01,-7.945527648925781250e+01,-7.964985656738281250e+01,-7.952371215820312500e+01,-7.972171783447265625e+01,-7.959975433349609375e+01,-7.975894165039062500e+01,-7.970153808593750000e+01,-7.984918975830078125e+01,-7.976959228515625000e+01,-7.983666992187500000e+01,-7.976908874511718750e+01,-7.988475036621093750e+01,-7.980641174316406250e+01,-7.987528991699218750e+01,-7.980598449707031250e+01,-7.988757324218750000e+01,-7.981008911132812500e+01,-7.983259582519531250e+01,-7.964343261718750000e+01,-7.963531494140625000e+01,-7.893305969238281250e+01,-7.813072967529296875e+01,-7.524850463867187500e+01,-7.172154998779296875e+01,-6.799073028564453125e+01,-6.375537490844726562e+01,-5.976795959472656250e+01,-5.323404693603515625e+01,-5.206130981445312500e+01,-4.859511184692382812e+01,-4.038767623901367188e+01,-3.580142211914062500e+01,-3.840739440917968750e+01,-3.733286666870117188e+01,-3.487214660644531250e+01,-3.212232589721679688e+01,-3.479781723022460938e+01,-3.326757812500000000e+01,-3.308108139038085938e+01,-3.538051223754882812e+01,-3.614176559448242188e+01,-4.080177688598632812e+01,-4.209759521484375000e+01,-4.683276748657226562e+01,-4.662017822265625000e+01,-5.221556472778320312e+01,-5.283564758300781250e+01,-5.867898559570312500e+01,-5.487099075317382812e+01,-5.998246002197265625e+01,-5.529824066162109375e+01,-6.022921752929687500e+01,-5.257389831542968750e+01,-5.950537872314453125e+01,-5.180529785156250000e+01,-5.869783401489257812e+01,-5.166529083251953125e+01,-5.907621765136718750e+01,-5.323322296142578125e+01,-6.039656829833984375e+01,-5.131144714355468750e+01,-5.865952301025390625e+01,-5.016997146606445312e+01,-5.683235168457031250e+01,-4.960639953613281250e+01,-5.908115768432617188e+01,-5.671312713623046875e+01,-6.344908142089843750e+01,-6.070790863037109375e+01,-6.622100830078125000e+01,-6.434171295166015625e+01,-7.211325073242187500e+01,-6.907629394531250000e+01,-7.559062194824218750e+01,-7.224772644042968750e+01,-7.525299835205078125e+01,-6.506000518798828125e+01,-6.371760940551757812e+01,-5.277289962768554688e+01,-5.712680816650390625e+01,-5.943378067016601562e+01,-6.496777343750000000e+01,-6.970484924316406250e+01,-7.390551757812500000e+01,-7.701478576660156250e+01,-7.861229705810546875e+01,-7.934478759765625000e+01,-7.971903991699218750e+01,-7.980733489990234375e+01,-7.990727996826171875e+01,-7.992028045654296875e+01,-7.995475769042968750e+01,-7.997122955322265625e+01,-7.991765594482421875e+01,-7.979232788085937500e+01,-7.964372253417968750e+01,-7.934097290039062500e+01
-7.948849487304687500e+01,-7.742070007324218750e+01,-7.972649383544921875e+01,-7.972702026367187500e+01,-7.647240447998046875e+01,-7.896578979492187500e+01,-7.215670776367187500e+01,-7.483540344238281250e+01,-7.450004577636718750e+01,-7.725726318359375000e+01,-7.620359802246093750e+01,-7.761726379394531250e+01,-7.788230133056640625e+01,-7.753411865234375000e+01,-7.654123687744140625e+01,-7.627087402343750000e+01,-7.654093933105468750e+01,-7.652893829345703125e+01,-7.688418579101562500e+01,-7.739906311035156250e+01,-7.804672241210937500e+01,-7.823944854736328125e+01,-7.843123626708984375e+01,-7.867295837402343750e+01,-7.890474700927734375e+01,-7.907678222656250000e+01,-7.920900726318359375e+01,-7.915762329101562500e+01,-7.923953247070312500e+01,-7.923632049560546875e+01,-7.930371093750000000e+01,-7.920448303222656250e+01,-7.919637298583984375e+01,-7.891213989257812500e+01,-7.843080902099609375e+01,-7.767161560058593750e+01,-7.658564758300781250e+01,-7.519210815429687500e+01,-7.257344055175781250e+01,-7.135537719726562500e+01,-6.738754272460937500e+01,-6.402919006347656250e+01,-5.874719238281250000e+01,-5.803160095214843750e+01,-5.109201049804687500e+01,-4.553583526611328125e+01,-4.056483078002929688e+01,-4.290104675292968750e+01,-3.870701217651367188e+01,-3.618520736694335938e+01,-3.622452545166015625e+01,-3.748504638671875000e+01,-3.863563537597656250e+01,-3.876685714721679688e+01,-4.320910263061523438e+01,-4.433967971801757812e+01,-4.869221496582031250e+01,-4.945121765136718750e+01,-5.361858367919921875e+01,-5.369642639160156250e+01,-5.768090057373046875e+01,-5.788146972656250000e+01,-6.108996200561523438e+01,-5.850517272949218750e+01,-6.107735443115234375e+01,-5.786447525024414062e+01,-5.959867095947265625e+01,-5.465198516845703125e+01,-5.758439636230468750e+01,-5.402493667602539062e+01,-5.703426361083984375e+01,-5.454692840576171875e+01,-5.832201385498046875e+01,-5.667588806152343750e+01,-6.166204071044921875e+01,-5.626893234252929688e+01,-6.200107955932617188e+01,-5.710796356201171875e+01,-6.298690032958984375e+01,-5.825691223144531250e+01,-6.551892852783203125e+01,-6.388637542724609375e+01,-6.953166961669921875e+01,-6.601528930664062500e+01,-7.108690643310546875e+01,-6.890779113769531250e+01,-7.398056030273437500e+01,-7.144371795654296875e+01,-7.619001007080078125e+01,-7.388204193115234375e+01,-7.556690979003906250e+01,-6.942210388183593750e+01,-6.671072387695312500e+01,-6.052477264404296875e+01,-6.143634796142578125e+01,-6.354312896728515625e+01,-6.789231872558593750e+01,-7.241493225097656250e+01,-7.539038085937500000e+01,-7.751487731933593750e+01,-7.872572326660156250e+01,-7.933761596679687500e+01,-7.955900573730468750e+01,-7.961262512207031250e+01,-7.962772369384765625e+01,-7.966282653808593750e+01,-7.961447143554687500e+01,-7.968877410888671875e+01,-7.869161987304687500e+01,-7.741323089599609375e+01,-7.694423675537109375e+01,-7.538881683349609375e+01
-7.999528503417968750e+01,-7.932081604003906250e+01,-7.996806335449218750e+01,-7.998085021972656250e+01,-7.996150207519531250e+01,-7.924072265625000000e+01,-7.980169677734375000e+01,-7.932357025146484375e+01,-7.992168426513671875e+01,-7.989233398437500000e+01,-7.990961456298828125e+01,-7.989892578125000000e+01,-7.993338012695312500e+01,-7.984378051757812500e+01,-7.985322570800781250e+01,-7.969947814941406250e+01,-7.984187316894531250e+01,-7.977910614013671875e+01,-7.986892700195312500e+01,-7.982193756103515625e+01,-7.989303588867187500e+01,-7.985800933837890625e+01,-7.990921020507812500e+01,-7.989067077636718750e+01,-7.992683410644531250e+01,-7.989942932128906250e+01,-7.991896820068359375e+01,-7.987548828125000000e+01,-7.989450073242187500e+01,-7.981544494628906250e+01,-7.986259460449218750e+01,-7.973442077636718750e+01,-7.981636047363281250e+01,-7.956167602539062500e+01,-7.959585571289062500e+01,-7.900076293945312500e+01,-7.872452545166015625e+01,-7.648905944824218750e+01,-7.354114532470703125e+01,-7.110971832275390625e+01,-6.591837310791015625e+01,-6.414442443847656250e+01,-5.868351364135742188e+01,-5.938414382934570312e+01,-5.318267822265625000e+01,-4.865810394287109375e+01,-4.450939559936523438e+01,-4.681184387207031250e+01,-4.212676239013671875e+01,-3.999368667602539062e+01,-3.777697753906250000e+01,-3.724422836303710938e+01,-3.793501663208007812e+01,-3.827336883544921875e+01,-4.098420333862304688e+01,-4.234086227416992188e+01,-4.647160339355468750e+01,-4.761884307861328125e+01,-5.106336975097656250e+01,-5.131121826171875000e+01,-5.484719848632812500e+01,-5.537046051025390625e+01,-5.821485137939453125e+01,-5.659136581420898438e+01,-5.944600677490234375e+01,-5.675790786743164062e+01,-5.865941238403320312e+01,-5.564762115478515625e+01,-5.864966583251953125e+01,-5.630923843383789062e+01,-5.870040512084960938e+01,-5.696338653564453125e+01,-6.025973892211914062e+01,-5.896718597412109375e+01,-6.179179382324218750e+01,-5.860988235473632812e+01,-6.284461593627929688e+01,-6.007003021240234375e+01,-6.387063980102539062e+01,-6.106159210205078125e+01,-6.700781250000000000e+01,-6.635069274902343750e+01,-7.097437286376953125e+01,-6.829973602294921875e+01,-7.300634765625000000e+01,-7.111783599853515625e+01,-7.569903564453125000e+01,-7.402882385253906250e+01,-7.792623901367187500e+01,-7.640057373046875000e+01,-7.713162231445312500e+01,-7.096450805664062500e+01,-6.558734893798828125e+01,-5.718847274780273438e+01,-6.087288284301757812e+01,-6.602040100097656250e+01,-7.216329193115234375e+01,-7.665750122070312500e+01,-7.865548706054687500e+01,-7.950211334228515625e+01,-7.981787109375000000e+01,-7.993725585937500000e+01,-7.996644592285156250e+01,-7.997187042236328125e+01,-7.998076629638671875e+01,-7.997584533691406250e+01,-7.997815704345703125e+01,-7.996371459960937500e+01,-7.984384155273437500e+01,-7.964163208007812500e+01,-7.985301208496093750e+01,-7.945573425292968750e+01
-7.998574066162109375e+01,-7.923818969726562500e+01,-7.975769805908203125e+01,-7.991531372070312500e+01,-7.859177398681640625e+01,-7.916871643066406250e+01,-7.961579895019531250e+01,-7.981610107421875000e+01,-7.994847869873046875e+01,-7.991625976562500000e+01,-7.990384674072265625e+01,-7.990008544921875000e+01,-7.990953826904296875e+01,-7.983773803710937500e+01,-7.980023193359375000e+01,-7.971936798095703125e+01,-7.986579895019531250e+01,-7.987141418457031250e+01,-7.991754150390625000e+01,-7.988542938232421875e+01,-7.993225097656250000e+01,-7.992860412597656250e+01,-7.995812988281250000e+01,-7.994726562500000000e+01,-7.996099853515625000e+01,-7.995437622070312500e+01,-7.996325683593750000e+01,-7.994680023193359375e+01,-7.995668792724609375e+01,-7.993613433837890625e+01,-7.993750762939453125e+01,-7.988383483886718750e+01,-7.989363098144531250e+01,-7.980390930175781250e+01,-7.975765991210937500e+01,-7.940396118164062500e+01,-7.883296203613281250e+01,-7.669084167480468750e+01,-7.404113769531250000e+01,-7.033045196533203125e+01,-6.800144958496093750e+01,-6.444454956054687500e+01,-6.251477813720703125e+01,-5.814529800415039062e+01,-5.563870620727539062e+01,-4.868217849731445312e+01,-4.695708084106445312e+01,-5.089227294921875000e+01,-4.726616287231445312e+01,-4.446263122558593750e+01,-4.139273452758789062e+01,-4.289480590820312500e+01,-3.897225952148437500e+01,-3.887244033813476562e+01,-3.865156936645507812e+01,-4.137466049194335938e+01,-4.160329818725585938e+01,-4.438821029663085938e+01,-4.586424255371093750e+01,-4.869365692138671875e+01,-4.994638442993164062e+01,-5.237041854858398438e+01,-5.424050140380859375e+01,-5.515354537963867188e+01,-5.524250030517578125e+01,-5.519101333618164062e+01,-5.522347259521484375e+01,-5.437456130981445312e+01,-5.445435333251953125e+01,-5.471181488037109375e+01,-5.584940719604492188e+01,-5.803406143188476562e+01,-5.884475326538085938e+01,-6.142521667480468750e+01,-6.291722869873046875e+01,-6.377940368652343750e+01,-6.466604614257812500e+01,-6.254647064208984375e+01,-6.494703674316406250e+01,-6.112778472900390625e+01,-6.624458312988281250e+01,-6.413568878173828125e+01,-7.029576110839843750e+01,-6.759605407714843750e+01,-7.407879638671875000e+01,-7.245309448242187500e+01,-7.740895080566406250e+01,-7.654219055175781250e+01,-7.891351318359375000e+01,-7.731233978271484375e+01,-7.788374328613281250e+01,-7.198281860351562500e+01,-6.754722595214843750e+01,-5.810536193847656250e+01,-6.200798034667968750e+01,-6.766679382324218750e+01,-7.266789245605468750e+01,-7.695622253417968750e+01,-7.851023864746093750e+01,-7.936735534667968750e+01,-7.968839263916015625e+01,-7.984610748291015625e+01,-7.991331481933593750e+01,-7.994444274902343750e+01,-7.996315002441406250e+01,-7.996452331542968750e+01,-7.996836090087890625e+01,-7.997294616699218750e+01,-7.990808105468750000e+01,-7.980755615234375000e+01,-7.987783050537109375e+01,-7.960264587402343750e+01
-7.999911499023437500e+01,-7.999108886718750000e+01,-7.910316467285156250e+01,-7.992987060546875000e+01,-7.580010986328125000e+01,-7.940427398681640625e+01,-7.828812408447265625e+01,-7.958180236816406250e+01,-7.967054748535156250e+01,-7.980673980712890625e+01,-7.978887939453125000e+01,-7.979602813720703125e+01,-7.973725891113281250e+01,-7.950294494628906250e+01,-7.944007873535156250e+01,-7.930467224121093750e+01,-7.952951812744140625e+01,-7.948240661621093750e+01,-7.964518737792968750e+01,-7.962472534179687500e+01,-7.974395751953125000e+01,-7.970510864257812500e+01,-7.978484344482421875e+01,-7.978167724609375000e+01,-7.982227325439453125e+01,-7.979103088378906250e+01,-7.982809448242187500e+01,-7.981701660156250000e+01,-7.986040496826171875e+01,-7.983576965332031250e+01,-7.986338043212890625e+01,-7.979379272460937500e+01,-7.984182739257812500e+01,-7.972164916992187500e+01,-7.965393829345703125e+01,-7.940235900878906250e+01,-7.890077209472656250e+01,-7.738889312744140625e+01,-7.404890441894531250e+01,-7.074085998535156250e+01,-6.624124145507812500e+01,-5.984601211547851562e+01,-5.823397827148437500e+01,-5.706345367431640625e+01,-5.357591247558593750e+01,-4.813333892822265625e+01,-4.715107727050781250e+01,-5.131874084472656250e+01,-4.712274932861328125e+01,-4.749564361572265625e+01,-4.412361526489257812e+01,-4.500249481201171875e+01,-3.976181030273437500e+01,-4.062948226928710938e+01,-3.737348175048828125e+01,-4.105659866333007812e+01,-3.901390457153320312e+01,-4.384049987792968750e+01,-4.335553741455078125e+01,-4.777637863159179688e+01,-4.858171844482421875e+01,-5.286900329589843750e+01,-5.399819183349609375e+01,-5.545949554443359375e+01,-5.569387817382812500e+01,-5.601094818115234375e+01,-5.549407958984375000e+01,-5.614954376220703125e+01,-5.599658203125000000e+01,-5.763315582275390625e+01,-5.705578613281250000e+01,-6.114862060546875000e+01,-6.018485260009765625e+01,-6.340776443481445312e+01,-6.344709777832031250e+01,-6.457466125488281250e+01,-6.534648132324218750e+01,-6.459425354003906250e+01,-6.596890258789062500e+01,-6.353300476074218750e+01,-6.747422027587890625e+01,-6.583200073242187500e+01,-7.051515960693359375e+01,-6.793675994873046875e+01,-7.293465423583984375e+01,-7.100320434570312500e+01,-7.604173278808593750e+01,-7.472911071777343750e+01,-7.838591766357421875e+01,-7.706965637207031250e+01,-7.816427612304687500e+01,-7.165017700195312500e+01,-6.881360626220703125e+01,-5.829261398315429688e+01,-6.234885787963867188e+01,-6.523181915283203125e+01,-6.958776092529296875e+01,-7.447567749023437500e+01,-7.719319152832031250e+01,-7.841619873046875000e+01,-7.895253753662109375e+01,-7.945736694335937500e+01,-7.967234039306640625e+01,-7.976301574707031250e+01,-7.975471496582031250e+01,-7.973432922363281250e+01,-7.987209320068359375e+01,-7.992565917968750000e+01,-7.978670501708984375e+01,-7.946010589599609375e+01,-7.968347167968750000e+01,-7.956539916992187500e+01
-7.999705505371093750e+01,-7.999902343750000000e+01,-7.999445343017578125e+01,-7.995721435546875000e+01,-7.999447631835937500e+01,-7.987893676757812500e+01,-7.997343444824218750e+01,-7.995375061035156250e+01,-7.999339294433593750e+01,-7.999072265625000000e+01,-7.999160766601562500e+01,-7.998772430419921875e+01,-7.999231719970703125e+01,-7.998169708251953125e+01,-7.998542785644531250e+01,-7.996968078613281250e+01,-7.998394775390625000e+01,-7.997695922851562500e+01,-7.998712158203125000e+01,-7.997978210449218750e+01,-7.998802947998046875e+01,-7.998245239257812500e+01,-7.999011230468750000e+01,-7.998368835449218750e+01,-7.998898315429687500e+01,-7.998211669921875000e+01,-7.998860931396484375e+01,-7.997961425781250000e+01,-7.998616027832031250e+01,-7.997479248046875000e+01,-7.998102569580078125e+01,-7.995356750488281250e+01,-7.995699310302734375e+01,-7.988667297363281250e+01,-7.986767578125000000e+01,-7.961607360839843750e+01,-7.937654113769531250e+01,-7.805209350585937500e+01,-7.659152221679687500e+01,-7.313001251220703125e+01,-6.984176635742187500e+01,-6.400879669189453125e+01,-6.157472229003906250e+01,-5.675729751586914062e+01,-5.324156951904296875e+01,-4.379444122314453125e+01,-4.305216598510742188e+01,-4.426464080810546875e+01,-4.263263702392578125e+01,-4.097060775756835938e+01,-4.191302490234375000e+01,-4.326522445678710938e+01,-4.107865905761718750e+01,-4.207482528686523438e+01,-4.244315338134765625e+01,-4.412462997436523438e+01,-4.568095016479492188e+01,-4.848904800415039062e+01,-5.010932922363281250e+01,-5.071008300781250000e+01,-5.292685699462890625e+01,-5.477361297607421875e+01,-5.710053253173828125e+01,-5.641680908203125000e+01,-5.874200057983398438e+01,-5.753645324707031250e+01,-5.910138320922851562e+01,-5.743669891357421875e+01,-6.019694900512695312e+01,-6.019299316406250000e+01,-6.269309997558593750e+01,-6.343415832519531250e+01,-6.582627105712890625e+01,-6.687875366210937500e+01,-6.912918090820312500e+01,-6.847309112548828125e+01,-6.951338958740234375e+01,-6.680819702148437500e+01,-6.744082641601562500e+01,-6.505206298828125000e+01,-6.761521911621093750e+01,-6.711434936523437500e+01,-6.979682922363281250e+01,-6.949404144287109375e+01,-7.254875183105468750e+01,-7.198408508300781250e+01,-7.619506835937500000e+01,-7.615097045898437500e+01,-7.882359313964843750e+01,-7.807566833496093750e+01,-7.841416168212890625e+01,-7.316539001464843750e+01,-6.681497955322265625e+01,-5.771099472045898438e+01,-5.852344894409179688e+01,-6.442218780517578125e+01,-6.663418579101562500e+01,-7.306797027587890625e+01,-7.499987792968750000e+01,-7.781285095214843750e+01,-7.875062561035156250e+01,-7.953569030761718750e+01,-7.982141113281250000e+01,-7.988949584960937500e+01,-7.994028472900390625e+01,-7.997087097167968750e+01,-7.998229217529296875e+01,-7.999096679687500000e+01,-7.998181152343750000e+01,-7.994067382812500000e+01,-7.995059204101562500e+01,-7.997132110595703125e+01
-7.999936676025390625e+01,-7.994799804687500000e+01,-7.994268035888671875e+01,-7.998337554931640625e+01,-7.972286987304687500e+01,-7.997474670410156250e+01,-7.983517456054687500e+01,-7.992546081542968750e+01,-7.994507598876953125e+01,-7.992694091796875000e+01,-7.989932250976562500e+01,-7.993161773681640625e+01,-7.986641693115234375e+01,-7.987841033935546875e+01,-7.979876708984375000e+01,-7.980657196044921875e+01,-7.978968811035156250e+01,-7.982356262207031250e+01,-7.983238983154296875e+01,-7.984397888183593750e+01,-7.984652709960937500e+01,-7.986784362792968750e+01,-7.988385009765625000e+01,-7.989719390869140625e+01,-7.988705444335937500e+01,-7.989992523193359375e+01,-7.990313720703125000e+01,-7.990435791015625000e+01,-7.990729522705078125e+01,-7.991288757324218750e+01,-7.991416931152343750e+01,-7.988331604003906250e+01,-7.987443542480468750e+01,-7.979413604736328125e+01,-7.968281555175781250e+01,-7.932755279541015625e+01,-7.875581359863281250e+01,-7.684958648681640625e+01,-7.393559265136718750e+01,-6.877114868164062500e+01,-6.492170715332031250e+01,-5.815274810791015625e+01,-5.588536453247070312e+01,-5.433929443359375000e+01,-5.216562652587890625e+01,-4.627805328369140625e+01,-4.479627990722656250e+01,-4.490966033935546875e+01,-4.133570098876953125e+01,-3.852083206176757812e+01,-3.847551727294921875e+01,-4.101951217651367188e+01,-4.211783599853515625e+01,-4.440624237060546875e+01,-4.857576751708984375e+01,-5.221717834472656250e+01,-5.713433074951171875e+01,-5.941483688354492188e+01,-6.184494400024414062e+01,-6.283124923706054688e+01,-6.564964294433593750e+01,-6.555818939208984375e+01,-6.669938659667968750e+01,-6.480540466308593750e+01,-6.677531433105468750e+01,-6.364103317260742188e+01,-6.511950683593750000e+01,-6.220121765136718750e+01,-6.565099334716796875e+01,-6.305273437500000000e+01,-6.603691864013671875e+01,-6.441547393798828125e+01,-6.759544372558593750e+01,-6.607101440429687500e+01,-6.886935424804687500e+01,-6.471336364746093750e+01,-6.878154754638671875e+01,-6.452920532226562500e+01,-6.645263671875000000e+01,-6.277061462402343750e+01,-6.825369262695312500e+01,-6.606033325195312500e+01,-6.970281982421875000e+01,-6.739700317382812500e+01,-7.195967864990234375e+01,-7.134558105468750000e+01,-7.637153625488281250e+01,-7.620850372314453125e+01,-7.917327880859375000e+01,-7.844967651367187500e+01,-7.881407928466796875e+01,-7.233012390136718750e+01,-6.805686187744140625e+01,-5.502548599243164062e+01,-5.652021026611328125e+01,-5.920433425903320312e+01,-6.152724075317382812e+01,-6.603805541992187500e+01,-7.080019378662109375e+01,-7.395805358886718750e+01,-7.706268310546875000e+01,-7.856285095214843750e+01,-7.923011779785156250e+01,-7.945178222656250000e+01,-7.946412658691406250e+01,-7.972982788085937500e+01,-7.979801940917968750e+01,-7.995495605468750000e+01,-7.976329040527343750e+01,-7.963870239257812500e+01,-7.965788269042968750e+01,-7.974803161621093750e+01
-7.999885559082031250e+01,-7.999913024902343750e+01,-7.999804687500000000e+01,-7.998463439941406250e+01,-7.998776245117187500e+01,-7.999474334716796875e+01,-7.999182128906250000e+01,-7.999148559570312500e+01,-7.999773406982421875e+01,-7.999580383300781250e+01,-7.999517822265625000e+01,-7.999288940429687500e+01,-7.999198913574218750e+01,-7.998693084716796875e+01,-7.998194885253906250e+01,-7.997566223144531250e+01,-7.998370361328125000e+01,-7.998138427734375000e+01,-7.998726654052734375e+01,-7.998225402832031250e+01,-7.998706054687500000e+01,-7.998342895507812500e+01,-7.998804473876953125e+01,-7.998381042480468750e+01,-7.998633575439453125e+01,-7.998301696777343750e+01,-7.998589324951171875e+01,-7.997827148437500000e+01,-7.998196411132812500e+01,-7.997466278076171875e+01,-7.997933959960937500e+01,-7.996580505371093750e+01,-7.996711730957031250e+01,-7.993121337890625000e+01,-7.988734436035156250e+01,-7.961367797851562500e+01,-7.904600524902343750e+01,-7.624802398681640625e+01,-7.110231018066406250e+01,-6.379146575927734375e+01,-5.685783004760742188e+01,-5.295354843139648438e+01,-4.877373504638671875e+01,-5.031249618530273438e+01,-4.673962402343750000e+01,-4.210719299316406250e+01,-4.211888122558593750e+01,-4.523896789550781250e+01,-4.266880035400390625e+01,-4.215521240234375000e+01,-4.167950820922851562e+01,-4.548336410522460938e+01,-4.474440383911132812e+01,-4.823701858520507812e+01,-5.020302963256835938e+01,-5.302289962768554688e+01,-5.691637802124023438e+01,-5.915911865234375000e+01,-6.100759124755859375e+01,-6.216065216064453125e+01,-6.381629562377929688e+01,-6.563080596923828125e+01,-6.582211303710937500e+01,-6.536590576171875000e+01,-6.633978271484375000e+01,-6.501812744140625000e+01,-6.653715515136718750e+01,-6.368852996826171875e+01,-6.761428833007812500e+01,-6.407490539550781250e+01,-6.826678466796875000e+01,-6.445440673828125000e+01,-6.872436523437500000e+01,-6.543234252929687500e+01,-6.833680725097656250e+01,-6.495033264160156250e+01,-6.822039794921875000e+01,-6.526279449462890625e+01,-6.750649261474609375e+01,-6.505792236328125000e+01,-6.945883178710937500e+01,-6.896430969238281250e+01,-7.246707153320312500e+01,-7.083319854736328125e+01,-7.482551574707031250e+01,-7.362503814697265625e+01,-7.743119812011718750e+01,-7.619143676757812500e+01,-7.896961975097656250e+01,-7.732976531982421875e+01,-7.723764801025390625e+01,-6.871569824218750000e+01,-6.113396072387695312e+01,-5.623811340332031250e+01,-6.127101516723632812e+01,-6.639808654785156250e+01,-7.211528015136718750e+01,-7.674054718017578125e+01,-7.876423645019531250e+01,-7.955268859863281250e+01,-7.982987976074218750e+01,-7.994552612304687500e+01,-7.997364807128906250e+01,-7.997557830810546875e+01,-7.998656463623046875e+01,-7.999198913574218750e+01,-7.999565124511718750e+01,-7.999737548828125000e+01,-7.996896362304687500e+01,-7.991712951660156250e+01,-7.981546020507812500e+01,-7.976816558837890625e+01
-7.998049926757812500e+01,-7.985741424560546875e+01,-7.927786254882812500e+01,-7.976794433593750000e+01,-7.950808715820312500e+01,-7.996519470214843750e+01,-7.986801147460937500e+01,-7.984334564208984375e+01,-7.993823242187500000e+01,-7.988320922851562500e+01,-7.984434509277343750e+01,-7.980664062500000000e+01,-7.979656982421875000e+01,-7.979195404052734375e+01,-7.979011535644531250e+01,-7.975926208496093750e+01,-7.979761505126953125e+01,-7.980532836914062500e+01,-7.988006591796875000e+01,-7.986135101318359375e+01,-7.990351104736328125e+01,-7.990267944335937500e+01,-7.993823242187500000e+01,-7.993220520019531250e+01,-7.994505310058593750e+01,-7.995092773437500000e+01,-7.996443176269531250e+01,-7.996295166015625000e+01,-7.996861267089843750e+01,-7.996520233154296875e+01,-7.997126770019531250e+01,-7.995962524414062500e+01,-7.993525695800781250e+01,-7.991029357910156250e+01,-7.984887695312500000e+01,-7.969169616699218750e+01,-7.917346191406250000e+01,-7.766072845458984375e+01,-7.473871612548828125e+01,-7.033641815185546875e+01,-6.255172729492187500e+01,-5.824723815917968750e+01,-5.445547485351562500e+01,-5.530870056152343750e+01,-4.598101806640625000e+01,-4.283875274658203125e+01,-4.013967514038085938e+01,-4.394257354736328125e+01,-4.037719345092773438e+01,-4.311563873291015625e+01,-4.253312301635742188e+01,-4.532567214965820312e+01,-4.362077713012695312e+01,-4.662142181396484375e+01,-4.767313766479492188e+01,-5.054413986206054688e+01,-5.253886413574218750e+01,-5.538646316528320312e+01,-5.757427597045898438e+01,-5.923780822753906250e+01,-6.076799011230468750e+01,-6.294507598876953125e+01,-6.442871093750000000e+01,-6.490629577636718750e+01,-6.623138427734375000e+01,-6.553152465820312500e+01,-6.704409027099609375e+01,-6.487637329101562500e+01,-6.711135101318359375e+01,-6.514485168457031250e+01,-6.736170959472656250e+01,-6.530908203125000000e+01,-6.873115539550781250e+01,-6.675208282470703125e+01,-6.884192657470703125e+01,-6.666278076171875000e+01,-6.907729339599609375e+01,-6.713412475585937500e+01,-6.908377075195312500e+01,-6.662669372558593750e+01,-7.108188629150390625e+01,-6.974607849121093750e+01,-7.322762298583984375e+01,-7.204182434082031250e+01,-7.546593475341796875e+01,-7.477273559570312500e+01,-7.771672058105468750e+01,-7.713698577880859375e+01,-7.896505737304687500e+01,-7.772425842285156250e+01,-7.733696746826171875e+01,-6.740435028076171875e+01,-6.097579956054687500e+01,-5.254638290405273438e+01,-6.111907958984375000e+01,-6.639292907714843750e+01,-7.193161773681640625e+01,-7.520227050781250000e+01,-7.739601898193359375e+01,-7.821560668945312500e+01,-7.919706726074218750e+01,-7.960398864746093750e+01,-7.975230407714843750e+01,-7.979992675781250000e+01,-7.989546203613281250e+01,-7.993733215332031250e+01,-7.994682312011718750e+01,-7.995019531250000000e+01,-7.978440093994140625e+01,-7.951232910156250000e+01,-7.940992736816406250e+01,-7.330409240722656250e+01
-7.999463653564453125e+01,-7.999596405029296875e+01,-7.960652160644531250e+01,-7.997609710693359375e+01,-7.989582061767578125e+01,-7.998513793945312500e+01,-7.991503143310546875e+01,-7.987100219726562500e+01,-7.983750915527343750e+01,-7.983302307128906250e+01,-7.980071258544921875e+01,-7.976508331298828125e+01,-7.969003295898437500e+01,-7.966709136962890625e+01,-7.966931152343750000e+01,-7.966314697265625000e+01,-7.954633331298828125e+01,-7.951312255859375000e+01,-7.957241821289062500e+01,-7.963636779785156250e+01,-7.969967651367187500e+01,-7.976939392089843750e+01,-7.980601501464843750e+01,-7.982418823242187500e+01,-7.983841705322265625e+01,-7.987483215332031250e+01,-7.986857604980468750e+01,-7.985562133789062500e+01,-7.981638336181640625e+01,-7.982698059082031250e+01,-7.973957824707031250e+01,-7.970646667480468750e+01,-7.946331787109375000e+01,-7.948463439941406250e+01,-7.900671386718750000e+01,-7.879446411132812500e+01,-7.730751800537109375e+01,-7.613990783691406250e+01,-7.160888671875000000e+01,-6.900384521484375000e+01,-6.090071868896484375e+01,-5.919202041625976562e+01,-5.594860458374023438e+01,-5.759535980224609375e+01,-4.880361175537109375e+01,-4.639015197753906250e+01,-4.165769577026367188e+01,-4.190872192382812500e+01,-3.502829360961914062e+01,-3.521004867553710938e+01,-3.701052856445312500e+01,-4.069409179687500000e+01,-4.099298858642578125e+01,-4.573749542236328125e+01,-4.792063140869140625e+01,-5.312690734863281250e+01,-5.470523071289062500e+01,-5.913388824462890625e+01,-5.863635635375976562e+01,-6.236738586425781250e+01,-6.129520416259765625e+01,-6.447949218750000000e+01,-6.246107101440429688e+01,-6.470762634277343750e+01,-6.347763442993164062e+01,-6.423930358886718750e+01,-6.353768157958984375e+01,-6.393466567993164062e+01,-6.429166412353515625e+01,-6.435272216796875000e+01,-6.484616088867187500e+01,-6.476997375488281250e+01,-6.591429138183593750e+01,-6.681132507324218750e+01,-6.732420349121093750e+01,-6.708636474609375000e+01,-6.971412658691406250e+01,-6.976678466796875000e+01,-7.195373535156250000e+01,-7.024276733398437500e+01,-7.369109344482421875e+01,-7.235250091552734375e+01,-7.466184997558593750e+01,-7.286437988281250000e+01,-7.557307434082031250e+01,-7.523948669433593750e+01,-7.719476318359375000e+01,-7.601212310791015625e+01,-7.711375427246093750e+01,-7.521817016601562500e+01,-7.389197540283203125e+01,-6.200152587890625000e+01,-5.927676773071289062e+01,-5.276698684692382812e+01,-6.152833557128906250e+01,-6.443702697753906250e+01,-7.010334777832031250e+01,-7.388575744628906250e+01,-7.674215698242187500e+01,-7.814638519287109375e+01,-7.908221435546875000e+01,-7.965155029296875000e+01,-7.978437805175781250e+01,-7.985722351074218750e+01,-7.986176300048828125e+01,-7.989466857910156250e+01,-7.987081909179687500e+01,-7.990451049804687500e+01,-7.955992126464843750e+01,-7.929089355468750000e+01,-7.918962097167968750e+01,-7.860915374755859375e+01
-7.998684692382812500e+01,-7.886489868164062500e+01,-7.819831848144531250e+01,-7.840620422363281250e+01,-7.989231872558593750e+01,-7.737689208984375000e+01,-7.951367187500000000e+01,-7.782875061035156250e+01,-7.938675689697265625e+01,-7.779306793212890625e+01,-7.835360717773437500e+01,-7.804682922363281250e+01,-7.803530120849609375e+01,-7.667979431152343750e+01,-7.666041564941406250e+01,-7.590708923339843750e+01,-7.679319000244140625e+01,-7.613282775878906250e+01,-7.731306457519531250e+01,-7.707810211181640625e+01,-7.767825317382812500e+01,-7.750349426269531250e+01,-7.839868164062500000e+01,-7.845041656494140625e+01,-7.886922454833984375e+01,-7.877684783935546875e+01,-7.915228271484375000e+01,-7.897120666503906250e+01,-7.926502990722656250e+01,-7.901511383056640625e+01,-7.918835449218750000e+01,-7.882748413085937500e+01,-7.888361358642578125e+01,-7.823404693603515625e+01,-7.815661621093750000e+01,-7.724718475341796875e+01,-7.626410675048828125e+01,-7.433982086181640625e+01,-7.021963500976562500e+01,-6.997770690917968750e+01,-6.141444396972656250e+01,-6.314475631713867188e+01,-5.643776702880859375e+01,-5.810582733154296875e+01,-4.899397277832031250e+01,-4.880460357666015625e+01,-4.760215759277343750e+01,-4.834055328369140625e+01,-4.177202606201171875e+01,-4.344798660278320312e+01,-4.253461837768554688e+01,-4.679094696044921875e+01,-4.560980987548828125e+01,-5.099614334106445312e+01,-5.095282363891601562e+01,-5.659795379638671875e+01,-5.753723144531250000e+01,-6.252908706665039062e+01,-6.130236816406250000e+01,-6.582560729980468750e+01,-6.519485473632812500e+01,-6.838259887695312500e+01,-6.728376770019531250e+01,-6.874338531494140625e+01,-6.790393066406250000e+01,-6.791775512695312500e+01,-6.749738311767578125e+01,-6.721091461181640625e+01,-6.736160278320312500e+01,-6.653394317626953125e+01,-6.672058868408203125e+01,-6.654220581054687500e+01,-6.779138183593750000e+01,-6.788014221191406250e+01,-6.913468933105468750e+01,-6.964181518554687500e+01,-7.065960693359375000e+01,-7.057549285888671875e+01,-7.018234252929687500e+01,-6.986051177978515625e+01,-7.071766662597656250e+01,-7.037636566162109375e+01,-7.050139617919921875e+01,-6.976735687255859375e+01,-7.084463500976562500e+01,-7.034049987792968750e+01,-7.355297088623046875e+01,-7.303524780273437500e+01,-7.612995910644531250e+01,-7.464608764648437500e+01,-7.304822540283203125e+01,-6.335372924804687500e+01,-5.706070327758789062e+01,-5.190199661254882812e+01,-5.637313079833984375e+01,-6.187839889526367188e+01,-6.419842529296875000e+01,-7.042583465576171875e+01,-7.269485473632812500e+01,-7.536637878417968750e+01,-7.603607177734375000e+01,-7.800203704833984375e+01,-7.840673065185546875e+01,-7.896258544921875000e+01,-7.913314819335937500e+01,-7.939137268066406250e+01,-7.916651153564453125e+01,-7.919479370117187500e+01,-7.812825775146484375e+01,-7.615275573730468750e+01,-7.837313842773437500e+01,-7.602531433105468750e+01
-7.999359893798828125e+01,-7.883989715576171875e+01,-7.925379943847656250e+01,-7.987409973144531250e+01,-7.980498504638671875e+01,-7.978881072998046875e+01,-7.989501953125000000e+01,-7.990206146240234375e+01,-7.995373535156250000e+01,-7.985047149658203125e+01,-7.981402587890625000e+01,-7.971168518066406250e+01,-7.963481140136718750e+01,-7.938410949707031250e+01,-7.923539733886718750e+01,-7.914520263671875000e+01,-7.933586120605468750e+01,-7.912753295898437500e+01,-7.936245727539062500e+01,-7.920066070556640625e+01,-7.940278625488281250e+01,-7.936370849609375000e+01,-7.957503509521484375e+01,-7.953637695312500000e+01,-7.959198760986328125e+01,-7.952494812011718750e+01,-7.957089996337890625e+01,-7.944074249267578125e+01,-7.946572875976562500e+01,-7.928605651855468750e+01,-7.931491088867187500e+01,-7.913301086425781250e+01,-7.918533325195312500e+01,-7.909030151367187500e+01,-7.908334350585937500e+01,-7.900276947021484375e+01,-7.826063537597656250e+01,-7.742117309570312500e+01,-7.342033386230468750e+01,-7.314875793457031250e+01,-6.235799789428710938e+01,-6.455540466308593750e+01,-5.866480255126953125e+01,-6.042492294311523438e+01,-4.772935485839843750e+01,-4.495756530761718750e+01,-4.172816848754882812e+01,-4.390282821655273438e+01,-3.988223648071289062e+01,-4.672566986083984375e+01,-5.157710266113281250e+01,-5.959959030151367188e+01,-5.916339111328125000e+01,-6.424159240722656250e+01,-6.288422012329101562e+01,-6.672595977783203125e+01,-6.552446746826171875e+01,-6.834488677978515625e+01,-6.714321136474609375e+01,-7.013383483886718750e+01,-6.858409881591796875e+01,-7.096145629882812500e+01,-6.928144836425781250e+01,-7.122594451904296875e+01,-6.950685119628906250e+01,-7.007501220703125000e+01,-6.900930786132812500e+01,-6.989741516113281250e+01,-6.924302673339843750e+01,-6.891001892089843750e+01,-6.833570861816406250e+01,-6.911717987060546875e+01,-6.890122985839843750e+01,-6.998163604736328125e+01,-6.996534729003906250e+01,-7.153660583496093750e+01,-7.143573760986328125e+01,-7.189669036865234375e+01,-7.192411804199218750e+01,-7.061790466308593750e+01,-7.272485351562500000e+01,-7.028133392333984375e+01,-7.269557952880859375e+01,-6.979984283447265625e+01,-7.336444091796875000e+01,-7.129368591308593750e+01,-7.574797821044921875e+01,-7.360661315917968750e+01,-7.687762451171875000e+01,-7.394068908691406250e+01,-7.164446258544921875e+01,-5.962534332275390625e+01,-5.167738342285156250e+01,-4.673073196411132812e+01,-5.312061691284179688e+01,-5.854527282714843750e+01,-6.493411254882812500e+01,-7.096389007568359375e+01,-7.476353454589843750e+01,-7.669752502441406250e+01,-7.834170532226562500e+01,-7.909200286865234375e+01,-7.949738311767578125e+01,-7.962301635742187500e+01,-7.971717071533203125e+01,-7.969943237304687500e+01,-7.968089294433593750e+01,-7.974020385742187500e+01,-7.935078430175781250e+01,-7.906431579589843750e+01,-7.965267181396484375e+01,-7.940965270996093750e+01
-7.996472930908203125e+01,-7.998954772949218750e+01,-7.999807739257812500e+01,-7.999755096435546875e+01,-7.997967529296875000e+01,-7.996194458007812500e+01,-7.994658660888671875e+01,-7.995137786865234375e+01,-7.997939300537109375e+01,-7.993133544921875000e+01,-7.995094299316406250e+01,-7.992259216308593750e+01,-7.994100952148437500e+01,-7.989216613769531250e+01,-7.989713287353515625e+01,-7.984446716308593750e+01,-7.986880493164062500e+01,-7.981025695800781250e+01,-7.986486816406250000e+01,-7.981953430175781250e+01,-7.985517883300781250e+01,-7.984999084472656250e+01,-7.990136718750000000e+01,-7.988099670410156250e+01,-7.990570068359375000e+01,-7.990001678466796875e+01,-7.993798065185546875e+01,-7.991113281250000000e+01,-7.993302154541015625e+01,-7.992143249511718750e+01,-7.994309234619140625e+01,-7.991297912597656250e+01,-7.989464569091796875e+01,-7.985274505615234375e+01,-7.983073425292968750e+01,-7.970973205566406250e+01,-7.938020324707031250e+01,-7.901097106933593750e+01,-7.752105712890625000e+01,-7.682110595703125000e+01,-6.920112609863281250e+01,-6.968040466308593750e+01,-6.102541351318359375e+01,-6.018991851806640625e+01,-4.601983642578125000e+01,-4.451898193359375000e+01,-4.178738784790039062e+01,-4.338377380371093750e+01,-3.966895294189453125e+01,-4.680135345458984375e+01,-5.285736465454101562e+01,-6.115047454833984375e+01,-6.026416015625000000e+01,-6.641478729248046875e+01,-6.671630859375000000e+01,-7.028654479980468750e+01,-6.985964202880859375e+01,-7.144085693359375000e+01,-7.113394165039062500e+01,-7.272388458251953125e+01,-7.204742431640625000e+01,-7.363095092773437500e+01,-7.297628784179687500e+01,-7.353997802734375000e+01,-7.282402038574218750e+01,-7.243359375000000000e+01,-7.213890075683593750e+01,-7.119699096679687500e+01,-7.168509674072265625e+01,-7.016935729980468750e+01,-7.142414093017578125e+01,-6.934693908691406250e+01,-7.198729705810546875e+01,-6.947864532470703125e+01,-7.207684326171875000e+01,-6.911637878417968750e+01,-7.031906890869140625e+01,-6.835711669921875000e+01,-6.990772247314453125e+01,-6.796766662597656250e+01,-7.192560577392578125e+01,-7.001140594482421875e+01,-7.378794860839843750e+01,-7.238261413574218750e+01,-7.514561462402343750e+01,-7.533089447021484375e+01,-7.736033630371093750e+01,-7.718301391601562500e+01,-7.741232299804687500e+01,-7.586997222900390625e+01,-6.934919738769531250e+01,-6.262986755371093750e+01,-4.771958160400390625e+01,-4.937922668457031250e+01,-5.553928375244140625e+01,-5.903556442260742188e+01,-6.536115264892578125e+01,-6.937687683105468750e+01,-7.399076080322265625e+01,-7.646734619140625000e+01,-7.836898803710937500e+01,-7.917298126220703125e+01,-7.962812042236328125e+01,-7.976182556152343750e+01,-7.984074401855468750e+01,-7.980723571777343750e+01,-7.983303833007812500e+01,-7.989186859130859375e+01,-7.967124938964843750e+01,-7.952473449707031250e+01,-7.966745758056640625e+01,-7.891806030273437500e+01
-7.972822570800781250e+01,-7.999583435058593750e+01,-7.997476196289062500e+01,-7.995671081542968750e+01,-7.966369628906250000e+01,-7.797372436523437500e+01,-7.873063659667968750e+01,-7.427947998046875000e+01,-7.947735595703125000e+01,-7.838072967529296875e+01,-7.913349914550781250e+01,-7.849171447753906250e+01,-7.874751281738281250e+01,-7.777029418945312500e+01,-7.797586059570312500e+01,-7.574681091308593750e+01,-7.732623291015625000e+01,-7.669158935546875000e+01,-7.819309234619140625e+01,-7.725057220458984375e+01,-7.811256408691406250e+01,-7.829922485351562500e+01,-7.903993225097656250e+01,-7.871438598632812500e+01,-7.917950439453125000e+01,-7.924639892578125000e+01,-7.958605194091796875e+01,-7.943151092529296875e+01,-7.961940765380859375e+01,-7.968157958984375000e+01,-7.981433105468750000e+01,-7.980538940429687500e+01,-7.982601165771484375e+01,-7.984092712402343750e+01,-7.984438323974609375e+01,-7.973739624023437500e+01,-7.945984649658203125e+01,-7.910935974121093750e+01,-7.761736297607421875e+01,-7.724891662597656250e+01,-7.043627166748046875e+01,-7.130378723144531250e+01,-6.236258697509765625e+01,-6.147330474853515625e+01,-4.412432861328125000e+01,-4.257332229614257812e+01,-3.655453491210937500e+01,-4.087017059326171875e+01,-3.403205108642578125e+01,-4.263215637207031250e+01,-4.789540481567382812e+01,-5.913714981079101562e+01,-6.003883743286132812e+01,-6.717366027832031250e+01,-6.780874633789062500e+01,-7.191586303710937500e+01,-7.194540405273437500e+01,-7.428254699707031250e+01,-7.434482574462890625e+01,-7.569300842285156250e+01,-7.556297302246093750e+01,-7.670508575439453125e+01,-7.631170654296875000e+01,-7.661283874511718750e+01,-7.617425537109375000e+01,-7.588759613037109375e+01,-7.555499267578125000e+01,-7.491529846191406250e+01,-7.469110107421875000e+01,-7.340381622314453125e+01,-7.347473144531250000e+01,-7.083840942382812500e+01,-7.287006378173828125e+01,-7.011118316650390625e+01,-7.273663330078125000e+01,-6.883103942871093750e+01,-7.225352478027343750e+01,-6.929870605468750000e+01,-7.283729553222656250e+01,-6.878907775878906250e+01,-7.458935546875000000e+01,-7.133605957031250000e+01,-7.601186370849609375e+01,-7.265245056152343750e+01,-7.694114685058593750e+01,-7.559552001953125000e+01,-7.840500640869140625e+01,-7.786621856689453125e+01,-7.873200988769531250e+01,-7.776667785644531250e+01,-7.495098876953125000e+01,-6.644657135009765625e+01,-5.557748413085937500e+01,-5.237676239013671875e+01,-5.797017669677734375e+01,-6.148971939086914062e+01,-6.740919494628906250e+01,-7.107177734375000000e+01,-7.483784484863281250e+01,-7.590324401855468750e+01,-7.784008789062500000e+01,-7.843833923339843750e+01,-7.878254699707031250e+01,-7.877523803710937500e+01,-7.920442199707031250e+01,-7.923923492431640625e+01,-7.875422668457031250e+01,-7.907279205322265625e+01,-7.861662292480468750e+01,-7.750709533691406250e+01,-7.823612976074218750e+01,-7.821269226074218750e+01
-7.998754119873046875e+01,-7.997657012939453125e+01,-7.999658203125000000e+01,-7.999224853515625000e+01,-7.998836517333984375e+01,-7.998681640625000000e+01,-7.994953918457031250e+01,-7.998152160644531250e+01,-7.998883056640625000e+01,-7.998287963867187500e+01,-7.997007751464843750e+01,-7.997185516357421875e+01,-7.994501495361328125e+01,-7.993255615234375000e+01,-7.991979980468750000e+01,-7.993268585205078125e+01,-7.992808532714843750e+01,-7.993597412109375000e+01,-7.993971252441406250e+01,-7.993090057373046875e+01,-7.992008972167968750e+01,-7.994172668457031250e+01,-7.995555114746093750e+01,-7.995719146728515625e+01,-7.995233154296875000e+01,-7.996775817871093750e+01,-7.997003173828125000e+01,-7.997253417968750000e+01,-7.996813964843750000e+01,-7.997939300537109375e+01,-7.997586059570312500e+01,-7.997967529296875000e+01,-7.994982147216796875e+01,-7.995030212402343750e+01,-7.988021087646484375e+01,-7.980442810058593750e+01,-7.931037902832031250e+01,-7.912189483642578125e+01,-7.776876831054687500e+01,-7.757414245605468750e+01,-7.200125122070312500e+01,-7.156108093261718750e+01,-6.273088455200195312e+01,-5.994929885864257812e+01,-4.342707061767578125e+01,-4.117910385131835938e+01,-3.741607666015625000e+01,-4.212019348144531250e+01,-3.651211547851562500e+01,-4.370981597900390625e+01,-4.845325469970703125e+01,-5.976440048217773438e+01,-5.878095245361328125e+01,-6.646243286132812500e+01,-6.693301391601562500e+01,-7.213049316406250000e+01,-7.154866027832031250e+01,-7.392010498046875000e+01,-7.375076293945312500e+01,-7.507408142089843750e+01,-7.464844512939453125e+01,-7.571563720703125000e+01,-7.562582397460937500e+01,-7.566967773437500000e+01,-7.541071319580078125e+01,-7.435614013671875000e+01,-7.456742858886718750e+01,-7.282751464843750000e+01,-7.347552490234375000e+01,-7.106394195556640625e+01,-7.282203674316406250e+01,-6.924818420410156250e+01,-7.258126831054687500e+01,-6.987365722656250000e+01,-7.364418029785156250e+01,-7.030713653564453125e+01,-7.375204467773437500e+01,-7.141032409667968750e+01,-7.440308380126953125e+01,-7.179544067382812500e+01,-7.532511138916015625e+01,-7.346012878417968750e+01,-7.583850860595703125e+01,-7.365742492675781250e+01,-7.562774658203125000e+01,-7.451832580566406250e+01,-7.691104125976562500e+01,-7.513816833496093750e+01,-7.704635620117187500e+01,-7.549848937988281250e+01,-7.315711975097656250e+01,-6.444998931884765625e+01,-5.426399612426757812e+01,-4.994202041625976562e+01,-5.805141448974609375e+01,-6.228716278076171875e+01,-6.841167449951171875e+01,-7.223786926269531250e+01,-7.542312622070312500e+01,-7.695628356933593750e+01,-7.845748138427734375e+01,-7.920057678222656250e+01,-7.948817443847656250e+01,-7.961111450195312500e+01,-7.981850433349609375e+01,-7.990597534179687500e+01,-7.981938171386718750e+01,-7.986869812011718750e+01,-7.971530151367187500e+01,-7.963858795166015625e+01,-7.892358398437500000e+01,-7.872246551513671875e+01
-7.998410797119140625e+01,-7.986380004882812500e+01,-7.998720550537109375e+01,-7.992623901367187500e+01,-7.984249877929687500e+01,-7.992678833007812500e+01,-7.991569519042968750e+01,-7.991907501220703125e+01,-7.988290405273437500e+01,-7.947422790527343750e+01,-7.940804290771484375e+01,-7.951583862304687500e+01,-7.954077911376953125e+01,-7.958304595947265625e+01,-7.951916503906250000e+01,-7.957423400878906250e+01,-7.948100280761718750e+01,-7.949716186523437500e+01,-7.953836059570312500e+01,-7.952661132812500000e+01,-7.954179382324218750e+01,-7.964587402343750000e+01,-7.972189331054687500e+01,-7.971899414062500000e+01,-7.973646545410156250e+01,-7.979152679443359375e+01,-7.983886718750000000e+01,-7.982550811767578125e+01,-7.982910156250000000e+01,-7.986140441894531250e+01,-7.985498046875000000e+01,-7.984410095214843750e+01,-7.974681091308593750e+01,-7.973028564453125000e+01,-7.966325378417968750e+01,-7.944903564453125000e+01,-7.899044799804687500e+01,-7.877009582519531250e+01,-7.733964538574218750e+01,-7.703561401367187500e+01,-7.126695251464843750e+01,-7.191329956054687500e+01,-6.355453109741210938e+01,-5.962500000000000000e+01,-4.300111770629882812e+01,-4.351903533935546875e+01,-3.881599044799804688e+01,-4.327005386352539062e+01,-3.734542465209960938e+01,-4.592604827880859375e+01,-4.842638778686523438e+01,-6.004435729980468750e+01,-5.845311355590820312e+01,-6.410159301757812500e+01,-6.336153030395507812e+01,-6.749979400634765625e+01,-6.757603454589843750e+01,-6.841148376464843750e+01,-6.863253021240234375e+01,-6.921280670166015625e+01,-7.024461364746093750e+01,-7.087499237060546875e+01,-7.118772888183593750e+01,-7.080543518066406250e+01,-7.162655639648437500e+01,-7.012123107910156250e+01,-7.126359558105468750e+01,-6.947297668457031250e+01,-7.146726226806640625e+01,-6.925171661376953125e+01,-7.163645935058593750e+01,-6.966355895996093750e+01,-7.339546966552734375e+01,-7.162418365478515625e+01,-7.484718322753906250e+01,-7.298546600341796875e+01,-7.568455505371093750e+01,-7.346978759765625000e+01,-7.573785400390625000e+01,-7.279492187500000000e+01,-7.628094482421875000e+01,-7.393657684326171875e+01,-7.640381622314453125e+01,-7.436241912841796875e+01,-7.681725311279296875e+01,-7.561099243164062500e+01,-7.812078857421875000e+01,-7.714799499511718750e+01,-7.841761016845703125e+01,-7.734362030029296875e+01,-7.543637084960937500e+01,-6.909324645996093750e+01,-5.928843307495117188e+01,-5.870542907714843750e+01,-6.356513595581054688e+01,-6.649652099609375000e+01,-7.090148925781250000e+01,-7.301290893554687500e+01,-7.502106475830078125e+01,-7.674012756347656250e+01,-7.829586029052734375e+01,-7.876483917236328125e+01,-7.907325744628906250e+01,-7.954208374023437500e+01,-7.975945281982421875e+01,-7.979614257812500000e+01,-7.931015014648437500e+01,-7.961178588867187500e+01,-7.862622833251953125e+01,-7.875773620605468750e+01,-7.765021514892578125e+01,-7.571752929687500000e+01
-7.998896789550781250e+01,-7.999894714355468750e+01,-7.998728942871093750e+01,-7.998486328125000000e+01,-7.974131774902343750e+01,-7.998167419433593750e+01,-7.993884277343750000e+01,-7.991342926025390625e+01,-7.993180084228515625e+01,-7.988116455078125000e+01,-7.988942718505859375e+01,-7.986276245117187500e+01,-7.982046508789062500e+01,-7.980421447753906250e+01,-7.977481079101562500e+01,-7.977780914306640625e+01,-7.979518127441406250e+01,-7.984172058105468750e+01,-7.984117126464843750e+01,-7.982059478759765625e+01,-7.982936096191406250e+01,-7.989297485351562500e+01,-7.990689086914062500e+01,-7.989603424072265625e+01,-7.989967346191406250e+01,-7.993426513671875000e+01,-7.994642639160156250e+01,-7.994165039062500000e+01,-7.994464111328125000e+01,-7.996279907226562500e+01,-7.996132659912109375e+01,-7.993963623046875000e+01,-7.987835693359375000e+01,-7.986326599121093750e+01,-7.975222015380859375e+01,-7.950824737548828125e+01,-7.896598815917968750e+01,-7.866828155517578125e+01,-7.716091918945312500e+01,-7.511902618408203125e+01,-6.831123352050781250e+01,-6.710236358642578125e+01,-5.956101989746093750e+01,-5.549929809570312500e+01,-4.137038803100585938e+01,-4.099207305908203125e+01,-3.739676666259765625e+01,-4.437421035766601562e+01,-3.861157989501953125e+01,-4.683649444580078125e+01,-4.823247146606445312e+01,-5.519983673095703125e+01,-5.192815399169921875e+01,-5.556571578979492188e+01,-5.546288681030273438e+01,-5.868479156494140625e+01,-5.922975921630859375e+01,-6.074287033081054688e+01,-6.196565628051757812e+01,-6.232255554199218750e+01,-6.306025695800781250e+01,-6.432520294189453125e+01,-6.592494201660156250e+01,-6.585363769531250000e+01,-6.756412506103515625e+01,-6.780886840820312500e+01,-7.010737609863281250e+01,-6.956617736816406250e+01,-7.142282104492187500e+01,-7.054232025146484375e+01,-7.309354400634765625e+01,-7.075369262695312500e+01,-7.368073272705078125e+01,-7.104121398925781250e+01,-7.441755676269531250e+01,-7.087648010253906250e+01,-7.446202087402343750e+01,-7.103404235839843750e+01,-7.500674438476562500e+01,-7.050148773193359375e+01,-7.529325866699218750e+01,-7.287762451171875000e+01,-7.626825714111328125e+01,-7.418664550781250000e+01,-7.708746337890625000e+01,-7.680045318603515625e+01,-7.867140960693359375e+01,-7.798562622070312500e+01,-7.873757934570312500e+01,-7.760102081298828125e+01,-7.533216857910156250e+01,-6.612619018554687500e+01,-5.759869384765625000e+01,-5.914777374267578125e+01,-6.370458984375000000e+01,-6.665984344482421875e+01,-7.018824768066406250e+01,-7.232328033447265625e+01,-7.494654846191406250e+01,-7.639501953125000000e+01,-7.815026855468750000e+01,-7.892886352539062500e+01,-7.941739654541015625e+01,-7.959043884277343750e+01,-7.976911163330078125e+01,-7.980096435546875000e+01,-7.971897888183593750e+01,-7.963478088378906250e+01,-7.906699371337890625e+01,-7.817127227783203125e+01,-7.697193908691406250e+01,-7.807301330566406250e+01
-7.997236633300781250e+01,-7.958593750000000000e+01,-7.996488189697265625e+01,-7.992434692382812500e+01,-7.998350524902343750e+01,-7.912131500244140625e+01,-7.977877807617187500e+01,-7.909541320800781250e+01,-7.968150329589843750e+01,-7.883209228515625000e+01,-7.906634521484375000e+01,-7.909164428710937500e+01,-7.958084106445312500e+01,-7.935988616943359375e+01,-7.952389526367187500e+01,-7.922121429443359375e+01,-7.939421081542968750e+01,-7.915063476562500000e+01,-7.940977478027343750e+01,-7.922323608398437500e+01,-7.944525146484375000e+01,-7.935733032226562500e+01,-7.960017395019531250e+01,-7.950354766845703125e+01,-7.967863464355468750e+01,-7.967519378662109375e+01,-7.983303833007812500e+01,-7.978348541259765625e+01,-7.988169860839843750e+01,-7.987283325195312500e+01,-7.994087219238281250e+01,-7.989842224121093750e+01,-7.992337799072265625e+01,-7.986573028564453125e+01,-7.987033081054687500e+01,-7.963267517089843750e+01,-7.946097564697265625e+01,-7.878729248046875000e+01,-7.762005615234375000e+01,-7.584880065917968750e+01,-7.101846313476562500e+01,-6.941783905029296875e+01,-6.174282073974609375e+01,-5.484672546386718750e+01,-4.056555557250976562e+01,-3.826531982421875000e+01,-3.679880523681640625e+01,-4.094882583618164062e+01,-3.782440948486328125e+01,-4.339806365966796875e+01,-4.636108398437500000e+01,-5.292443847656250000e+01,-5.123447418212890625e+01,-5.317173004150390625e+01,-5.485865020751953125e+01,-5.809562683105468750e+01,-5.939761352539062500e+01,-6.112677001953125000e+01,-6.305363082885742188e+01,-6.395741271972656250e+01,-6.515837097167968750e+01,-6.569352722167968750e+01,-6.723262023925781250e+01,-6.612477111816406250e+01,-6.762802886962890625e+01,-6.603457641601562500e+01,-6.793224334716796875e+01,-6.580921936035156250e+01,-6.813961791992187500e+01,-6.602729797363281250e+01,-6.894241333007812500e+01,-6.641926574707031250e+01,-6.986579895019531250e+01,-6.720492553710937500e+01,-7.163478851318359375e+01,-6.789846801757812500e+01,-7.159807586669921875e+01,-6.835696411132812500e+01,-7.084768676757812500e+01,-6.803436279296875000e+01,-7.229304504394531250e+01,-7.091850280761718750e+01,-7.470304107666015625e+01,-7.282699584960937500e+01,-7.639103698730468750e+01,-7.547547912597656250e+01,-7.831626892089843750e+01,-7.726268005371093750e+01,-7.863400268554687500e+01,-7.651278686523437500e+01,-7.425543975830078125e+01,-6.332802200317382812e+01,-5.707111358642578125e+01,-6.189384460449218750e+01,-6.433499145507812500e+01,-6.765913391113281250e+01,-6.972662353515625000e+01,-7.168844604492187500e+01,-7.201626586914062500e+01,-7.319548034667968750e+01,-7.614987945556640625e+01,-7.616999816894531250e+01,-7.727485656738281250e+01,-7.813146972656250000e+01,-7.894740295410156250e+01,-7.835090637207031250e+01,-7.858048248291015625e+01,-7.910655212402343750e+01,-7.601731109619140625e+01,-7.367448425292968750e+01,-7.542169189453125000e+01,-7.289097595214843750e+01
-7.996678161621093750e+01,-7.916471862792968750e+01,-7.794441223144531250e+01,-7.983914184570312500e+01,-7.965451812744140625e+01,-7.891854858398437500e+01,-7.949291992187500000e+01,-7.787501525878906250e+01,-7.879602813720703125e+01,-7.740052795410156250e+01,-7.669454193115234375e+01,-7.807356262207031250e+01,-7.800331115722656250e+01,-7.874331665039062500e+01,-7.838900756835937500e+01,-7.878843688964843750e+01,-7.838348388671875000e+01,-7.885237884521484375e+01,-7.853378295898437500e+01,-7.886611175537109375e+01,-7.858725738525390625e+01,-7.910176086425781250e+01,-7.908255004882812500e+01,-7.937570190429687500e+01,-7.938832092285156250e+01,-7.966586303710937500e+01,-7.973329162597656250e+01,-7.982537841796875000e+01,-7.984819030761718750e+01,-7.991577148437500000e+01,-7.992321777343750000e+01,-7.991899108886718750e+01,-7.987849426269531250e+01,-7.986691284179687500e+01,-7.974282836914062500e+01,-7.954008483886718750e+01,-7.904821777343750000e+01,-7.855812072753906250e+01,-7.680010223388671875e+01,-7.577358245849609375e+01,-7.049163818359375000e+01,-6.879409790039062500e+01,-5.740620422363281250e+01,-5.292837142944335938e+01,-3.977479553222656250e+01,-3.912577438354492188e+01,-3.599042892456054688e+01,-4.113412857055664062e+01,-3.396560668945312500e+01,-4.010630798339843750e+01,-4.257748794555664062e+01,-4.894376373291015625e+01,-4.721525192260742188e+01,-5.008565521240234375e+01,-5.154424667358398438e+01,-5.574205398559570312e+01,-5.622705078125000000e+01,-5.865724945068359375e+01,-5.960052871704101562e+01,-6.119623184204101562e+01,-6.160561752319335938e+01,-6.264905548095703125e+01,-6.397711563110351562e+01,-6.313250732421875000e+01,-6.502259826660156250e+01,-6.328275680541992188e+01,-6.543000793457031250e+01,-6.251209259033203125e+01,-6.489379119873046875e+01,-6.260206222534179688e+01,-6.609145355224609375e+01,-6.312023162841796875e+01,-6.735083007812500000e+01,-6.438362121582031250e+01,-6.850495910644531250e+01,-6.454518890380859375e+01,-6.766752624511718750e+01,-6.540033721923828125e+01,-6.765810394287109375e+01,-6.622655487060546875e+01,-6.961715698242187500e+01,-6.957028961181640625e+01,-7.204214477539062500e+01,-7.140091705322265625e+01,-7.383535766601562500e+01,-7.301438903808593750e+01,-7.613600921630859375e+01,-7.448559570312500000e+01,-7.722381591796875000e+01,-7.558314514160156250e+01,-7.352518463134765625e+01,-6.477081298828125000e+01,-5.811325073242187500e+01,-6.038885879516601562e+01,-6.434317779541015625e+01,-6.753244018554687500e+01,-7.012878417968750000e+01,-7.204335021972656250e+01,-7.229832458496093750e+01,-7.296386718750000000e+01,-7.540090942382812500e+01,-7.616860961914062500e+01,-7.741873168945312500e+01,-7.784162902832031250e+01,-7.855114746093750000e+01,-7.888916015625000000e+01,-7.845715332031250000e+01,-7.884542846679687500e+01,-7.495298767089843750e+01,-7.560641479492187500e+01,-7.593733215332031250e+01,-7.382643890380859375e+01
-7.997235107421875000e+01,-7.958697509765625000e+01,-7.966582489013671875e+01,-7.999304199218750000e+01,-7.992620086669921875e+01,-7.984108734130859375e+01,-7.984923553466796875e+01,-7.946765136718750000e+01,-7.951057434082031250e+01,-7.754467773437500000e+01,-7.813567352294921875e+01,-7.905390930175781250e+01,-7.912905120849609375e+01,-7.940425109863281250e+01,-7.925300598144531250e+01,-7.926684570312500000e+01,-7.891799926757812500e+01,-7.907340240478515625e+01,-7.884844970703125000e+01,-7.889440155029296875e+01,-7.887559509277343750e+01,-7.930877685546875000e+01,-7.939273834228515625e+01,-7.946125793457031250e+01,-7.941586303710937500e+01,-7.964463806152343750e+01,-7.972289276123046875e+01,-7.978484344482421875e+01,-7.979980468750000000e+01,-7.985314178466796875e+01,-7.983936309814453125e+01,-7.981997680664062500e+01,-7.969454956054687500e+01,-7.966812133789062500e+01,-7.940043640136718750e+01,-7.907807159423828125e+01,-7.843976593017578125e+01,-7.765818786621093750e+01,-7.619252014160156250e+01,-7.449747467041015625e+01,-6.971260070800781250e+01,-6.520254516601562500e+01,-5.641343688964843750e+01,-5.246286392211914062e+01,-3.892144775390625000e+01,-3.959830856323242188e+01,-3.577360153198242188e+01,-3.928420257568359375e+01,-3.426615142822265625e+01,-4.092108917236328125e+01,-4.381531524658203125e+01,-5.008384323120117188e+01,-4.994064331054687500e+01,-5.158692932128906250e+01,-5.370853042602539062e+01,-5.593571472167968750e+01,-5.609652328491210938e+01,-5.563093566894531250e+01,-5.653031921386718750e+01,-5.483346176147460938e+01,-5.564894104003906250e+01,-5.437648773193359375e+01,-5.677648544311523438e+01,-5.460240554809570312e+01,-5.722566986083984375e+01,-5.340974044799804688e+01,-5.732818603515625000e+01,-5.237882232666015625e+01,-5.669776153564453125e+01,-5.366814422607421875e+01,-5.833801269531250000e+01,-5.619444274902343750e+01,-6.044307327270507812e+01,-5.942464065551757812e+01,-6.349512481689453125e+01,-6.040170288085937500e+01,-6.273597717285156250e+01,-6.073825454711914062e+01,-6.307667922973632812e+01,-6.285956954956054688e+01,-6.697113037109375000e+01,-6.682622528076171875e+01,-7.000425720214843750e+01,-6.969672393798828125e+01,-7.282826232910156250e+01,-7.242835998535156250e+01,-7.585457611083984375e+01,-7.426441955566406250e+01,-7.772190093994140625e+01,-7.579088592529296875e+01,-7.500794219970703125e+01,-6.454757690429687500e+01,-5.894806671142578125e+01,-5.924468231201171875e+01,-6.377917480468750000e+01,-6.830482482910156250e+01,-7.086783599853515625e+01,-7.250978851318359375e+01,-7.376451110839843750e+01,-7.480451965332031250e+01,-7.662367248535156250e+01,-7.734202575683593750e+01,-7.784626770019531250e+01,-7.854924011230468750e+01,-7.895707702636718750e+01,-7.862698364257812500e+01,-7.835516357421875000e+01,-7.884971618652343750e+01,-7.728076171875000000e+01,-7.590303802490234375e+01,-7.635228729248046875e+01,-7.819374084472656250e+01
-7.997701263427734375e+01,-7.944021606445312500e+01,-7.939004516601562500e+01,-7.999729919433593750e+01,-7.997969055175781250e+01,-7.946906280517578125e+01,-7.967701721191406250e+01,-7.945816040039062500e+01,-7.980096435546875000e+01,-7.936066436767578125e+01,-7.955615234375000000e+01,-7.953312683105468750e+01,-7.975326538085937500e+01,-7.964393615722656250e+01,-7.967872619628906250e+01,-7.939311218261718750e+01,-7.956944274902343750e+01,-7.953079223632812500e+01,-7.966025543212890625e+01,-7.948834228515625000e+01,-7.965306091308593750e+01,-7.964866638183593750e+01,-7.979222106933593750e+01,-7.973791503906250000e+01,-7.983163452148437500e+01,-7.984204101562500000e+01,-7.991174316406250000e+01,-7.989073181152343750e+01,-7.992888641357421875e+01,-7.992573547363281250e+01,-7.994412231445312500e+01,-7.990171813964843750e+01,-7.990180206298828125e+01,-7.981915283203125000e+01,-7.975381469726562500e+01,-7.940063476562500000e+01,-7.891920471191406250e+01,-7.753370666503906250e+01,-7.559008789062500000e+01,-7.276618957519531250e+01,-6.798037719726562500e+01,-6.491465759277343750e+01,-5.766599273681640625e+01,-5.232413101196289062e+01,-3.970709609985351562e+01,-3.878146362304687500e+01,-3.509004211425781250e+01,-4.121119689941406250e+01,-3.533616638183593750e+01,-4.057449340820312500e+01,-4.240813446044921875e+01,-4.829811096191406250e+01,-4.690759658813476562e+01,-4.910671615600585938e+01,-5.157034301757812500e+01,-5.423182678222656250e+01,-5.581375122070312500e+01,-5.686130905151367188e+01,-5.766237640380859375e+01,-5.788898849487304688e+01,-5.875189971923828125e+01,-5.858731842041015625e+01,-5.920422363281250000e+01,-5.870378112792968750e+01,-5.927519226074218750e+01,-5.695342254638671875e+01,-5.748557281494140625e+01,-5.626608276367187500e+01,-5.746541595458984375e+01,-5.658407592773437500e+01,-5.876890945434570312e+01,-5.858280563354492188e+01,-6.122808837890625000e+01,-5.990056228637695312e+01,-6.452545928955078125e+01,-6.222712707519531250e+01,-6.437396240234375000e+01,-6.354873657226562500e+01,-6.308720397949218750e+01,-6.433483123779296875e+01,-6.624986267089843750e+01,-6.744110107421875000e+01,-6.984514617919921875e+01,-7.039236450195312500e+01,-7.362652587890625000e+01,-7.357454681396484375e+01,-7.644987487792968750e+01,-7.585955047607421875e+01,-7.808601379394531250e+01,-7.714624023437500000e+01,-7.551693725585937500e+01,-6.811112976074218750e+01,-5.936794281005859375e+01,-6.248813629150390625e+01,-6.466259002685546875e+01,-6.967485046386718750e+01,-7.115512847900390625e+01,-7.461469268798828125e+01,-7.526990509033203125e+01,-7.659353637695312500e+01,-7.800955200195312500e+01,-7.865071868896484375e+01,-7.880755615234375000e+01,-7.901966857910156250e+01,-7.945445251464843750e+01,-7.956272125244140625e+01,-7.940393066406250000e+01,-7.951763916015625000e+01,-7.849929809570312500e+01,-7.794987487792968750e+01,-7.890235900878906250e+01,-7.758956909179687500e+01
-7.995959472656250000e+01,-7.889862060546875000e+01,-7.969865417480468750e+01,-7.995133209228515625e+01,-7.984520721435546875e+01,-7.992967987060546875e+01,-7.983170318603515625e+01,-7.901277160644531250e+01,-7.883590698242187500e+01,-7.741526794433593750e+01,-7.732361602783203125e+01,-7.860554504394531250e+01,-7.869151306152343750e+01,-7.905409240722656250e+01,-7.873591613769531250e+01,-7.865581512451171875e+01,-7.775175476074218750e+01,-7.806409454345703125e+01,-7.728797912597656250e+01,-7.776071929931640625e+01,-7.786706542968750000e+01,-7.866120147705078125e+01,-7.862403869628906250e+01,-7.886932373046875000e+01,-7.891040039062500000e+01,-7.940139770507812500e+01,-7.941866302490234375e+01,-7.953254699707031250e+01,-7.957690429687500000e+01,-7.974551391601562500e+01,-7.974505615234375000e+01,-7.972796630859375000e+01,-7.961366271972656250e+01,-7.967927551269531250e+01,-7.940963745117187500e+01,-7.934847259521484375e+01,-7.880118560791015625e+01,-7.883019256591796875e+01,-7.688310241699218750e+01,-7.522070312500000000e+01,-6.931896209716796875e+01,-6.690404510498046875e+01,-5.879415130615234375e+01,-5.853926849365234375e+01,-4.522995758056640625e+01,-4.659914016723632812e+01,-4.038644027709960938e+01,-4.371840286254882812e+01,-3.515453338623046875e+01,-4.121768569946289062e+01,-4.310147857666015625e+01,-4.795731735229492188e+01,-4.559977722167968750e+01,-5.016658782958984375e+01,-4.977299499511718750e+01,-5.382055664062500000e+01,-5.342983245849609375e+01,-5.623958587646484375e+01,-5.596826553344726562e+01,-5.810018157958984375e+01,-5.813898086547851562e+01,-6.067659759521484375e+01,-6.068303298950195312e+01,-6.101126098632812500e+01,-6.321972274780273438e+01,-6.162773513793945312e+01,-6.284965133666992188e+01,-6.045121765136718750e+01,-6.242473220825195312e+01,-6.040850830078125000e+01,-6.239633178710937500e+01,-6.005618286132812500e+01,-6.346008682250976562e+01,-6.180721282958984375e+01,-6.480974578857421875e+01,-6.193656158447265625e+01,-6.377143859863281250e+01,-6.384500503540039062e+01,-6.522667694091796875e+01,-6.290206909179687500e+01,-6.662549591064453125e+01,-6.692569732666015625e+01,-6.837702941894531250e+01,-6.839314270019531250e+01,-7.035734558105468750e+01,-7.193206787109375000e+01,-7.453751373291015625e+01,-7.425382995605468750e+01,-7.673763275146484375e+01,-7.571015167236328125e+01,-7.445851135253906250e+01,-6.605434417724609375e+01,-6.128339004516601562e+01,-6.216193771362304688e+01,-6.661805725097656250e+01,-7.120113372802734375e+01,-7.369510650634765625e+01,-7.515187072753906250e+01,-7.559334564208984375e+01,-7.700070953369140625e+01,-7.778259277343750000e+01,-7.836734771728515625e+01,-7.859368133544921875e+01,-7.902090454101562500e+01,-7.904785156250000000e+01,-7.869010925292968750e+01,-7.848007202148437500e+01,-7.853011322021484375e+01,-7.334095001220703125e+01,-7.527018737792968750e+01,-7.704742431640625000e+01,-7.855915069580078125e+01
-7.991122436523437500e+01,-7.995724487304687500e+01,-7.998749542236328125e+01,-7.983245849609375000e+01,-7.982020568847656250e+01,-7.968869018554687500e+01,-7.990374755859375000e+01,-7.953489685058593750e+01,-7.975884246826171875e+01,-7.848182678222656250e+01,-7.917025756835937500e+01,-7.824946594238281250e+01,-7.881648254394531250e+01,-7.647106933593750000e+01,-7.738500213623046875e+01,-7.569514465332031250e+01,-7.745439910888671875e+01,-7.632807159423828125e+01,-7.759828186035156250e+01,-7.620905303955078125e+01,-7.782751464843750000e+01,-7.721888732910156250e+01,-7.842755126953125000e+01,-7.737724304199218750e+01,-7.851913452148437500e+01,-7.830596923828125000e+01,-7.916976165771484375e+01,-7.881176757812500000e+01,-7.939537048339843750e+01,-7.938342285156250000e+01,-7.963147735595703125e+01,-7.938743591308593750e+01,-7.946603393554687500e+01,-7.930544281005859375e+01,-7.930944824218750000e+01,-7.894499969482421875e+01,-7.888379669189453125e+01,-7.820726013183593750e+01,-7.749498748779296875e+01,-7.559649658203125000e+01,-7.293402099609375000e+01,-7.077995300292968750e+01,-6.537699127197265625e+01,-6.037376403808593750e+01,-4.403669738769531250e+01,-4.171414566040039062e+01,-3.845655822753906250e+01,-4.289172744750976562e+01,-3.889422225952148438e+01,-4.559893417358398438e+01,-5.111907958984375000e+01,-5.761307907104492188e+01,-5.564868164062500000e+01,-5.739733123779296875e+01,-5.628794860839843750e+01,-5.961713409423828125e+01,-5.773065185546875000e+01,-6.111499786376953125e+01,-6.069628524780273438e+01,-6.349386215209960938e+01,-6.300335693359375000e+01,-6.587921142578125000e+01,-6.500177001953125000e+01,-6.618559265136718750e+01,-6.586628723144531250e+01,-6.598220825195312500e+01,-6.464572143554687500e+01,-6.412062072753906250e+01,-6.278284072875976562e+01,-6.242292022705078125e+01,-6.067588424682617188e+01,-6.178173065185546875e+01,-6.267052459716796875e+01,-6.402407836914062500e+01,-6.569075012207031250e+01,-6.721001434326171875e+01,-6.773667907714843750e+01,-6.903435516357421875e+01,-6.934829711914062500e+01,-6.934571075439453125e+01,-6.992802429199218750e+01,-7.025192260742187500e+01,-7.093885803222656250e+01,-7.154965209960937500e+01,-7.289231872558593750e+01,-7.388761901855468750e+01,-7.615908050537109375e+01,-7.605664825439453125e+01,-7.803163146972656250e+01,-7.660323333740234375e+01,-7.523744201660156250e+01,-6.869241333007812500e+01,-6.252996444702148438e+01,-6.636659240722656250e+01,-6.854068756103515625e+01,-7.306452178955078125e+01,-7.501093292236328125e+01,-7.714676666259765625e+01,-7.821441650390625000e+01,-7.877089691162109375e+01,-7.893739318847656250e+01,-7.906175231933593750e+01,-7.915811920166015625e+01,-7.924004364013671875e+01,-7.893493652343750000e+01,-7.920683288574218750e+01,-7.891143798828125000e+01,-7.949909210205078125e+01,-7.816740417480468750e+01,-7.876699066162109375e+01,-7.905177307128906250e+01,-7.920527648925781250e+01
-7.998527526855468750e+01,-7.995450592041015625e+01,-7.989340209960937500e+01,-7.999720001220703125e+01,-7.999797058105468750e+01,-7.999340820312500000e+01,-7.998408508300781250e+01,-7.992446899414062500e+01,-7.992729949951171875e+01,-7.981207275390625000e+01,-7.973450469970703125e+01,-7.970285034179687500e+01,-7.969373321533203125e+01,-7.969508361816406250e+01,-7.966397857666015625e+01,-7.959460449218750000e+01,-7.955447387695312500e+01,-7.954907989501953125e+01,-7.957131958007812500e+01,-7.948249816894531250e+01,-7.950366210937500000e+01,-7.952175903320312500e+01,-7.962184143066406250e+01,-7.959579467773437500e+01,-7.967062377929687500e+01,-7.973072814941406250e+01,-7.980456542968750000e+01,-7.979023742675781250e+01,-7.984082031250000000e+01,-7.986259460449218750e+01,-7.987878417968750000e+01,-7.985453796386718750e+01,-7.982713317871093750e+01,-7.980909729003906250e+01,-7.969175720214843750e+01,-7.942263793945312500e+01,-7.903073120117187500e+01,-7.820236206054687500e+01,-7.637947845458984375e+01,-7.339259338378906250e+01,-6.869331359863281250e+01,-6.765179443359375000e+01,-6.105155563354492188e+01,-5.782712936401367188e+01,-4.093694686889648438e+01,-4.247430801391601562e+01,-3.850169754028320312e+01,-4.140027236938476562e+01,-3.502067947387695312e+01,-4.306904602050781250e+01,-4.848613739013671875e+01,-5.415684890747070312e+01,-5.368328094482421875e+01,-5.667768478393554688e+01,-5.862161254882812500e+01,-6.169854354858398438e+01,-6.186334228515625000e+01,-6.360282135009765625e+01,-6.408376312255859375e+01,-6.503932189941406250e+01,-6.474304199218750000e+01,-6.556039428710937500e+01,-6.517569732666015625e+01,-6.475976562500000000e+01,-6.457458496093750000e+01,-6.349091339111328125e+01,-6.370753479003906250e+01,-6.329830169677734375e+01,-6.273686218261718750e+01,-6.283747863769531250e+01,-6.259349822998046875e+01,-6.308526611328125000e+01,-6.311931228637695312e+01,-6.412419128417968750e+01,-6.463516235351562500e+01,-6.642845153808593750e+01,-6.574687194824218750e+01,-6.655368041992187500e+01,-6.641142272949218750e+01,-6.734142303466796875e+01,-6.897926330566406250e+01,-7.057919311523437500e+01,-7.240608978271484375e+01,-7.269137573242187500e+01,-7.582402038574218750e+01,-7.531753540039062500e+01,-7.781278991699218750e+01,-7.711477661132812500e+01,-7.888290405273437500e+01,-7.772515106201171875e+01,-7.684740447998046875e+01,-6.848423767089843750e+01,-6.425556182861328125e+01,-6.715686798095703125e+01,-7.075687408447265625e+01,-7.518270111083984375e+01,-7.762609100341796875e+01,-7.880030059814453125e+01,-7.934594726562500000e+01,-7.943658447265625000e+01,-7.961064147949218750e+01,-7.963086700439453125e+01,-7.964044189453125000e+01,-7.961291503906250000e+01,-7.966007995605468750e+01,-7.970468139648437500e+01,-7.969976043701171875e+01,-7.980453491210937500e+01,-7.886775207519531250e+01,-7.885240173339843750e+01,-7.930180358886718750e+01,-7.966233825683593750e+01
-7.999697875976562500e+01,-7.998339080810546875e+01,-7.912051391601562500e+01,-7.982160186767578125e+01,-7.997126770019531250e+01,-7.977163696289062500e+01,-7.856593322753906250e+01,-7.667268371582031250e+01,-7.890187835693359375e+01,-7.812331390380859375e+01,-7.825852203369140625e+01,-7.743742370605468750e+01,-7.826158905029296875e+01,-7.792600250244140625e+01,-7.808110809326171875e+01,-7.695336151123046875e+01,-7.776838684082031250e+01,-7.713876342773437500e+01,-7.811530303955078125e+01,-7.727883911132812500e+01,-7.824368286132812500e+01,-7.782211303710937500e+01,-7.864801788330078125e+01,-7.827474212646484375e+01,-7.904574584960937500e+01,-7.904995727539062500e+01,-7.940245056152343750e+01,-7.919012451171875000e+01,-7.949375152587890625e+01,-7.946089172363281250e+01,-7.965567016601562500e+01,-7.954088592529296875e+01,-7.967877197265625000e+01,-7.966188812255859375e+01,-7.961968994140625000e+01,-7.943295288085937500e+01,-7.920912170410156250e+01,-7.845836639404296875e+01,-7.667050170898437500e+01,-7.364163970947265625e+01,-6.997378540039062500e+01,-6.818545532226562500e+01,-6.530350494384765625e+01,-5.924700927734375000e+01,-4.726105499267578125e+01,-4.740992736816406250e+01,-4.525411987304687500e+01,-4.657106781005859375e+01,-4.192432403564453125e+01,-4.743549728393554688e+01,-5.237680816650390625e+01,-5.470887374877929688e+01,-5.566680526733398438e+01,-5.675105285644531250e+01,-5.920447921752929688e+01,-6.106335830688476562e+01,-6.196963500976562500e+01,-6.354959487915039062e+01,-6.389183425903320312e+01,-6.477546691894531250e+01,-6.435278320312500000e+01,-6.536997985839843750e+01,-6.498737335205078125e+01,-6.567286682128906250e+01,-6.579624938964843750e+01,-6.567420959472656250e+01,-6.541648864746093750e+01,-6.482548522949218750e+01,-6.423451232910156250e+01,-6.389095687866210938e+01,-6.402207946777343750e+01,-6.473417663574218750e+01,-6.533342742919921875e+01,-6.628115844726562500e+01,-6.745109558105468750e+01,-6.838980865478515625e+01,-6.840193176269531250e+01,-6.936882019042968750e+01,-6.972709655761718750e+01,-6.957094573974609375e+01,-7.064787292480468750e+01,-7.059301757812500000e+01,-7.299634552001953125e+01,-7.306224060058593750e+01,-7.557152557373046875e+01,-7.608697509765625000e+01,-7.832579040527343750e+01,-7.805752563476562500e+01,-7.930857849121093750e+01,-7.855999755859375000e+01,-7.750225830078125000e+01,-7.006042480468750000e+01,-6.313376617431640625e+01,-6.843386840820312500e+01,-7.039243316650390625e+01,-7.558468627929687500e+01,-7.652775573730468750e+01,-7.849886322021484375e+01,-7.903739929199218750e+01,-7.927830505371093750e+01,-7.943862915039062500e+01,-7.950812530517578125e+01,-7.941456604003906250e+01,-7.926081085205078125e+01,-7.913577270507812500e+01,-7.936805725097656250e+01,-7.921287536621093750e+01,-7.950897216796875000e+01,-7.806126403808593750e+01,-7.872782135009765625e+01,-7.949043273925781250e+01,-7.983633422851562500e+01
-7.996749877929687500e+01,-7.948097991943359375e+01,-7.999201965332031250e+01,-7.999664306640625000e+01,-7.998390960693359375e+01,-7.942427825927734375e+01,-7.912506103515625000e+01,-7.696112823486328125e+01,-7.914209747314453125e+01,-7.732078552246093750e+01,-7.755599212646484375e+01,-7.824370574951171875e+01,-7.820871734619140625e+01,-7.752973937988281250e+01,-7.600123596191406250e+01,-7.578536224365234375e+01,-7.643813323974609375e+01,-7.666229248046875000e+01,-7.704373168945312500e+01,-7.684313964843750000e+01,-7.749478912353515625e+01,-7.773969268798828125e+01,-7.831243896484375000e+01,-7.840979003906250000e+01,-7.887631225585937500e+01,-7.906861877441406250e+01,-7.946564483642578125e+01,-7.944142150878906250e+01,-7.966198730468750000e+01,-7.971046447753906250e+01,-7.982096099853515625e+01,-7.981719970703125000e+01,-7.985941314697265625e+01,-7.982499694824218750e+01,-7.978840637207031250e+01,-7.955538177490234375e+01,-7.921055603027343750e+01,-7.825080108642578125e+01,-7.707000732421875000e+01,-7.617655181884765625e+01,-7.383743286132812500e+01,-7.354994201660156250e+01,-6.916591644287109375e+01,-6.442546844482421875e+01,-5.205361557006835938e+01,-5.020027160644531250e+01,-4.802290344238281250e+01,-4.679262161254882812e+01,-3.752170181274414062e+01,-4.180436325073242188e+01,-4.547587203979492188e+01,-4.934580993652343750e+01,-5.122332382202148438e+01,-5.331212615966796875e+01,-5.778792190551757812e+01,-6.012488937377929688e+01,-6.176490402221679688e+01,-6.309290695190429688e+01,-6.418518066406250000e+01,-6.436499786376953125e+01,-6.440745544433593750e+01,-6.514377593994140625e+01,-6.632662963867187500e+01,-6.616094970703125000e+01,-6.760595703125000000e+01,-6.692781066894531250e+01,-6.824903869628906250e+01,-6.632234954833984375e+01,-6.764532470703125000e+01,-6.556871795654296875e+01,-6.782261657714843750e+01,-6.556446075439453125e+01,-6.848023986816406250e+01,-6.695567321777343750e+01,-6.948908996582031250e+01,-6.794348144531250000e+01,-6.831428527832031250e+01,-6.900440979003906250e+01,-6.889807891845703125e+01,-6.919236755371093750e+01,-6.962312316894531250e+01,-7.053642272949218750e+01,-7.238558959960937500e+01,-7.275993347167968750e+01,-7.461648559570312500e+01,-7.499172973632812500e+01,-7.678970336914062500e+01,-7.648508453369140625e+01,-7.804041290283203125e+01,-7.749899291992187500e+01,-7.539419555664062500e+01,-7.110729217529296875e+01,-6.380493545532226562e+01,-6.887458801269531250e+01,-6.965920257568359375e+01,-7.448710632324218750e+01,-7.630810546875000000e+01,-7.813737487792968750e+01,-7.845305633544921875e+01,-7.883032226562500000e+01,-7.887174987792968750e+01,-7.876931762695312500e+01,-7.837061309814453125e+01,-7.844775390625000000e+01,-7.810696411132812500e+01,-7.868972778320312500e+01,-7.849230957031250000e+01,-7.905049133300781250e+01,-7.619503021240234375e+01,-7.880540466308593750e+01,-7.963501739501953125e+01,-7.939061737060546875e+01
-7.835520935058593750e+01,-7.998035430908203125e+01,-7.987995910644531250e+01,-7.992985534667968750e+01,-7.988624572753906250e+01,-7.996554565429687500e+01,-7.929010772705078125e+01,-7.823475646972656250e+01,-7.798141479492187500e+01,-7.741739654541015625e+01,-7.749014282226562500e+01,-7.827856445312500000e+01,-7.818663024902343750e+01,-7.846978759765625000e+01,-7.834613037109375000e+01,-7.862686157226562500e+01,-7.846018218994140625e+01,-7.869386291503906250e+01,-7.860938262939453125e+01,-7.888910675048828125e+01,-7.904841613769531250e+01,-7.932641601562500000e+01,-7.928409576416015625e+01,-7.936712646484375000e+01,-7.945071411132812500e+01,-7.967842102050781250e+01,-7.970611572265625000e+01,-7.974450683593750000e+01,-7.976007080078125000e+01,-7.986143493652343750e+01,-7.985105895996093750e+01,-7.986611175537109375e+01,-7.979820251464843750e+01,-7.986093139648437500e+01,-7.976646423339843750e+01,-7.978273773193359375e+01,-7.956111145019531250e+01,-7.959625244140625000e+01,-7.898474884033203125e+01,-7.849917602539062500e+01,-7.615638732910156250e+01,-7.530365753173828125e+01,-7.032752990722656250e+01,-6.505287933349609375e+01,-4.653981781005859375e+01,-4.830125427246093750e+01,-4.600443267822265625e+01,-4.934936523437500000e+01,-4.129698181152343750e+01,-4.612482833862304688e+01,-4.804824829101562500e+01,-5.139710617065429688e+01,-4.852422332763671875e+01,-4.963582992553710938e+01,-5.198370361328125000e+01,-5.595858764648437500e+01,-5.659914779663085938e+01,-6.060464859008789062e+01,-6.199191284179687500e+01,-6.521926879882812500e+01,-6.555677795410156250e+01,-6.805828857421875000e+01,-6.895532226562500000e+01,-7.039779663085937500e+01,-7.087584686279296875e+01,-7.116100311279296875e+01,-7.118711853027343750e+01,-7.038334655761718750e+01,-6.980523681640625000e+01,-6.876876831054687500e+01,-6.893154144287109375e+01,-6.704484558105468750e+01,-6.814179229736328125e+01,-6.686814117431640625e+01,-6.915565490722656250e+01,-6.844454193115234375e+01,-7.012977600097656250e+01,-7.028720855712890625e+01,-7.150654602050781250e+01,-6.998823547363281250e+01,-7.215176391601562500e+01,-7.113362121582031250e+01,-7.333620452880859375e+01,-7.134574890136718750e+01,-7.383212280273437500e+01,-7.319760131835937500e+01,-7.593432617187500000e+01,-7.524362182617187500e+01,-7.704052734375000000e+01,-7.708674621582031250e+01,-7.521865844726562500e+01,-7.239382171630859375e+01,-6.389328002929687500e+01,-6.920680999755859375e+01,-7.068101501464843750e+01,-7.480872344970703125e+01,-7.578373718261718750e+01,-7.697291564941406250e+01,-7.748297119140625000e+01,-7.785797119140625000e+01,-7.821960449218750000e+01,-7.816640472412109375e+01,-7.811193847656250000e+01,-7.848512268066406250e+01,-7.855227661132812500e+01,-7.853155517578125000e+01,-7.693072509765625000e+01,-7.923682403564453125e+01,-7.729989624023437500e+01,-7.815778350830078125e+01,-7.887591552734375000e+01,-7.945848083496093750e+01
-7.996292114257812500e+01,-7.607798767089843750e+01,-7.984040069580078125e+01,-7.999436187744140625e+01,-7.996589660644531250e+01,-7.969062805175781250e+01,-7.954234313964843750e+01,-7.749497985839843750e+01,-7.864646911621093750e+01,-7.743370056152343750e+01,-7.749569702148437500e+01,-7.853009033203125000e+01,-7.882788085937500000e+01,-7.903439331054687500e+01,-7.853685760498046875e+01,-7.831227111816406250e+01,-7.832974243164062500e+01,-7.867295074462890625e+01,-7.883560180664062500e+01,-7.896821594238281250e+01,-7.922274017333984375e+01,-7.942485046386718750e+01,-7.950683593750000000e+01,-7.957259368896484375e+01,-7.967430114746093750e+01,-7.978922271728515625e+01,-7.983375549316406250e+01,-7.985858154296875000e+01,-7.988974761962890625e+01,-7.992499542236328125e+01,-7.993653869628906250e+01,-7.993321228027343750e+01,-7.994763183593750000e+01,-7.993981933593750000e+01,-7.991767883300781250e+01,-7.985231018066406250e+01,-7.973809814453125000e+01,-7.953993225097656250e+01,-7.916226196289062500e+01,-7.878773498535156250e+01,-7.734725189208984375e+01,-7.611913299560546875e+01,-7.196539306640625000e+01,-6.794150543212890625e+01,-5.522155761718750000e+01,-5.420287322998046875e+01,-5.114302825927734375e+01,-5.245471191406250000e+01,-4.616925048828125000e+01,-4.983773803710937500e+01,-5.173392486572265625e+01,-5.402837371826171875e+01,-5.491050720214843750e+01,-5.521382904052734375e+01,-5.828775024414062500e+01,-5.945882415771484375e+01,-6.185684204101562500e+01,-6.291852188110351562e+01,-6.537432861328125000e+01,-6.562216949462890625e+01,-6.715256500244140625e+01,-6.758517456054687500e+01,-6.918876647949218750e+01,-6.887061309814453125e+01,-7.026088714599609375e+01,-6.945564270019531250e+01,-7.090457153320312500e+01,-6.928883361816406250e+01,-7.039820861816406250e+01,-6.867349243164062500e+01,-6.981288909912109375e+01,-6.720234680175781250e+01,-6.865587615966796875e+01,-6.679610443115234375e+01,-6.893399047851562500e+01,-6.630375671386718750e+01,-6.853721618652343750e+01,-6.759233093261718750e+01,-6.973864746093750000e+01,-6.790940093994140625e+01,-7.090312194824218750e+01,-6.999006652832031250e+01,-7.321762847900390625e+01,-7.158455657958984375e+01,-7.530619812011718750e+01,-7.494171142578125000e+01,-7.754302978515625000e+01,-7.690815734863281250e+01,-7.833840179443359375e+01,-7.748771667480468750e+01,-7.572256469726562500e+01,-7.134777832031250000e+01,-6.639301300048828125e+01,-6.929314422607421875e+01,-6.986072540283203125e+01,-7.404616546630859375e+01,-7.449960327148437500e+01,-7.657424926757812500e+01,-7.709161376953125000e+01,-7.774592590332031250e+01,-7.850425720214843750e+01,-7.861205291748046875e+01,-7.842283630371093750e+01,-7.889379119873046875e+01,-7.867819213867187500e+01,-7.881136322021484375e+01,-7.861145019531250000e+01,-7.915834045410156250e+01,-7.802515411376953125e+01,-7.894079589843750000e+01,-7.957330322265625000e+01,-7.916821289062500000e+01
-7.999163818359375000e+01,-7.999936676025390625e+01,-7.998709106445312500e+01,-7.999783325195312500e+01,-7.989398193359375000e+01,-7.997286987304687500e+01,-7.996302032470703125e+01,-7.987340545654296875e+01,-7.983595275878906250e+01,-7.940663909912109375e+01,-7.934233093261718750e+01,-7.949333953857421875e+01,-7.938755798339843750e+01,-7.923278808593750000e+01,-7.893704986572265625e+01,-7.896959686279296875e+01,-7.901798248291015625e+01,-7.923455047607421875e+01,-7.920310974121093750e+01,-7.926361083984375000e+01,-7.953221893310546875e+01,-7.965357971191406250e+01,-7.969964599609375000e+01,-7.967681884765625000e+01,-7.975788116455078125e+01,-7.983849334716796875e+01,-7.984628295898437500e+01,-7.984397125244140625e+01,-7.987046813964843750e+01,-7.992451477050781250e+01,-7.992065429687500000e+01,-7.991484832763671875e+01,-7.989827728271484375e+01,-7.992264556884765625e+01,-7.983199310302734375e+01,-7.979827880859375000e+01,-7.959115600585937500e+01,-7.955564117431640625e+01,-7.906733703613281250e+01,-7.859358215332031250e+01,-7.718108367919921875e+01,-7.592862701416015625e+01,-7.158595275878906250e+01,-6.759521484375000000e+01,-5.393628692626953125e+01,-5.300063705444335938e+01,-4.906430435180664062e+01,-5.139336395263671875e+01,-4.589580535888671875e+01,-4.879007720947265625e+01,-5.179679107666015625e+01,-5.439281845092773438e+01,-5.452989196777343750e+01,-5.417449188232421875e+01,-5.721019363403320312e+01,-5.849252319335937500e+01,-6.070281219482421875e+01,-6.253944396972656250e+01,-6.475469207763671875e+01,-6.585294342041015625e+01,-6.723265075683593750e+01,-6.847624969482421875e+01,-6.927610778808593750e+01,-7.007449340820312500e+01,-7.081738281250000000e+01,-7.127256774902343750e+01,-7.138313293457031250e+01,-7.124301910400390625e+01,-7.085478210449218750e+01,-7.057418823242187500e+01,-6.951986694335937500e+01,-6.820761871337890625e+01,-6.807283020019531250e+01,-6.755512237548828125e+01,-6.820055389404296875e+01,-6.740482330322265625e+01,-6.947093963623046875e+01,-7.033442687988281250e+01,-7.146835327148437500e+01,-6.993583679199218750e+01,-7.144590759277343750e+01,-7.028118133544921875e+01,-7.195128631591796875e+01,-7.056581878662109375e+01,-7.325022125244140625e+01,-7.374584960937500000e+01,-7.675094604492187500e+01,-7.604218292236328125e+01,-7.842958068847656250e+01,-7.770956420898437500e+01,-7.733523559570312500e+01,-7.335205078125000000e+01,-6.997482299804687500e+01,-7.153395080566406250e+01,-7.345740509033203125e+01,-7.569367980957031250e+01,-7.735533142089843750e+01,-7.821170043945312500e+01,-7.886801910400390625e+01,-7.916902160644531250e+01,-7.942459106445312500e+01,-7.942863464355468750e+01,-7.930712890625000000e+01,-7.946152496337890625e+01,-7.908295440673828125e+01,-7.885798645019531250e+01,-7.880009460449218750e+01,-7.951785278320312500e+01,-7.745988464355468750e+01,-7.937295532226562500e+01,-7.987992858886718750e+01,-7.988577270507812500e+01
-7.993963623046875000e+01,-7.888597106933593750e+01,-6.509864807128906250e+01,-7.980877685546875000e+01,-7.948011016845703125e+01,-7.843659973144531250e+01,-7.861079406738281250e+01,-7.493745422363281250e+01,-7.879173278808593750e+01,-7.711885833740234375e+01,-7.695576477050781250e+01,-7.797981262207031250e+01,-7.802795410156250000e+01,-7.861136627197265625e+01,-7.795152282714843750e+01,-7.781990051269531250e+01,-7.804177093505859375e+01,-7.879989624023437500e+01,-7.889243316650390625e+01,-7.904507446289062500e+01,-7.917404174804687500e+01,-7.952610778808593750e+01,-7.956024169921875000e+01,-7.966979217529296875e+01,-7.971475219726562500e+01,-7.984513854980468750e+01,-7.986483001708984375e+01,-7.988817596435546875e+01,-7.989323425292968750e+01,-7.994583129882812500e+01,-7.993542480468750000e+01,-7.994666290283203125e+01,-7.993830871582031250e+01,-7.996041870117187500e+01,-7.992949676513671875e+01,-7.993464660644531250e+01,-7.986073303222656250e+01,-7.983354187011718750e+01,-7.955253601074218750e+01,-7.932913208007812500e+01,-7.805091094970703125e+01,-7.710499572753906250e+01,-7.220740509033203125e+01,-6.853103637695312500e+01,-5.253176116943359375e+01,-5.218554687500000000e+01,-4.668560028076171875e+01,-4.978089523315429688e+01,-4.562529754638671875e+01,-5.117747497558593750e+01,-5.385683441162109375e+01,-5.848970031738281250e+01,-5.786082458496093750e+01,-5.924630355834960938e+01,-6.041362380981445312e+01,-6.180114746093750000e+01,-6.202394104003906250e+01,-6.345101165771484375e+01,-6.540261077880859375e+01,-6.589801025390625000e+01,-6.727661895751953125e+01,-6.763084411621093750e+01,-6.896068572998046875e+01,-6.861465454101562500e+01,-6.971580505371093750e+01,-6.854420471191406250e+01,-6.984846496582031250e+01,-6.810658264160156250e+01,-6.857565307617187500e+01,-6.686149597167968750e+01,-6.796636199951171875e+01,-6.511905670166015625e+01,-6.680089569091796875e+01,-6.429323577880859375e+01,-6.720925903320312500e+01,-6.478637695312500000e+01,-6.732035827636718750e+01,-6.757054138183593750e+01,-7.007492065429687500e+01,-6.968994903564453125e+01,-7.121247863769531250e+01,-7.251706695556640625e+01,-7.397925567626953125e+01,-7.390885925292968750e+01,-7.626739501953125000e+01,-7.642384338378906250e+01,-7.860295104980468750e+01,-7.826524353027343750e+01,-7.927703857421875000e+01,-7.885997009277343750e+01,-7.802087402343750000e+01,-7.521630859375000000e+01,-7.109738159179687500e+01,-7.338359069824218750e+01,-7.378447723388671875e+01,-7.656359863281250000e+01,-7.762089538574218750e+01,-7.871478271484375000e+01,-7.898498535156250000e+01,-7.907345581054687500e+01,-7.927867126464843750e+01,-7.928498840332031250e+01,-7.885977172851562500e+01,-7.880845642089843750e+01,-7.894775390625000000e+01,-7.909573364257812500e+01,-7.898341369628906250e+01,-7.950779724121093750e+01,-7.882954406738281250e+01,-7.958320617675781250e+01,-7.986190795898437500e+01,-7.984073638916015625e+01
-7.960504150390625000e+01,-7.318473815917968750e+01,-7.944799041748046875e+01,-7.782836914062500000e+01,-7.989498901367187500e+01,-7.793295288085937500e+01,-7.912438964843750000e+01,-7.842167663574218750e+01,-7.941271209716796875e+01,-7.820559692382812500e+01,-7.784435272216796875e+01,-7.727928161621093750e+01,-7.711408996582031250e+01,-7.571553039550781250e+01,-7.461845397949218750e+01,-7.461550903320312500e+01,-7.494131469726562500e+01,-7.562324523925781250e+01,-7.649757385253906250e+01,-7.688616180419921875e+01,-7.734053039550781250e+01,-7.776455688476562500e+01,-7.804095458984375000e+01,-7.837727355957031250e+01,-7.860021972656250000e+01,-7.894881439208984375e+01,-7.896839904785156250e+01,-7.909920501708984375e+01,-7.913209533691406250e+01,-7.939848327636718750e+01,-7.926023864746093750e+01,-7.939852905273437500e+01,-7.928417968750000000e+01,-7.945285034179687500e+01,-7.926695251464843750e+01,-7.927557373046875000e+01,-7.908975982666015625e+01,-7.908743286132812500e+01,-7.891357421875000000e+01,-7.890712738037109375e+01,-7.816915130615234375e+01,-7.782101440429687500e+01,-7.603898620605468750e+01,-7.440518188476562500e+01,-6.212943267822265625e+01,-6.066390609741210938e+01,-5.710921478271484375e+01,-5.977557373046875000e+01,-5.257803344726562500e+01,-5.457712936401367188e+01,-5.558947753906250000e+01,-5.832170104980468750e+01,-5.590653991699218750e+01,-5.618093490600585938e+01,-5.868941497802734375e+01,-6.282080841064453125e+01,-6.547800445556640625e+01,-6.883917999267578125e+01,-7.136146545410156250e+01,-7.419601440429687500e+01,-7.578410339355468750e+01,-7.679411315917968750e+01,-7.741563415527343750e+01,-7.785300445556640625e+01,-7.812553405761718750e+01,-7.807868194580078125e+01,-7.815470886230468750e+01,-7.804137420654296875e+01,-7.792975616455078125e+01,-7.776702880859375000e+01,-7.762797546386718750e+01,-7.780780029296875000e+01,-7.765742492675781250e+01,-7.765184020996093750e+01,-7.742951965332031250e+01,-7.712390136718750000e+01,-7.632119750976562500e+01,-7.620002746582031250e+01,-7.481626892089843750e+01,-7.446260833740234375e+01,-7.293533325195312500e+01,-7.282331848144531250e+01,-7.162802124023437500e+01,-7.082405090332031250e+01,-7.098946380615234375e+01,-7.192536163330078125e+01,-7.424469757080078125e+01,-7.432151794433593750e+01,-7.653914642333984375e+01,-7.559906005859375000e+01,-7.246835327148437500e+01,-7.041072082519531250e+01,-6.055274200439453125e+01,-6.944265747070312500e+01,-6.510444641113281250e+01,-7.136756896972656250e+01,-6.941535949707031250e+01,-7.182459259033203125e+01,-7.021257781982421875e+01,-7.265025329589843750e+01,-7.083646392822265625e+01,-7.136367797851562500e+01,-6.781161499023437500e+01,-6.927947998046875000e+01,-6.752165222167968750e+01,-6.925543212890625000e+01,-6.913821411132812500e+01,-7.624749755859375000e+01,-6.994332885742187500e+01,-7.832865142822265625e+01,-7.956866455078125000e+01,-7.882485198974609375e+01
